1922	06	17	NZ	AU	3	1	F		15	1515	1585	−	−	35	30
1922	06	24	NZ	AU	1	1	F		-1	1514	1586	0	0	35	30
1922	07	08	NZ	AU	3	1	F		14	1528	1572	+1	−1	34	31
1923	06	09	AU	NZ	2	1	F		6	1578	1522	+1	0	32	35
1923	06	16	AU	NZ	2	3	F		-14	1564	1536	−1	0	34	35
1923	06	30	AU	NZ	1	4	ASH		-36	1528	1572	−2	+2	35	33
1923	08	18	AU	CN	5	1	F		18	1546	1597	0	−3	35	28
1923	08	25	AU	CN	4	3	F		9	1555	1588	0	0	35	28
1923	09	15	AU	CN	5	0	F		16	1571	1572	0	−5	35	33
1923	09	22	AU	CN	1	3	F		-19	1552	1591	0	+5	35	28
1923	09	29	AU	CN	2	0	F		12	1564	1579	0	−3	35	31
1923	10	06	AU	CN	2	2	F		-2	1562	1581	0	0	35	30
1924	06	07	AU	CA	3	2	F		8	1570	1592	+2	−	33	28
1924	06	14	AU	CA	0	1	F		-12	1558	1604	−2	−1	35	29
1924	06	23	AU	CA	4	1	F		15	1573	1589	+3	−1	31	29
1924	06	28	AU	CA	0	0	F		-2	1571	1591	−1	0	32	29
1924	07	12	AU	CA	1	4	F		-21	1550	1612	−4	+3	36	26
1924	07	26	AU	CA	1	0	F		9	1559	1603	+1	−2	35	28
1925	06	27	AU	EN	1	5	F		-7	1552	1910	−1	0	35	5
1925	07	04	AU	EN	1	2	F		-4	1548	1914	−1	0	36	5
1925	07	11	AU	EN	2	8	F		-8	1540	1922	−1	0	37	5
1925	07	18	AU	EN	0	5	F		-7	1533	1929	0	0	37	5
1925	07	25	AU	EN	0	2	F		-5	1528	1934	0	0	37	5
1927	07	09	AU	CN	6	1	F		19	1547	1590	0	−3	38	29
1927	07	16	AU	CN	7	4	F		15	1562	1575	+1	−1	37	30
1927	07	23	AU	CN	1	1	F		-2	1560	1577	+1	+1	36	29
1928	08	19	DI	AU	2	1	F		9	1509	1551	−	−2	41	38
1933	06	05	AU	NZ	4	2	ASH		16	1567	1530	+1	−1	39	42
1933	06	17	AU	NZ	6	4	ASH		14	1581	1516	+2	0	37	42
1933	06	24	AU	NZ	4	2	ASH		13	1594	1503	+3	−1	34	43
1933	08	15	NC	AU	1	2	F		-10	1490	1604	−	+1	49	33
1933	08	20	NC	AU	2	4	F		-14	1476	1618	−3	+1	52	32
1933	08	27	NC	AU	3	7	F		-16	1460	1634	−1	+2	53	30
1933	09	09	NC	AU	0	5	F		-16	1444	1650	−2	+2	55	28
1936	07	04	NZ	AU	1	7	ASH		-28	1475	1678	−2	+5	52	22
1936	07	11	NZ	AU	0	10	ASH		-28	1447	1706	−3	+2	55	20
1936	07	18	NZ	AU	1	4	ASH		-15	1432	1721	−2	+1	57	19
1938	09	03	AU	IN	5	3	F		9	1730	1651	+2	−1	16	29
1938	09	10	AU	IN	4	4	F		-5	1725	1656	0	0	17	29
1938	09	17	AU	IN	1	4	F		-25	1700	1681	−2	+6	19	23
1938	09	24	AU	IN	5	4	F		7	1707	1674	+1	−2	18	25
1938	10	01	AU	IN	3	1	F		10	1717	1664	+1	−4	17	29
1947	05	10	AU	ZA	1	2	F		-14	1703	1668	−3	+2	21	32
1947	05	24	AU	ZA	2	4	F		-21	1682	1689	−4	+8	25	23
1947	05	31	AU	ZA	3	3	F		-3	1679	1692	−1	+1	26	22
1947	06	07	AU	ZA	5	1	F		14	1693	1678	+4	−4	22	26
1947	06	14	AU	ZA	1	2	F		-13	1680	1691	−4	+3	26	23
1948	08	14	NZ	AU	0	6	ASH		-16	1380	1696	−5	+2	75	26
1948	08	28	NZ	AU	0	7	ASH		-15	1365	1711	−2	+3	77	23
1948	09	04	NZ	AU	0	4	ASH		-11	1354	1722	−1	+1	78	21
1948	09	11	NZ	AU	1	8	ASH		-12	1342	1734	0	+1	78	20
1950	06	14	ZD	AU	0	5	F		-13	1487	1747	−1	+2	60	16
1950	06	17	ZD	AU	1	4	F		-10	1477	1757	−2	+1	62	15
1950	06	24	ZA	AU	3	2	F		8	1739	1749	+2	−1	18	16
1950	07	01	ZA	AU	2	1	F		7	1746	1742	+2	−1	16	17
1950	07	08	ZA	AU	1	2	F		-13	1733	1755	−3	+2	19	15
1950	07	23	ZA	AU	0	2	F		-18	1715	1773	−3	+1	22	14
1954	08	14	AU	NZ	1	2	ASH		-28	1745	1484	−2	+6	17	69
1954	08	28	AU	NZ	4	1	ASH		6	1751	1478	+1	−2	16	71
1954	09	04	AU	NZ	4	1	ASH		5	1756	1473	+1	−1	15	72
1955	09	03	AU	ZA	0	3	F		-25	1731	1728	−5	+3	21	22
1955	09	10	AU	ZA	0	2	F		-19	1712	1747	−4	+4	25	18
1955	09	17	AU	ZA	0	8	F		-28	1684	1775	−2	+2	27	16
1955	09	24	AU	ZA	0	6	F		-22	1662	1797	−4	+2	31	14
1955	10	01	AU	ZA	1	4	F		-16	1646	1813	−3	+1	34	13
1956	11	15	AU	SU	1	15	F		-26	1620	1834	−4	+2	42	12
1956	11	20	AU	IN	3	1	F		7	1627	1510	+1	−1	41	65
1956	11	23	AU	YU	1	5	F		-11	1616	1902	−3	0	44	8
1956	11	25	AU	IN	3	4	F		-15	1601	1525	−2	+2	46	63
1956	11	27	AU	JP	2	0	OG		11	1612	1349	+2	−2	44	96
1956	12	01	AU	IN	2	4	OG		-67	1545	1592	−14	+16	58	47
1956	12	12	AU	IN	1	7	F		-29	1516	1549	−7	+7	64	57
1958	08	16	NZ	AU	2	3	F		-12	1461	1528	−3	0	77	60
1958	08	23	NZ	AU	2	2	F		-1	1460	1529	0	0	77	60
1965	11	21	KP	AU	6	1	WQ	KH	18	1766	1511	+4	−5	24	66
1965	11	24	KP	AU	3	1	WQ	KH	11	1777	1500	+3	−2	21	68
1965	11	26	KH	AU	0	0	F		8	1056	1492	+1	−1	149	69
1965	11	29	HK	AU	1	0	FT		16	1374	1476	+4	−8	98	77
1965	12	07	MY	AU	0	1	F		-8	1295	1484	0	+4	116	73
1965	12	08	MY	AU	0	3	F		-13	1282	1497	−5	+5	121	68
1967	05	28	AU	SQ	0	1	F		-4	1493	1846	−1	0	67	13
1967	05	31	AU	SQ	1	2	F		-4	1489	1850	−1	+1	68	12
1967	06	03	AU	SQ	0	2	F		-5	1484	1855	−2	0	70	12
1967	11	05	AU	NZ	5	3	VIC	RV	26	1510	1510	+4	−4	66	66
1967	11	07	RV	AU	0	1	VIC		-16	1425	1526	−7	+4	89	62
1967	11	11	AU	SG	5	1	VIC	RV	9	1535	1228	0	−1	62	127
1967	11	12	AU	MY	1	0	VIC	RV	6	1541	1292	0	−1	62	116
1967	11	14	AU	KR	3	2	VIC	RV	19	1560	1610	+5	−6	57	46
1967	11	17	ID	AU	0	2	F		-14	1418	1574	−3	+1	90	56
1967	11	21	SG	AU	1	6	F		-8	1220	1582	−2	+2	129	55
1967	11	26	MY	AU	0	4	F		-8	1257	1590	0	+2	123	54
1968	03	30	AU	JP	2	2	F		-2	1588	1606	0	+1	52	48
1968	03	31	AU	JP	3	1	F		12	1600	1594	+3	−4	49	52
1968	04	04	AU	JP	1	3	F		-19	1581	1613	−6	+7	55	44
1969	07	20	AU	GR	1	0	F		10	1591	1663	+4	−1	49	36
1969	07	23	AU	GR	2	2	F		-1	1590	1664	0	0	49	36
1969	07	27	AU	GR	0	2	F		-16	1574	1680	−5	+2	54	34
1969	10	10	AU	JP	3	1	WQ	KR	37	1611	1615	+5	−8	49	47
1969	10	14	KR	AU	1	2	WQ		-23	1543	1634	−5	+6	61	43
1969	10	16	AU	JP	1	1	WQ	KR	-1	1633	1619	0	0	43	48
1969	10	20	KR	AU	1	1	WQ		-2	1569	1635	0	0	56	43
1969	11	23	AU	RH	1	1	WQ	MZ	-11	1624	1437	−1	+3	44	84
1969	11	27	AU	RH	0	0	WQ	MZ	-10	1614	1447	−2	+3	46	81
1969	11	29	AU	RH	3	1	WQ	MZ	17	1631	1430	+3	−5	43	86
1969	12	04	IL	AU	1	0	WQ		13	1678	1618	0	−2	35	45
1969	12	14	AU	IL	1	1	WQ		-2	1616	1680	−1	0	46	34
1970	04	26	RV	AU	0	1	FRC		-8	1337	1624	0	+2	105	45
1970	10	23	NC	AU	1	3	F		-15	1517	1639	−3	+4	66	40
1970	10	25	NC	AU	0	1	F		-9	1508	1648	−2	+1	68	39
1970	10	30	MO	AU	0	9	F		-3	1094	1651	0	0	151	39
1970	11	10	IL	AU	0	1	F		-14	1682	1665	0	+2	37	38
1970	11	17	GR	AU	1	3	F		-21	1678	1686	−6	+3	38	35
1970	12	01	MX	AU	3	0	F		11	1732	1675	+1	−2	28	37
1971	11	11	AU	IL	2	2	F		-2	1673	1696	0	0	39	34
1971	11	14	AU	IL	1	0	F		8	1681	1688	0	−3	39	37
1971	11	21	AU	IL	1	3	F		-19	1662	1707	0	+4	39	33
1972	10	07	ID	AU	1	4	F		-15	1489	1677	−1	+1	65	35
1972	10	09	AU	NZ	3	1	F	ID	7	1684	1456	+1	0	34	71
1972	10	15	RV	AU	0	1	F		-4	1346	1688	−1	0	108	34
1972	10	22	KR	AU	1	1	F		0	1599	1688	0	0	50	33
1972	10	24	KR	AU	0	2	F		-15	1584	1703	−1	+1	51	32
1972	10	29	PH	AU	0	6	F		-2	1028	1705	0	0	158	31
1973	02	14	AU	BG	2	2	F		1	1706	1828	+1	+1	29	15
1973	02	16	AU	BG	1	3	F		-14	1692	1842	−4	+1	33	14
1973	02	18	AU	BG	0	2	F		-13	1679	1855	−2	0	35	14
1973	03	04	NZ	AU	1	1	WQ		4	1506	1675	0	0	63	35
1973	03	11	AU	IQ	3	1	WQ		13	1688	1539	+1	0	34	59
1973	03	13	AU	ID	2	1	WQ		4	1692	1401	+1	−2	33	91
1973	03	16	AU	NZ	3	3	WQ		-15	1677	1488	−2	+3	35	64
1973	03	18	AU	IQ	0	0	WQ		-11	1666	1568	−1	+3	36	55
1973	03	24	AU	ID	6	0	WQ		10	1676	1411	+1	−1	35	89
1973	08	18	AU	IR	3	0	WQ		18	1694	1569	+2	−1	31	54
1973	08	24	IR	AU	2	0	WQ		32	1601	1662	+7	−2	47	34
1973	10	28	AU	KR	0	0	WQ		-9	1653	1607	0	+2	36	46
1973	11	10	KR	AU	2	2	WQ		-3	1604	1656	−1	+1	47	35
1973	11	13	AU	KR	1	0	WQ	HK	17	1673	1587	+2	−5	33	51
1974	04	25	AU	UY	0	0	F		0	1673	1767	0	0	34	26
1974	04	27	AU	UY	2	0	F		15	1688	1752	+2	−1	32	27
1974	05	21	ID	AU	1	2	F		-6	1418	1694	0	+1	89	31
1974	05	28	IL	AU	2	1	F		7	1714	1687	0	−1	29	32
1974	06	14	DD	AU	2	0	WC	WG	17	1956	1670	+1	−1	6	33
1974	06	18	WG	AU	3	0	WC		4	2121	1666	0	0	1	33
1974	06	22	AU	CL	0	0	WC	WG	10	1676	1776	0	−1	33	22
1975	08	06	AU	CN	1	0	F		5	1681	1560	+1	−1	33	54
1976	02	05	AU	PG	6	1	F		1	1682	1065	0	0	32	157
1976	02	29	NZ	AU	0	1	F		-6	1444	1688	−1	0	81	32
1976	03	02	AU	NZ	3	1	F		4	1692	1440	0	−2	32	83
1976	08	11	AU	HK	0	1	F		-18	1674	1385	−1	+3	34	97
1976	08	18	AU	HK	2	0	F		3	1677	1382	0	−1	34	98
1976	10	20	ID	AU	1	1	F		7	1277	1670	+1	−2	118	36
1976	10	22	SG	AU	0	1	F		-2	1194	1672	0	+1	136	35
1976	10	24	HK	AU	0	2	F		-8	1374	1680	−2	+2	99	33
1976	11	03	IL	AU	1	1	F		-5	1753	1685	0	0	24	34
1977	02	12	AU	IL	1	1	F		-2	1683	1726	−1	0	36	28
1977	02	16	AU	IL	1	1	F		-2	1681	1728	0	+1	35	27
1977	03	13	AU	TW	3	0	WQ	FJ	4	1685	1172	0	−1	34	138
1977	03	16	AU	TW	2	1	WQ	FJ	2	1687	1170	+1	0	33	138
1977	03	19	FJ	AU	1	0	F		19	1088	1668	0	−2	154	35
1977	03	27	AU	NZ	3	1	WQ		11	1679	1496	0	0	35	65
1977	03	30	NZ	AU	1	1	WQ		5	1501	1674	0	0	65	35
1977	07	10	AU	HK	3	0	WQ		7	1681	1395	+1	−2	34	94
1977	08	14	AU	IR	0	1	WQ		-22	1659	1765	−3	+2	38	23
1977	08	27	AU	KR	2	1	WQ		17	1676	1684	+2	−4	36	33
1977	10	16	AU	KW	1	2	WQ		-25	1651	1703	−2	+4	39	32
1977	10	23	KR	AU	0	0	WQ		-9	1702	1660	−1	+2	31	37
1977	10	30	HK	AU	2	5	WQ		-20	1382	1680	−6	+1	97	36
1977	11	13	SG	AU	0	2	F		-2	1155	1682	−1	0	139	36
1977	11	19	KW	AU	1	0	WQ		14	1708	1668	+1	−2	32	38
1977	11	25	IR	AU	1	0	WQ		9	1780	1659	0	0	22	38
1978	06	11	AU	GR	1	2	F		-14	1645	1619	−2	+3	41	43
1978	06	14	AU	GR	0	1	F		-13	1632	1632	−1	+1	42	42
1978	06	18	AU	GR	1	1	F		-3	1629	1635	−1	0	43	42
1979	06	13	NZ	AU	1	0	F		11	1519	1618	0	−1	64	46
1979	11	27	TW	AU	0	2	F		-3	1154	1621	0	+1	142	46
1980	01	27	AU	CS	0	4	F		-9	1612	1922	−2	0	47	10
1980	02	03	AU	CS	0	5	F		-9	1603	1931	0	+1	47	9
1980	02	09	AU	CS	2	2	F		6	1609	1925	0	0	47	9
1980	02	24	NC	AU	0	8	OC		-38	1340	1647	−5	+4	102	43
1980	02	26	AU	PG	11	2	OC	NC	4	1651	1057	0	−1	43	155
1980	02	28	AU	NH	1	0	OC	NC	2	1653	1084	+1	0	42	152
1980	03	01	AU	TI	4	2	OC	NC	29	1682	1545	+7	−10	35	64
1980	05	31	AU	EN	1	2	F		-4	1678	2036	−1	0	34	3
1980	06	11	AU	EI	1	2	F		-10	1668	1799	−3	0	37	19
1980	06	15	AU	EI	1	1	F		1	1669	1798	0	0	37	19
1980	06	18	AU	EI	1	2	F		-9	1660	1807	−2	+1	40	18
1980	08	24	AU	MX	2	2	F		-2	1658	1692	0	0	40	33
1980	08	26	AU	MX	1	1	F		-2	1656	1694	0	0	40	33
1980	11	11	GR	AU	3	3	F		-4	1696	1660	0	+2	32	37
1980	12	02	IL	AU	0	1	F		-14	1693	1674	−2	+3	31	34
1980	12	05	HK	AU	1	0	F		16	1372	1658	+3	−4	96	38
1980	12	07	ID	AU	1	1	F		7	1259	1651	0	−2	121	39
1981	04	25	NZ	AU	3	3	WQ		5	1470	1646	0	−1	76	40
1981	05	16	AU	NZ	0	2	WQ		-48	1598	1551	−7	+13	48	57
1981	05	20	AU	ID	2	0	WQ		4	1602	1254	+1	−1	47	121
1981	06	10	AU	TW	3	2	WQ		2	1604	1149	0	0	48	142
1981	07	26	FJ	AU	1	4	WQ		-9	1165	1613	−1	+1	142	47
1981	08	14	AU	FJ	10	0	WQ		5	1618	1172	0	0	47	140
1981	08	30	ID	AU	1	0	WQ		35	1221	1583	+5	−4	132	50
1981	09	06	TW	AU	0	0	WQ		14	1185	1569	+1	−3	139	53
1982	10	06	AU	TH	4	0	MRL	SG	12	1581	1329	+3	−2	51	103
1982	10	11	AU	ID	2	0	MRL	SG	7	1588	1277	+2	−1	49	115
1982	10	14	AU	MY	5	0	MRL	SG	11	1599	1320	+3	−2	47	104
1982	10	17	AU	KR	3	2	MRL	SG	17	1616	1621	+3	−1	44	42
1983	02	22	NZ	AU	2	1	TTC		13	1575	1603	+1	−2	55	44
1983	02	27	AU	NZ	0	2	TTC		-30	1573	1605	−13	+11	56	44
1983	06	12	AU	EN	0	0	F		8	1581	2015	+4	−1	52	4
1983	06	15	AU	EN	0	1	F		-3	1578	2018	0	+1	52	3
1983	06	19	AU	EN	1	1	F		8	1586	2010	+2	−1	49	4
1983	12	04	CN	AU	2	1	MRL	SG	15	1593	1571	+7	−7	47	58
1983	12	18	SG	AU	2	4	MRL		-10	1235	1581	−2	+4	128	52
1984	11	03	CN	AU	3	2	AMP		10	1608	1571	0	−2	44	54
1985	09	21	NZ	AU	0	0	WQ		-3	1514	1574	0	0	68	55
1985	09	27	AU	CN	3	0	AMP		19	1593	1552	+6	−3	49	59
1985	10	08	IL	AU	1	2	WQ		-30	1656	1623	−5	+9	40	41
1985	10	20	AU	IL	1	1	WQ		-4	1619	1660	−1	+1	42	39
1985	10	23	AU	TW	7	0	WQ		4	1623	1188	0	0	42	139
1985	10	27	AU	TW	8	0	WQ		4	1627	1184	+1	−1	41	140
1985	11	03	AU	NZ	2	0	WQ		17	1644	1542	+1	−4	40	62
1985	11	20	SQ	AU	2	0	WQ		8	1871	1636	0	0	12	41
1985	12	04	AU	SQ	0	0	WQ		7	1643	1864	0	−1	41	13
1986	08	03	AU	CS	1	1	F		2	1645	1828	+1	0	37	15
1986	08	06	AU	CS	0	1	F		-8	1637	1836	−2	+1	39	14
1986	08	10	AU	CS	0	3	F		-13	1624	1849	−4	0	43	14
1986	10	25	NZ	AU	1	1	TTC		-1	1539	1625	0	0	64	44
1986	11	02	AU	NZ	2	1	TTC		8	1633	1531	+3	−1	41	65
1986	11	23	CN	AU	0	2	AMP		-28	1590	1661	−7	+5	53	37
1987	06	09	AU	MA	1	0	PRS	KR	18	1679	1704	+3	−2	36	33
1987	06	19	AU	EG	0	0	PRS	KR	-1	1678	1663	0	0	36	38
1987	06	21	KR	AU	1	1	PRS		-3	1643	1681	−1	0	42	36
1987	09	02	AU	NZ	1	1	TTC		-9	1672	1540	−1	0	37	63
1987	09	09	NZ	AU	1	0	TTC		16	1556	1656	+3	−3	60	40
1987	11	15	TW	AU	0	3	OQ		-7	1169	1663	−2	+3	143	38
1988	02	26	AU	TW	3	0	OQ		2	1665	1167	0	+1	38	142
1988	03	06	AU	IL	2	0	OQ		13	1678	1533	+3	−2	35	64
1988	03	09	AU	TW	3	2	OQ		1	1679	1165	0	0	35	142
1988	03	13	AU	NZ	3	1	OQ		12	1691	1517	+2	0	33	65
1988	03	20	AU	IL	0	0	OQ	NZ	-7	1684	1579	0	+2	34	53
1988	03	23	NZ	AU	1	1	OQ		4	1525	1680	+1	−2	65	36
1988	03	27	AU	TW	3	0	OQ	NZ	3	1683	1143	+1	−1	35	147
1988	07	07	AU	BR	0	1	AGC		-8	1675	1969	−1	+1	37	4
1988	07	09	AU	SA	3	0	AGC		9	1684	1481	+2	+1	35	72
1988	07	14	AU	AR	4	1	AGC		33	1717	1839	+2	−4	33	15
1988	07	17	AU	BR	0	2	AGC		-13	1704	1981	−2	+1	35	3
1988	09	22	AU	NG	1	0	OG	KR	20	1724	1570	+3	−4	32	53
1988	10	12	NZ	AU	1	2	TTC		-11	1515	1735	−2	+2	65	30
1988	10	16	AU	NZ	2	0	TTC		6	1741	1509	0	−2	30	66
1988	11	26	FJ	AU	1	0	WQ		33	1416	1708	+7	−3	88	33
1988	12	03	AU	FJ	5	1	WQ		7	1715	1409	0	−3	32	92
1989	03	12	AU	NZ	4	1	WQ		9	1724	1472	+1	−4	32	76
1989	03	19	IL	AU	1	1	WQ		0	1625	1724	0	0	45	32
1989	04	02	NZ	AU	2	0	WQ		42	1514	1682	+11	−2	66	34
1989	04	16	AU	IL	1	1	WQ		-9	1673	1633	−1	+1	34	44
1990	08	25	ID	AU	0	3	IPC		-7	1232	1680	−3	0	130	36
1990	09	06	KR	AU	1	0	F		7	1710	1673	+1	0	32	36
1990	09	09	KR	AU	1	0	F		6	1716	1667	0	0	32	36
1991	01	30	AU	CS	0	1	F		-7	1660	1893	−1	+3	37	9
1991	02	06	AU	CS	0	2	F		-10	1650	1903	0	0	38	9
1991	05	12	NZ	AU	0	1	TTC		-14	1517	1664	−1	+1	64	37
1991	05	15	AU	NZ	2	1	TTC		6	1670	1511	+1	−2	35	66
1991	06	01	AU	EN	0	1	F		-4	1666	1997	−1	0	37	3
1991	06	14	KR	AU	0	0	PRS		-6	1695	1672	0	0	34	36
1992	01	26	AU	SE	0	0	F		2	1674	1827	0	−1	37	17
1992	01	29	AU	SE	1	0	F		12	1686	1815	+2	−1	35	18
1992	02	02	AU	SE	1	0	F		11	1697	1804	0	−1	35	19
1992	06	13	US	AU	0	1	F		-13	1693	1710	−2	+1	35	33
1992	06	18	AR	AU	2	0	F		3	1997	1707	−1	0	3	33
1992	06	21	UY	AU	2	0	F		6	1860	1701	+1	+1	13	32
1992	07	05	AU	HR	1	0	F		13	1714	1879	0	0	32	10
1992	07	08	AU	HR	3	1	F		18	1732	1861	+3	−3	29	13
1992	07	12	AU	HR	0	0	F		1	1733	1860	0	0	29	13
1992	08	11	MY	AU	1	0	IPC	ID	29	1245	1704	+7	−3	143	32
1992	08	14	ID	AU	0	3	IPC		-7	1268	1711	−3	0	137	32
1992	09	04	SB	AU	1	2	WQ		-4	1225	1715	−4	0	149	31
1992	09	11	TI	AU	0	3	WQ		-22	1460	1737	−5	+3	83	28
1992	09	20	AU	TI	2	0	WQ		6	1743	1454	0	−4	28	87
1992	09	26	AU	SB	6	1	WQ		2	1745	1223	0	0	29	149
1993	04	16	AU	KW	1	0	F	SG	3	1748	1466	0	0	28	87
1993	04	19	KW	AU	3	1	F	SG	25	1491	1723	+4	−1	83	29
1993	05	30	NZ	AU	0	1	WQ		-15	1519	1738	−3	+1	72	28
1993	06	06	AU	NZ	3	0	WQ		10	1748	1509	0	−2	28	75
1993	07	31	CA	AU	2	1	WQ		24	1608	1724	+7	−1	54	29
1993	08	15	AU	CA	2	1	WQ		9	1733	1599	0	−3	29	57
1993	09	24	KR	AU	1	1	F		0	1629	1733	0	0	47	29
1993	09	26	KR	AU	1	0	F		10	1639	1723	+2	0	45	29
1993	10	31	AU	AR	1	1	WQ		5	1728	1908	0	0	28	9
1993	11	17	AR	AU	1	0	WQ		7	1915	1721	+1	−1	8	29
1994	05	22	JP	AU	1	1	KRN		-1	1645	1722	0	0	45	29
1994	05	26	FR	AU	1	0	KRN	JP	8	1915	1714	0	0	8	29
1994	06	08	AU	ZA	1	0	F		5	1719	1617	0	−4	29	54
1994	06	12	AU	ZA	1	0	F		5	1724	1612	0	−3	29	56
1994	09	24	AU	KW	0	0	F	MY	-5	1719	1521	0	+3	29	72
1994	09	29	JP	AU	0	0	F		-1	1650	1720	0	0	41	29
1995	02	08	AU	CO	0	0	F		2	1722	1895	0	+1	29	12
1995	02	11	AU	CO	0	1	F		-8	1714	1903	−1	+1	30	11
1995	02	15	AU	JP	2	1	F		4	1718	1564	+1	−1	29	64
1995	06	18	AU	GH	2	1	F		5	1723	1624	0	−2	31	46
1995	06	21	AU	GH	1	0	F		5	1728	1619	0	−2	31	48
1995	06	24	AU	GH	0	1	F		-15	1713	1634	−2	+6	32	42
1995	06	30	AR	AU	2	0	BAP		8	1879	1705	+1	0	12	32
1995	11	10	NZ	AU	0	0	OCT		8	1496	1697	+1	0	81	33
1995	11	15	AU	NZ	3	0	OCT		13	1710	1483	+1	−2	32	83
1996	02	10	AU	JP	1	4	F		-26	1684	1656	−2	+5	35	40
1996	02	14	AU	JP	3	0	F		11	1695	1645	+1	−3	35	43
1996	02	25	AU	SE	0	2	F		-13	1682	1853	−2	+2	36	16
1996	02	28	AU	SE	0	0	F		2	1684	1851	0	−1	36	17
1996	03	27	SQ	AU	1	0	F		5	1787	1679	0	0	24	36
1996	04	24	CL	AU	3	0	F		11	1718	1668	0	−4	32	40
1996	09	14	AU	GH	2	0	SMB	ZA	19	1687	1600	+1	−8	35	54
1996	09	18	ZA	AU	2	0	SMB		13	1758	1674	+1	−1	26	36
1996	09	21	AU	KE	4	0	SMB	ZA	13	1687	1444	+1	−5	35	96
1996	10	09	SA	AU	0	0	F		0	1597	1687	0	+1	55	35
1996	10	27	TI	AU	0	6	OC		-51	1521	1738	−12	+6	73	30
1996	11	01	AU	TI	5	0	OC		14	1752	1507	+4	−5	26	77
1997	01	18	AU	NZ	1	0	OPS		3	1755	1470	0	−1	25	85
1997	01	22	AU	KR	2	1	OPS		5	1760	1577	+1	0	24	59
1997	01	25	AU	NO	1	0	OPS		14	1774	1821	+1	−2	23	18
1997	03	12	MK	AU	0	1	F		-6	1536	1780	−2	0	70	23
1997	04	02	HU	AU	1	3	F		-13	1614	1793	−3	0	54	23
1997	06	11	AU	SB	13	0	WQ		3	1796	1276	0	0	22	135
1997	06	13	AU	TI	5	0	WQ		8	1804	1499	0	−2	22	77
1997	06	17	AU	SB	6	2	WQ		3	1807	1328	0	−1	22	124
1997	06	19	AU	TI	2	0	WQ		4	1811	1440	0	0	22	91
1997	06	28	NZ	AU	0	3	WQ		-14	1457	1825	−4	+2	87	16
1997	07	06	AU	NZ	2	0	WQ		4	1829	1453	−1	0	17	87
1997	10	01	TN	AU	0	3	F		-15	1658	1844	−2	+1	45	17
1997	11	22	IR	AU	1	1	WQ		5	1662	1839	+1	0	45	16
1997	11	29	AU	IR	2	2	WQ		-13	1826	1675	−1	+2	17	43
1997	12	12	AU	MX	3	1	CC	SA	32	1858	1746	+2	−5	15	28
1997	12	14	AU	BR	0	0	CC	SA	18	1876	2145	+2	0	13	1
1997	12	16	SA	AU	1	0	CC		37	1634	1839	+5	−4	49	16
1997	12	19	AU	UY	1	0	CC	SA	22	1861	1774	+2	−3	14	24
1997	12	21	BR	AU	6	0	CC	SA	16	2179	1845	0	−2	1	16
1998	02	07	AU	CL	0	1	OPS		-23	1822	1767	−1	+6	17	24
1998	02	11	AU	KR	1	0	OPS		9	1831	1753	0	−3	17	29
1998	02	15	AU	JP	0	3	OPS		-39	1792	1792	−4	+7	22	22
1998	06	06	HR	AU	7	0	F		12	1874	1780	0	−1	15	22
1998	09	25	AU	FJ	3	1	OC		5	1785	1399	+1	−2	21	104
1998	09	28	AU	CK	16	0	OC		0	1785	663	0	0	21	216
1998	10	02	AU	TI	4	1	OC		6	1791	1418	0	−2	21	101
1998	10	04	AU	NZ	0	1	OC		-46	1745	1535	−6	+12	27	66
1998	11	06	US	AU	0	0	F		-1	1694	1746	−1	0	39	28
2000	02	09	CL	AU	2	1	CVP		12	1734	1734	+5	−6	31	31
2000	02	12	AU	SK	0	0	CVP	CL	-3	1731	1664	−2	0	33	44
2000	02	15	AU	BG	1	1	CVP	CL	-3	1728	1671	+1	0	31	42
2000	02	23	HU	AU	0	3	F		-17	1604	1745	−4	+5	58	27
2000	03	29	CZ	AU	3	1	F		5	1949	1740	−1	−2	6	29
2000	06	09	AU	PY	0	0	F		-1	1739	1809	−2	+1	30	19
2000	06	12	AU	PY	0	0	F		-1	1738	1810	0	0	30	19
2000	06	15	AU	PY	2	1	F		9	1747	1801	+4	−3	26	21
2000	06	19	AU	CK	17	0	OC	TI	0	1747	719	−1	0	27	212
2000	06	23	AU	SB	6	0	OC	TI	8	1755	1300	+2	−1	25	130
2000	06	25	AU	VU	1	0	OC	TI	2	1757	1151	0	0	25	165
2000	06	28	AU	NZ	2	0	OC	TI	17	1774	1530	+4	−2	21	68
2000	10	04	AU	KW	1	0	FRT	AE	10	1784	1635	0	−2	23	53
2000	10	07	KR	AU	4	2	FRT	AE	25	1776	1759	+5	−5	23	28
2000	11	15	SQ	AU	0	2	F		-19	1744	1778	−6	+6	31	23
2001	02	28	CO	AU	3	2	F		7	1800	1771	+1	−1	20	25
2001	04	09	AU	TO	22	0	WQ		0	1771	664	0	0	25	217
2001	04	11	AU	AS	31	0	WQ		0	1771	422	0	0	25	227
2001	04	14	AU	FJ	2	0	WQ		4	1775	1419	0	−3	25	98
2001	04	16	AU	WS	11	0	WQ		0	1775	702	0	0	25	213
2001	05	30	AU	MX	2	0	CC	KR	38	1813	1738	+7	−7	19	32
2001	06	01	AU	FR	1	0	CC	KR	43	1856	2092	+6	0	13	1
2001	06	03	KR	AU	1	0	CC		23	1812	1833	+2	−6	23	19
2001	06	07	JP	AU	1	0	CC		19	1844	1814	+5	−2	15	21
2001	06	09	AU	BR	1	0	CC	KR	34	1848	1917	+6	0	15	7
2001	06	20	NZ	AU	0	2	WQ		-13	1514	1861	−2	+2	70	13
2001	06	24	AU	NZ	4	1	WQ		5	1866	1509	+1	−2	12	72
2001	08	15	JP	AU	3	0	AOC		26	1887	1840	+2	−5	11	17
2001	11	11	AU	FR	1	1	F		5	1845	2111	0	0	15	1
2001	11	20	AU	UY	1	0	WQ		10	1855	1753	+1	−2	14	28
2001	11	25	UY	AU	3	0	WQ		35	1788	1820	+3	−5	25	19
2002	07	06	AU	VU	2	0	OC	NZ	1	1821	1095	0	0	22	176
2002	07	08	AU	NC	11	0	OC	NZ	2	1823	1112	+1	−1	21	171
2002	07	10	AU	FJ	8	0	OC	NZ	9	1832	1375	+2	−1	19	114
2002	07	12	AU	TI	2	1	OC	NZ	3	1835	1356	+2	−1	17	119
2002	07	14	NZ	AU	1	0	OC		37	1583	1798	+8	−7	58	24
2003	02	12	EN	AU	1	3	F		-24	1926	1822	0	+4	6	17
2003	08	19	IE	AU	2	1	F		6	1878	1816	0	0	14	19
2003	09	07	AU	JM	2	1	F	EN	4	1820	1590	0	+1	19	60
2004	02	18	VE	AU	1	1	F		2	1645	1818	0	+1	52	17
2004	03	30	AU	ZA	1	0	F	EN	4	1822	1571	+2	+1	16	64
2004	05	21	AU	TR	1	3	F		-18	1804	1861	−2	+3	19	12
2004	05	24	AU	TR	0	1	F		-11	1793	1872	−1	0	20	12
2004	05	29	AU	NZ	1	0	WQO		5	1798	1514	+1	−1	19	75
2004	05	31	AU	TI	9	0	WQO		4	1802	1285	+1	+1	19	134
2004	06	02	AU	FJ	6	1	WQO		4	1806	1355	0	−1	20	119
2004	06	04	AU	VU	3	0	WQO		2	1808	1261	+1	0	19	142
2004	06	06	AU	SB	2	2	WQO		-23	1785	1378	−6	+3	25	116
2004	10	09	SB	AU	1	5	OC		-14	1364	1799	−2	+2	115	23
2004	10	12	AU	SB	6	0	OC		5	1804	1359	+1	−2	22	117
2004	11	16	AU	NO	2	2	F	EN	0	1804	1798	0	0	22	23
2005	02	09	ZA	AU	1	1	F		3	1586	1801	+1	−1	66	22
2005	03	26	AU	IQ	2	1	F		2	1803	1507	+1	0	21	80
2005	03	29	AU	ID	3	0	F		1	1804	1297	0	0	21	133
2005	06	09	AU	NZ	1	0	F	EN	3	1807	1514	0	−1	25	78
2005	06	15	DE	AU	4	3	CC		13	1901	1794	+2	−2	10	27
2005	06	18	AR	AU	4	2	CC	DE	16	2031	1778	0	−1	1	27
2005	06	21	TN	AU	2	0	CC	DE	51	1693	1727	+14	−7	39	34
2005	09	03	AU	SB	7	0	WQ		6	1733	1353	+3	−1	33	111
2005	09	06	SB	AU	1	2	WQ		-7	1346	1740	−3	+1	114	33
2005	10	09	AU	JM	5	0	F	EN	16	1756	1645	+2	−3	32	52
2005	11	12	UY	AU	1	0	WQ		11	1840	1745	+3	0	16	33
2005	11	16	AU	UY	1	0	WQ		20	1765	1820	+4	−3	29	20
2006	02	22	BH	AU	1	3	SQ		-17	1489	1782	−5	+4	85	26
2006	05	25	AU	GR	1	0	F		8	1790	1803	+2	0	25	22
2006	06	04	NL	AU	1	1	F		-7	1994	1797	0	0	2	25
2006	06	07	AU	LI	3	1	F	DE	1	1798	1120	0	0	25	170
2006	06	12	AU	JP	3	1	WC	DE	44	1842	1745	+8	−9	14	34
2006	06	18	BR	AU	2	0	WC	DE	21	2070	1821	0	−2	1	17
2006	06	22	AU	HR	2	2	WC	DE	0	1821	1816	0	0	18	19
2006	06	26	IT	AU	1	0	WC	DE	17	2001	1804	+2	−4	4	21
2006	08	16	AU	KW	2	0	SQ		4	1808	1428	+1	−1	19	100
2006	09	06	KW	AU	2	0	SQ		50	1478	1758	+10	−12	89	31
2006	10	07	AU	PY	1	1	F		-3	1755	1769	−1	+3	32	24
2006	10	11	AU	BH	2	0	SQ		6	1761	1461	+3	−1	29	95
2006	11	14	AU	GH	1	1	F	EN	0	1761	1752	0	0	29	33
2007	02	06	DK	AU	3	1	F	EN	9	1911	1752	−1	−2	9	34
2007	03	24	CN	AU	0	2	F		-13	1593	1765	−4	+5	59	30
2007	06	02	AU	UY	1	2	F		-10	1755	1862	−2	+1	32	14
2007	06	30	SG	AU	0	3	F		-4	1307	1759	0	0	128	34
2007	07	08	AU	OM	1	1	AC	TH	-11	1748	1608	−2	+2	34	57
2007	07	13	IQ	AU	3	1	AC	TH	54	1639	1694	+9	−7	52	41
2007	07	16	TH	AU	0	4	AC		-26	1404	1720	−7	+1	105	40
2007	07	21	AU	JP	1	1	AC	VN	3	1723	1753	+1	−1	39	33
2007	09	11	AU	AR	0	1	F		-5	1718	2018	−1	0	39	3
2007	11	17	AU	NG	1	0	F	EN	11	1729	1735	0	−1	38	36
2008	02	06	AU	QA	3	0	WQ		8	1737	1470	+1	−3	38	92
2008	03	22	SG	AU	0	0	F		7	1370	1730	+1	0	113	38
2008	03	26	CN	AU	0	0	WQ		4	1557	1726	+1	−1	71	39
2008	05	23	AU	GH	1	0	F		9	1735	1780	+1	−2	38	27
2008	06	01	AU	IQ	1	0	WQ		8	1743	1574	+2	−7	34	68
2008	06	07	IQ	AU	1	0	WQ	AE	29	1603	1714	+10	−6	57	40
2008	06	14	QA	AU	1	3	WQ		-23	1503	1737	−8	+5	86	35
2008	06	22	AU	CN	0	1	WQ		-35	1702	1545	−4	+8	40	73
2008	08	19	AU	ZA	2	2	F	EN	-5	1697	1505	0	+3	40	85
2008	09	06	NL	AU	1	2	F		-18	2007	1715	−2	+2	4	39
2008	09	10	UZ	AU	0	1	WQ		-17	1545	1732	−4	+4	72	35
2008	10	15	AU	QA	4	0	WQ		11	1743	1520	+2	−2	34	83
2008	11	19	BH	AU	0	1	WQ		-13	1508	1756	−6	+3	87	31
2009	01	28	ID	AU	0	0	SQ		16	1271	1740	+4	−6	136	36
2009	02	11	JP	AU	0	0	WQ		-6	1750	1746	−2	−1	32	36
2009	03	05	AU	KW	0	1	SQ		-37	1709	1465	−5	+11	41	90
2009	04	01	AU	UZ	2	0	WQ		12	1721	1555	+3	−2	38	70
2009	06	06	QA	AU	0	0	WQ		6	1520	1715	−1	−3	84	40
2009	06	10	AU	BH	2	0	WQ		14	1729	1588	+1	−4	37	61
2009	06	17	AU	JP	2	1	WQ		18	1747	1769	+6	−3	31	28
2009	08	12	IE	AU	0	3	F		-24	1767	1771	−5	+6	28	26
2009	09	05	KR	AU	3	1	F		12	1748	1759	+4	−3	32	29
2009	10	10	AU	NL	0	0	F		5	1764	2039	+3	0	26	3
2009	10	14	AU	OM	1	0	SQ		8	1772	1604	0	0	26	57
2009	11	14	OM	AU	1	2	SQ		-16	1588	1788	−4	+4	61	21
2010	01	06	KW	AU	2	2	SQ		11	1482	1777	+3	−4	89	23
2010	03	03	AU	ID	1	0	SQ		1	1778	1257	+1	−1	22	140
2010	05	24	AU	NZ	2	1	F		2	1780	1518	0	0	22	85
2010	06	01	AU	DK	1	0	F	ZA	11	1791	1791	+2	−2	19	19
2010	06	05	US	AU	3	1	F	ZA	16	1784	1775	+3	−2	20	22
2010	06	13	DE	AU	4	0	WC	ZA	29	1986	1746	+1	−6	4	29
2010	06	19	AU	GH	1	1	WC	ZA	-1	1745	1730	0	0	30	32
2010	06	23	AU	RS	2	1	WC	ZA	38	1783	1805	+6	−3	23	17
2010	08	11	SI	AU	2	0	F		14	1714	1769	+1	−3	38	22
2010	09	03	CH	AU	0	0	F		-3	1787	1772	−1	−1	19	23
2010	09	07	PL	AU	1	2	F		-9	1643	1781	−2	+3	50	20
2010	10	09	AU	PY	1	0	F		7	1788	1770	+1	−1	19	23
2010	11	17	EG	AU	3	0	F		13	1792	1775	+4	−5	18	22
2011	01	05	AE	AU	0	0	F		5	1488	1770	0	0	92	22
2011	01	10	AU	IN	4	0	AC	QA	3	1773	1150	0	−1	21	167
2011	01	14	AU	KR	1	1	AC	QA	-2	1771	1750	0	+1	22	26
2011	01	18	AU	BH	1	0	AC	QA	7	1778	1455	+1	−3	21	100
2011	01	22	AU	IQ	1	0	AC	QA	13	1791	1591	+1	−4	20	62
2011	01	25	AU	UZ	6	0	AC	QA	27	1818	1581	+6	−7	14	63
2011	01	29	JP	AU	1	0	AC	QA	25	1840	1793	+3	−5	12	19
2011	03	29	DE	AU	1	2	F		-18	2043	1811	0	+3	4	16
2011	06	05	AU	NZ	3	0	F		4	1815	1564	+1	0	15	66
2011	06	07	AU	RS	0	0	F		-4	1811	1752	−1	+1	17	30
2011	08	10	WA	AU	1	2	F		-6	1537	1817	0	+1	75	16
2011	09	02	AU	TH	2	1	WQ		2	1819	1388	0	0	16	111
2011	09	06	SA	AU	1	3	WQ		-18	1555	1837	−6	+2	72	14
2011	10	07	AU	MY	5	0	F		1	1838	1214	−1	+1	15	150
2011	10	11	AU	OM	3	0	WQ		5	1843	1505	+1	0	14	84
2011	11	11	OM	AU	1	0	WQ		32	1540	1811	+8	−5	75	19
2011	11	15	TH	AU	0	1	WQ		-6	1388	1817	−1	+3	109	16
2012	02	29	AU	SA	4	2	WQ		6	1823	1521	0	−4	16	82
2012	06	02	DK	AU	2	0	F		12	1816	1811	+2	−1	16	17
2012	06	08	OM	AU	0	0	WQ		10	1523	1801	+4	−4	81	21
2012	06	12	AU	JP	1	1	WQ		-6	1795	1798	−2	+3	19	18
2012	08	15	SQ	AU	3	1	F		15	1707	1780	+3	−6	36	25
2012	09	06	LB	AU	0	3	F		-4	1295	1784	−2	0	136	25
2012	09	11	JO	AU	2	1	WQ		27	1579	1757	+5	0	65	25
2012	10	16	AU	IQ	2	1	WQ	QA	12	1769	1590	+2	−4	25	63
2012	11	14	KR	AU	1	2	F		-13	1762	1782	−4	+2	27	23
2012	12	03	HK	AU	0	1	EAQ		-2	1175	1784	0	0	162	23
2012	12	05	AU	KP	1	1	EAQ	HK	-12	1772	1566	−2	+3	25	68
2012	12	07	AU	GU	9	0	EAQ	HK	0	1772	690	0	0	25	218
2012	12	09	AU	TW	8	0	EAQ	HK	1	1773	878	0	0	25	203
2013	02	06	RO	AU	3	2	F	ES	11	1765	1762	+5	0	24	25
2013	03	26	AU	OM	2	2	WQ		-15	1747	1529	−3	+6	30	77
2013	06	04	JP	AU	1	1	WQ		-7	1765	1754	0	+2	24	30
2013	06	11	AU	JO	4	0	WQ		11	1765	1541	+3	−3	27	74
2013	06	18	AU	IQ	1	0	WQ		6	1771	1552	+2	−4	25	71
2013	07	20	KR	AU	0	0	EAH		-3	1716	1774	−1	0	34	25
2013	07	25	JP	AU	3	2	EAH	KR	23	1746	1751	0	−4	31	29
2013	07	28	CN	AU	4	3	EAH	KR	29	1608	1722	+6	−2	56	31
2013	09	07	BR	AU	6	0	F		2	2112	1720	0	0	2	33
2013	10	11	FR	AU	6	0	F		8	1873	1712	0	−3	14	36
2013	10	15	AU	CA	3	0	F	EN	8	1720	1494	+4	−2	32	88
2013	11	19	AU	CR	1	0	F		8	1728	1734	0	0	31	29
2014	03	05	EC	AU	4	3	F	EN	7	1843	1721	+1	−3	16	33
2014	05	26	AU	ZA	1	1	F		-6	1715	1576	0	+2	33	64
2014	06	06	HR	AU	1	0	F	BR	7	1818	1708	+1	−2	20	34
2014	06	13	CL	AU	3	1	WC	BR	21	1941	1687	+2	−5	7	40
2014	06	18	NL	AU	3	2	WC	BR	6	2066	1681	0	−2	3	41
2014	06	23	ES	AU	3	0	WC	BR	16	1991	1665	+2	−5	5	46
2014	09	04	BE	AU	2	0	F		4	1915	1661	0	0	10	46
2014	09	08	AU	SA	3	2	F	EN	5	1666	1447	−1	0	45	100
2014	10	10	AE	AU	0	0	F		-2	1647	1668	+1	+1	47	44
2014	10	14	QA	AU	1	0	F		10	1567	1658	+1	−2	67	47
2014	11	18	JP	AU	2	1	F		6	1728	1652	+1	−1	29	49
2015	01	09	AU	KW	4	1	AC		17	1669	1490	+3	−4	46	88
2015	01	13	AU	OM	4	0	AC		18	1687	1499	+9	−7	38	86
2015	01	17	AU	KR	0	1	AC		-33	1654	1707	−13	+8	51	37
2015	01	22	AU	CN	2	0	AC		25	1679	1608	+8	−5	43	60
2015	01	27	AU	AE	2	0	AC		27	1706	1649	+4	−6	39	51
2015	01	31	AU	KR	2	1	AC		22	1728	1736	+8	−3	31	28
2015	03	25	DE	AU	2	2	F		-9	2124	1737	0	+3	1	30
2015	03	30	MK	AU	0	0	F		5	1464	1732	+2	−3	94	32
2015	06	16	KG	AU	1	2	WQS		-2	1127	1734	−1	+2	176	31
2015	09	03	AU	BD	5	0	WQS		0	1734	947	0	0	31	196
2015	09	08	TJ	AU	0	3	WQS		-6	1232	1740	−3	+1	152	30
2015	10	08	JO	AU	2	0	WQS		40	1555	1700	+11	−10	69	40
2015	11	12	AU	KG	3	0	WQS		2	1702	1151	0	0	39	171
2015	11	17	BD	AU	0	4	WQS		-1	924	1703	0	+1	199	39
2016	03	24	AU	TJ	7	0	WQS		3	1706	1232	−1	−2	40	152
2016	03	29	AU	JO	5	1	WQS		14	1720	1533	+3	−2	37	75
2016	05	27	EN	AU	2	1	F		2	1964	1718	+1	−1	8	39
2016	06	04	AU	GR	1	0	F		5	1723	1599	0	−4	39	61
2016	06	07	AU	GR	1	2	F		-16	1707	1615	−1	+5	40	54
2016	09	01	AU	IQ	2	0	WQ		8	1715	1477	+2	−3	40	89
2016	09	06	AE	AU	0	1	WQ		-19	1580	1734	−4	+6	63	33
2016	10	06	SA	AU	2	2	WQ		4	1559	1730	+3	−2	68	35
2016	10	11	AU	JP	1	1	WQ		-5	1725	1743	0	0	35	33
2016	11	15	TH	AU	2	2	WQ		13	1377	1712	+3	−2	114	36
2017	03	23	IQ	AU	1	1	WQ	IR	11	1504	1701	+1	−2	84	37
2017	03	28	AU	AE	2	0	WQ		12	1713	1549	+2	−3	36	72
2017	06	08	AU	SA	3	2	WQ		10	1723	1608	+1	−2	35	58
2017	06	13	AU	BR	0	4	F		-6	1717	2115	0	0	35	1
2017	06	19	DE	AU	3	2	CC	RU	7	2047	1710	0	−2	2	37
2017	06	22	AU	CM	1	1	CC	RU	-3	1707	1675	0	0	36	47
2017	06	25	AU	CL	1	1	CC	RU	16	1723	1963	+1	−3	35	8
2017	08	31	JP	AU	2	0	WQ		19	1781	1704	+3	−1	25	36
2017	09	05	AU	TH	2	1	WQ		4	1708	1394	−1	0	38	109
2017	10	05	SY	AU	1	1	WQ	MY	5	1619	1703	+3	−1	57	39
2017	10	10	AU	SY	2	1	WQ		10	1713	1609	+3	−3	37	61
2017	11	10	HN	AU	0	0	WQ		-1	1625	1714	0	−1	55	38
2017	11	15	AU	HN	3	1	WQ		15	1729	1610	+2	−7	35	60
2018	03	23	NO	AU	4	1	F		20	1601	1709	+4	−4	62	39
2018	03	27	AU	CO	0	0	F	EN	6	1715	1934	0	0	40	8
2018	06	01	AU	CZ	4	0	F	AT	19	1734	1702	+6	−5	34	42
2018	06	09	HU	AU	1	2	F		-9	1575	1743	−1	+1	66	33
2018	06	16	FR	AU	2	1	WC	RU	12	1998	1731	0	−3	4	34
2018	06	21	AU	DK	1	1	WC	RU	13	1744	1876	+4	−2	30	16
2018	06	26	PE	AU	2	0	WC	RU	31	1891	1713	+3	−9	15	38
2018	10	15	KW	AU	0	4	F		-10	1424	1723	−1	+4	99	36
2018	11	17	AU	KR	1	1	F		-1	1722	1773	+1	0	37	24
2018	11	20	AU	LB	3	0	F		4	1726	1464	0	−3	38	91
2018	12	30	AU	OM	5	0	F	AE	10	1736	1528	+3	−1	35	74
2019	01	06	JO	AU	1	0	AC	AE	42	1490	1694	+10	−8	85	43
2019	01	11	AU	PS	3	0	AC	AE	13	1707	1384	+1	−2	42	109
2019	01	15	AU	SY	3	2	AC	AE	14	1721	1524	+2	−4	40	77
2019	01	21	AU	UZ	0	0	AC	AE	-8	1713	1613	−1	+3	41	55
2019	01	25	AE	AU	1	0	AC		34	1514	1679	+7	−4	80	45
2019	06	07	KR	AU	1	0	F		5	1790	1674	−1	−1	24	45
2019	09	10	KW	AU	0	3	WQS		-22	1418	1696	−3	+4	100	43
2019	10	10	AU	NP	5	0	WQS		1	1697	937	0	0	43	197
2019	10	15	TW	AU	1	7	WQS		-2	949	1699	0	+2	195	41
2019	11	14	JO	AU	0	1	WQS		-14	1476	1713	−4	+1	87	41
2021	06	03	KW	AU	0	3	WQS		-17	1393	1730	−2	+1	103	38
2021	06	07	AU	TW	5	1	WQS	KW	1	1731	909	0	−1	38	198
2021	06	11	AU	NP	3	0	WQS	KW	1	1732	941	0	+1	38	195
2021	06	15	AU	JO	1	0	WQS	KW	8	1740	1470	+2	−1	35	89
2021	09	02	AU	CN	3	0	WQ	QA	14	1754	1491	+5	−3	31	82
2021	09	07	VN	AU	0	1	WQ		-8	1404	1762	0	+1	100	29
2021	10	07	AU	OM	3	1	WQ	QA	12	1774	1508	+1	−2	28	79
2021	10	12	JP	AU	2	1	WQ		17	1740	1757	+1	−4	35	33
2021	11	11	AU	SA	0	0	WQ		-10	1747	1675	−1	+1	33	45
2021	11	16	AU	CN	1	1	WQ	AE	-12	1735	1506	−1	+4	33	80
2022	01	27	AU	VN	4	0	WQ		4	1739	1337	0	0	33	118
2022	02	01	OM	AU	2	2	WQ		7	1524	1732	+1	−1	75	33
2022	03	24	AU	JP	0	2	WQ		-34	1698	1814	−8	+1	41	28
2022	03	29	SA	AU	1	0	WQ		19	1635	1679	+3	−2	54	46
2022	06	01	AU	JO	2	1	F	QA	6	1685	1543	+2	−2	44	71
2022	06	07	AU	AE	2	1	WQ	QA	11	1696	1501	+3	−3	43	81
2022	06	13	AU	PE	0	0	WQ	QA	9	1705	1850	0	−2	42	17
2022	09	22	AU	NZ	1	0	F		4	1709	1539	0	0	42	73
2022	09	25	NZ	AU	0	2	F		-12	1527	1721	−3	+2	77	38
2022	11	22	FR	AU	4	1	WC	QA	17	2022	1704	+1	−3	5	41
2022	11	26	AU	TN	1	0	WC	QA	32	1736	1692	+6	−5	36	43
2022	11	30	AU	DK	1	0	WC	QA	45	1781	1883	+10	−3	26	15
2022	12	03	AR	AU	2	1	WC	QA	8	2126	1773	0	−2	2	29
2023	03	24	AU	EC	3	1	F		14	1787	1828	+2	0	27	20
2023	03	28	AU	EC	1	2	F		-12	1775	1840	−4	+2	30	19
2023	06	15	AR	AU	2	0	F	CN	3	2148	1772	0	0	1	30
2023	09	09	AU	MX	2	2	F	US	2	1774	1838	0	−1	29	21
2023	10	13	EN	AU	1	0	F		3	2013	1771	0	−1	6	29
2023	10	17	AU	NZ	2	0	ASH	EN	9	1780	1525	0	−1	29	72
2023	11	16	AU	BD	7	0	WQS		0	1780	926	+1	0	28	196
2023	11	21	AU	PS	1	0	WQS	KW	4	1784	1409	0	−1	27	102
2024	01	06	AU	BH	2	0	F	AE	4	1788	1445	0	0	27	93
2024	01	13	AU	IN	2	0	AC	QA	3	1791	1259	+1	−1	26	152
2024	01	18	AU	SY	1	0	AC	QA	6	1797	1426	+1	−2	25	98
2024	01	23	AU	UZ	1	1	AC	QA	-10	1787	1652	−3	+2	27	50
2024	01	28	AU	ID	4	0	AC	QA	5	1792	1279	+1	−1	25	146
2024	02	02	KR	AU	2	1	AC	QA	27	1788	1765	+5	−4	25	28
2024	03	21	AU	LB	2	0	WQS		2	1767	1284	−2	−1	29	144
2024	03	26	AU	LB	5	0	WQS		3	1770	1281	+1	+1	29	144
2024	06	06	BD	AU	0	2	WQS		-1	934	1771	0	+2	194	27
2024	06	11	AU	PS	5	0	WQS		5	1776	1408	+1	−1	26	102
2024	09	05	AU	BH	0	1	WQ		-37	1739	1492	−6	+8	33	84
2024	09	10	ID	AU	0	0	WQ		14	1362	1725	+5	−4	115	38
2024	10	10	AU	CN	3	1	WQ		4	1729	1376	+1	−1	37	111
2024	10	15	JP	AU	1	1	WQ		-13	1876	1742	0	+3	14	34
2024	11	14	AU	SA	0	0	WQ		-13	1729	1576	−5	+1	39	68
2024	11	19	BH	AU	2	2	WQ		10	1458	1719	+1	−4	88	42
2025	03	20	AU	ID	5	1	WQ		4	1723	1316	0	−1	42	135
2025	03	25	CN	AU	0	2	WQ		-14	1402	1737	−4	+3	103	36
2025	06	05	AU	JP	1	0	WQ		22	1759	1854	+5	−1	31	15
2025	06	10	SA	AU	1	2	WQ		-17	1591	1776	−2	0	63	31
2025	09	05	AU	NZ	1	0	F		3	1779	1599	−1	0	31	61
2025	09	09	NZ	AU	1	3	F		-12	1587	1791	−2	+1	62	29
2025	10	10	CA	AU	0	1	F		-13	1784	1804	−3	+2	29	26
2025	10	14	US	AU	2	1	F		10	1712	1794	0	−2	41	27
2025	11	14	VE	AU	1	0	F	US	12	1727	1782	0	−2	39	28
2025	11	18	CO	AU	3	0	F	US	8	1998	1774	0	−3	5	30
2026	03	27	AU	CM	1	0	FFS		5	1779	1601	0	0	29	62
2026	03	31	AU	CW	5	1	FFS		4	1783	1436	+2	0	26	90