1932	00	00	DM	MQ	1	0	F		13	1313	1483	−	0	60	46
1938	01	09	DM	LC	4	1	F		12	1325	1290	0	−4	67	74
1938	01	10	DM	LC	1	3	F		-21	1304	1311	−3	+6	70	68
1938	01	11	DM	LC	1	0	F		7	1311	1304	+2	−2	68	70
1939	01	12	DM	MQ	3	1	F		19	1330	1490	+5	−3	69	53
1948	09	00	MQ	DM	5	0	CIQ		13	1527	1317	+1	−1	53	81
1948	12	16	MQ	DM	6	0	CIB	GP	20	1547	1297	+4	−3	50	85
1961	01	15	LC	DM	4	1	WIT		18	1322	1279	+3	−2	106	113
1961	01	18	DM	VC	1	1	WIT	LC	5	1284	1395	0	−2	113	96
1961	01	19	GD	DM	8	1	WIT	LC	14	1530	1270	+5	−1	60	114
1964	01	07	DM	VC	2	2	WIT	LC	5	1275	1385	0	−3	119	100
1964	01	08	LC	DM	4	2	WIT		15	1315	1260	+3	0	109	119
1964	01	11	DM	VC	1	1	WIT	LC	5	1265	1381	0	−2	119	102
1964	01	12	LC	DM	5	0	WIT		18	1332	1247	+2	−1	108	120
1965	11	21	DM	GD	2	0	WIT	VC	38	1285	1498	+7	−11	119	69
1965	11	23	DM	LC	1	0	WIT	VC	18	1303	1335	+3	−5	116	111
1965	11	26	VC	DM	2	1	WIT		9	1369	1294	+1	−2	100	118
1966	11	05	VC	DM	1	0	WIT	GD	12	1381	1282	+1	−3	98	119
1966	11	08	GD	DM	3	3	WIT		-11	1492	1293	−2	+3	70	116
1966	11	10	DM	LC	5	3	WIT	GD	24	1317	1293	+4	−4	112	116
1967	11	27	DM	LC	2	4	WIT		-30	1287	1323	−4	+4	115	111
1967	11	30	DM	GD	2	4	WIT		-18	1269	1475	−8	+4	122	72
1967	12	03	DM	VC	1	2	WIT		-13	1256	1423	−2	+5	123	88
1968	10	27	DM	SX	4	2	F		2	1258	898	0	−	123	165
1968	10	29	DM	SX	1	2	F		-19	1239	917	−1	+1	124	164
1968	10	31	DM	SX	3	1	F		2	1241	915	0	0	124	164
1968	11	18	LC	DM	4	0	WIT		14	1346	1227	+5	−3	105	127
1968	11	20	GD	DM	6	2	WIT	LC	10	1495	1217	+2	+1	70	126
1968	11	23	DM	VC	1	1	WIT	LC	8	1225	1415	0	−3	126	90
1969	10	14	DM	UM	1	3	F		-7	1218	1553	0	+3	128	58
1969	10	16	DM	UM	1	9	F		-10	1208	1563	−2	+1	130	57
1969	11	09	VC	DM	1	0	WIT		4	1419	1204	+3	−3	89	134
1969	11	13	GD	DM	1	0	WIT	VC	4	1518	1200	0	−1	69	135
1969	11	14	LC	DM	3	1	WIT	VC	15	1335	1185	+2	−2	106	137
1970	11	21	DM	LC	1	1	WIT	GD	6	1191	1329	0	0	136	109
1970	11	24	VC	DM	1	0	WIT	GD	6	1421	1185	+4	0	85	136
1970	11	27	GD	DM	2	1	WIT		2	1540	1183	+1	−1	62	137
1971	11	28	DM	VC	3	0	WIT		37	1220	1403	+10	−12	129	91
1971	12	01	DM	LC	2	2	WIT		-1	1219	1288	0	0	129	115
1971	12	04	DM	GD	3	0	WIT		38	1257	1453	+5	−7	124	75
1972	11	25	GD	DM	2	1	WIT	LC	7	1460	1250	+1	−1	71	129
1972	11	28	VC	DM	2	1	WIT	LC	9	1400	1241	+2	−1	91	130
1972	12	02	LC	DM	1	0	WIT		8	1329	1233	0	0	110	130
1973	11	07	DM	GD	4	2	WIT		29	1262	1412	+5	−7	125	85
1973	11	11	DM	LC	1	0	WIT		14	1276	1315	+2	−3	123	112
1973	11	16	LC	DM	2	1	WIT		10	1301	1266	+2	−1	115	124
1973	11	19	VC	DM	2	2	WIT		-9	1413	1275	−1	+1	86	123
1973	11	21	GD	DM	1	1	WIT		-9	1407	1284	−2	+2	87	121
1973	11	30	DM	VC	0	0	WIT		2	1286	1435	+2	−1	118	82
1974	12	02	LC	DM	0	3	WIT		-32	1236	1318	−6	+8	130	112
1974	12	04	DM	GD	0	0	WIT	LC	5	1323	1427	+2	−2	110	86
1974	12	07	VC	DM	2	1	WIT	LC	11	1441	1312	+3	−5	82	115
1981	06	21	GP	DM	5	0	CUQ		21	1409	1291	+3	−6	88	114
1981	07	05	DM	GP	2	3	CUQ		-19	1272	1428	−4	+1	118	87
1983	02	20	GP	DM	1	0	CUQ		10	1374	1262	+1	−5	92	122
1983	03	06	DM	GP	1	2	CUQ		-19	1243	1393	−3	+2	125	90
1984	12	02	GD	DM	4	0	WIT	LC	23	1328	1220	+5	−5	105	132
1985	02	24	AG	DM	2	1	CUQ		15	1227	1205	+4	−8	131	140
1985	03	03	DM	KY	2	1	CUQ		9	1214	1091	+7	−	133	153
1985	11	17	GD	DM	0	0	WIT		-7	1272	1221	−2	+1	120	133
1985	11	18	DM	VC	0	0	WIT	GD	8	1229	1413	+4	0	129	85
1985	11	24	KN	DM	2	1	OEC		16	1124	1213	+2	−5	150	134
1985	12	01	DM	KN	0	1	OEC		-22	1191	1146	−4	+3	138	147
1987	11	13	LC	DM	3	0	WIT	VC	19	1303	1172	+8	−4	105	143
1987	11	15	VC	DM	0	2	WIT		-38	1317	1210	−5	+9	103	134
1988	03	06	DM	AG	0	0	CUQ		-9	1201	1159	−2	+2	136	143
1988	03	20	AG	DM	2	1	CUQ		17	1176	1184	0	−4	142	140
1988	11	00	DM	GD	1	1	WIT	LC	4	1188	1267	+2	−2	139	118
1988	11	00	DM	VC	1	1	WIT	LC	5	1193	1301	+2	−3	139	107
1989	05	13	DM	AG	0	1	CRQ		-24	1169	1242	−1	+12	142	120
1989	06	04	DM	JM	0	0	CRQ		-2	1167	1241	0	+1	143	122
1990	04	22	VC	DM	2	1	CRQ		8	1314	1159	+1	0	109	145
1990	05	13	DM	GF	1	1	CRQ		-1	1158	1235	−2	+1	148	129
1990	12	09	AG	DM	2	1	OEC		9	1222	1149	+1	−1	134	148
1992	03	03	LC	DM	1	1	CBQ		-12	1275	1161	−4	+2	130	156
1992	03	05	DM	GP	0	0	CBQ	LC	11	1172	1375	+1	−5	155	103
1993	04	25	GD	DM	1	1	FCQ		-12	1304	1184	−6	+4	128	156
1993	04	27	LC	DM	4	2	FCQ	GD	21	1312	1163	+5	−5	125	161
1993	04	29	VC	DM	2	0	FCQ	GD	23	1269	1140	+8	−3	134	164
1994	02	23	DM	AG	3	2	CBQ	KN	24	1164	1186	+2	−6	163	157
1994	02	25	KN	DM	2	3	CBQ		-25	1133	1189	−3	+6	167	157
1994	04	08	TT	DM	5	0	CBC		8	1491	1181	+2	−3	82	160
1994	04	10	BB	DM	1	1	CBC	TT	-7	1299	1188	−2	+2	129	158
1994	04	12	GP	DM	5	0	CBC	TT	22	1378	1166	+8	−5	108	163
1995	03	26	DM	VC	0	1	FCQ		-21	1145	1261	0	+5	163	138
1995	04	02	VC	DM	0	0	FCQ		-11	1250	1156	−3	0	141	163
1995	11	19	DM	LC	2	1	WIT		16	1172	1261	+1	0	162	139
1995	11	28	DM	VC	1	0	WIT		18	1190	1317	+7	−5	155	124
1996	03	10	DM	AG	3	3	WQ		-8	1182	1155	−2	0	157	164
1996	03	17	DM	LC	0	1	CBQ		-20	1162	1300	−4	+6	161	129
1996	03	21	LC	DM	1	1	CBQ		-12	1288	1174	−5	+1	134	160
1996	03	31	AG	DM	1	3	WQ		-37	1118	1211	−3	+6	167	153
1996	05	14	DM	BB	0	1	WQ		-21	1190	1318	−2	+3	155	126
1996	05	19	BB	DM	1	0	WQ		8	1326	1182	+4	−2	122	157
1997	04	02	DM	VG	6	1	FCQ		5	1187	818	0	0	159	206
1997	04	04	DM	SX	1	0	FCQ		5	1192	962	+1	0	158	194
1997	04	06	DM	AI	5	0	FCQ		1	1193	505	+1	0	157	221
1997	04	27	DM	MQ	1	2	FCQ		-10	1183	1499	−2	+3	160	76
1997	05	04	MQ	DM	7	0	FCQ		8	1507	1175	+1	−1	75	162
1998	02	22	AG	DM	1	1	F		-1	1117	1176	0	0	167	161
1998	04	01	DM	GP	1	1	FCQ	KN	11	1187	1373	+4	−3	157	113
1998	04	03	KN	DM	1	2	FCQ		-27	1178	1214	−10	+7	161	150
1998	04	05	DM	VG	4	1	FCQ	KN	5	1219	778	+1	−1	149	205
1998	07	22	MQ	DM	5	1	FQC	TT	15	1479	1204	+5	−2	82	151
1998	07	24	AG	DM	2	1	FQC	TT	24	1156	1180	+2	−10	164	161
1998	07	26	TT	DM	8	0	FQC		10	1468	1170	+6	−1	84	162
1999	03	10	GP	DM	1	0	FCQ		7	1357	1163	+1	0	117	162
1999	03	12	BB	DM	3	1	FCQ	GP	17	1335	1146	+5	−2	121	164
1999	03	14	AG	DM	1	1	FCQ	GP	-2	1184	1148	−2	0	158	164
1999	09	09	LC	DM	2	0	GWT	GY	16	1263	1132	+5	0	139	164
1999	12	12	LC	DM	3	1	F		6	1269	1126	0	−1	141	165
1999	12	13	LC	DM	2	1	F		4	1273	1122	+3	0	138	165
1999	12	18	DM	LC	2	1	F		11	1133	1262	+1	−3	164	141
1999	12	19	DM	LC	2	1	F		11	1144	1251	0	−2	164	143
2000	02	19	DM	AG	2	0	F		12	1156	1153	+2	−1	162	163
2000	03	11	HT	DM	4	0	WQ		8	1425	1148	+1	0	100	163
2000	03	19	DM	HT	1	3	WQ		-16	1132	1441	−1	+6	165	94
2000	04	29	AG	DM	3	2	WUC	VG	13	1188	1119	+2	−3	161	170
2000	04	30	DM	SX	3	1	WUC	VG	12	1131	931	+2	−1	168	194
2001	03	12	GD	DM	8	3	WIT		11	1299	1120	+6	−2	129	169
2001	03	14	VC	DM	2	0	WIT	GD	14	1280	1106	+2	−1	137	170
2001	03	16	DM	LC	1	1	WIT	GD	5	1111	1224	0	−1	170	150
2001	03	18	LC	DM	1	0	WIT	GD	10	1234	1101	+2	−4	148	174
2001	04	04	CU	DM	3	1	FCQ	GY	6	1475	1095	+1	+1	82	173
2001	04	06	GY	DM	2	0	FCQ		22	1116	1073	+5	−5	169	178
2001	04	08	MF	DM	3	2	FCQ	GY	20	1097	1053	+1	−4	175	182
2002	01	19	DM	VG	4	1	F		6	1059	870	+3	−1	179	203
2002	01	20	AG	DM	4	0	F		11	1114	1048	0	−4	172	183
2004	01	28	VG	DM	0	1	F		-7	848	1055	−2	+1	203	183
2004	01	31	DM	VI	5	0	FT	VG	6	1061	672	+2	−1	181	220
2004	02	01	VG	DM	1	2	FT		-11	848	1072	−2	0	203	181
2004	03	12	BB	DM	2	1	F		2	1380	1070	+1	0	113	180
2004	03	26	BS	DM	1	1	WQ		7	847	1063	+1	0	203	180
2004	03	28	BS	DM	1	3	WQ		-20	827	1083	−3	+5	206	175
2004	06	19	MX	DM	10	0	WQ	US	1	1851	1082	+1	0	13	174
2004	06	27	MX	DM	8	0	WQ		1	1852	1081	0	0	14	174
2004	11	10	MQ	DM	5	1	FCQ		6	1415	1075	+1	−3	100	179
2004	11	12	GP	DM	7	0	FCQ	MQ	17	1345	1058	+2	−1	120	180
2004	11	14	GF	DM	4	0	FCQ	MQ	25	1199	1033	+4	−5	156	185
2005	09	30	GY	DM	3	0	F		10	1098	1023	+1	−3	174	186
2005	10	02	GY	DM	3	0	F		9	1107	1014	+1	−1	173	187
2006	09	03	AG	DM	1	0	F		5	1110	1009	0	−2	173	189
2006	09	17	DM	BB	0	5	F		-11	998	1281	0	+2	188	134
2006	09	20	MQ	DM	4	0	FCQ	GP	8	1366	990	+1	0	112	188
2006	09	22	GP	DM	1	0	FCQ		2	1369	988	0	0	111	188
2006	09	24	DM	MF	0	0	FCQ	GP	1	989	1002	0	0	188	187
2007	05	17	GP	DM	2	0	F		2	1372	987	0	0	114	188
2007	05	20	GP	DM	1	1	F		-9	1363	996	0	0	114	188
2008	01	18	DM	GP	0	3	F		-4	992	1456	0	+3	186	92
2008	02	06	DM	BB	1	1	WQ		11	1003	1296	0	−2	186	132
2008	03	26	BB	DM	1	0	WQ		3	1319	1000	+2	0	124	186
2008	08	08	GY	DM	3	0	FBQ		7	1285	993	+3	0	129	186
2008	08	09	SR	DM	3	1	FBQ	GY	10	1280	983	+7	−1	132	187
2009	12	05	DM	VG	4	0	F		9	992	884	0	−1	186	200
2010	09	25	BB	DM	0	2	F		-28	1283	1020	−3	0	133	186
2010	09	26	BB	DM	1	3	F		-27	1256	1047	−8	+6	141	180
2010	10	15	DM	VG	10	0	FBQ	DO	26	1073	826	+2	0	179	205
2010	10	17	DO	DM	0	1	FBQ		-25	1043	1098	−2	+3	182	176
2010	11	10	CU	DM	4	2	FBQ	AG	6	1481	1092	+1	0	94	176
2010	11	12	AG	DM	0	0	FBQ		-13	1242	1105	−1	0	143	176
2010	11	14	SR	DM	5	0	FBQ	AG	25	1264	1080	+6	−1	139	177
2011	09	02	DM	NI	0	2	WQ		-39	1041	1112	−7	+2	183	175
2011	09	11	VC	DM	1	0	F		4	1183	1037	0	0	161	182
2011	10	07	DM	PA	0	5	WQ		-4	1033	1653	0	0	182	48
2011	11	11	NI	DM	1	0	WQ		11	1118	1022	+2	−2	173	185
2011	11	15	PA	DM	3	0	WQ		1	1666	1021	0	0	45	185
2012	09	23	BB	DM	1	0	FBQ		9	1153	1012	+1	−1	168	187
2012	09	25	DM	AW	3	2	FBQ	BB	19	1031	967	+3	−1	184	192
2012	09	27	DO	DM	2	1	FBQ	BB	14	1158	1017	+2	−3	167	187
2013	11	30	DM	LC	0	1	F		-12	1005	1059	−2	+2	189	183
2013	12	01	DM	LC	1	0	F		9	1014	1050	+2	−2	187	185
2014	02	07	VC	DM	3	2	F		4	1144	1010	0	−1	171	188
2014	02	09	VC	DM	0	0	F		-6	1138	1016	0	+1	171	187
2014	04	30	DM	LC	0	2	WIT		-27	989	1080	−4	+4	191	180
2014	05	02	DM	VC	2	3	WIT		-13	976	1153	−1	+2	192	168
2014	05	04	DM	GD	3	5	WIT		-16	960	1189	−1	+1	193	161
2014	09	03	DM	GY	0	0	FBQ	KN	15	975	1292	+1	−3	192	134
2014	09	05	KN	DM	5	0	FBQ		14	1153	961	+2	−1	169	193
2014	09	07	LC	DM	2	1	FBQ	KN	10	1155	951	+2	−1	170	194
2015	03	15	AG	DM	1	0	F		2	1271	949	+1	0	138	195
2015	03	26	DM	VG	3	2	WQ		3	952	606	+1	0	195	232
2015	03	29	DM	VG	0	0	WQ		-17	935	623	−3	+2	198	230
2015	05	12	LC	DM	1	1	WIT		-10	1105	945	−3	+1	176	197
2015	05	14	DM	GD	2	1	WIT	LC	22	967	1113	+4	−3	193	172
2015	05	16	VC	DM	1	0	WIT	LC	6	1198	961	+1	−1	162	194
2015	06	11	DM	CA	0	2	WQ		-4	957	1525	0	+2	194	77
2015	06	16	CA	DM	4	0	WQ		2	1527	955	+1	0	75	194
2016	03	26	VG	DM	0	7	FBQ		-19	604	974	−2	+3	231	191
2016	03	29	DM	MQ	1	4	FBQ		-7	967	1456	−2	+2	193	97
2016	06	04	GP	DM	2	1	FBQ		3	1278	964	−1	0	139	192
2016	06	07	DM	MQ	0	4	FBQ		-7	957	1464	−2	+2	194	94
2017	05	17	GP	DM	2	2	F		-8	1265	965	−4	+2	146	192
2017	06	28	GD	DM	1	1	WIT		-9	1102	974	−2	0	176	192
2017	06	30	DM	BB	2	1	WIT	GD	22	996	1117	+2	−2	190	174
2017	07	04	DM	LC	0	0	WIT	GD	4	1000	1092	0	0	190	176
2017	07	06	DM	VC	2	2	WIT	GD	4	1004	1099	0	0	190	175
2018	04	01	AG	DM	0	0	F		-7	1211	1011	−1	+1	159	189
2018	08	11	GP	DM	0	0	F		-7	1234	1018	−4	0	154	189
2018	09	06	DM	SR	0	0	CLQ	GP	13	1031	1260	+2	−2	187	144
2018	10	16	CA	DM	5	0	CLQ		2	1536	1029	−1	0	73	188
2018	11	20	DM	SX	2	0	CLQ	AI	14	1043	810	0	0	187	206
2019	03	02	DM	GD	1	0	WIT	VC	17	1060	1070	+1	−5	186	185
2019	03	04	DM	LC	1	1	WIT	VC	2	1062	1103	0	0	186	176
2019	03	06	VC	DM	2	1	WIT		9	1119	1053	0	−1	175	187
2019	03	08	BB	DM	2	0	WIT	VC	17	1150	1036	+2	0	171	187
2019	03	23	DM	BS	4	0	CLQ		13	1049	849	0	0	187	202
2019	09	05	DM	SR	1	2	CLB		-13	1036	1298	+1	+3	186	136
2019	09	08	VC	DM	1	0	CLB		9	1150	1027	+1	−1	171	187
2019	10	04	LC	DM	3	1	F		9	1088	1018	+1	−1	181	188
2019	10	06	LC	DM	1	4	F		-25	1063	1043	−2	+2	183	186
2019	10	11	NI	DM	3	1	CLB		11	1210	1032	+1	−2	157	187
2019	10	14	DM	NI	0	4	CLB		-29	1003	1239	−3	+9	189	148
2019	11	15	SR	DM	4	0	CLB		8	1292	995	+1	−1	136	190
2019	11	18	DM	VC	1	0	CLB		26	1021	1177	+2	−8	188	166
2021	03	24	DO	DM	1	0	WQ		8	1182	1013	+2	0	164	187
2021	03	28	PA	DM	2	1	WQ	DO	2	1542	1011	−1	0	75	187
2021	06	02	DM	AI	3	0	WQ	DO	5	1016	555	0	0	187	236
2021	06	08	BB	DM	1	1	WQ	DO	-6	1113	1022	0	−1	178	188
2022	05	12	DM	VC	2	1	F		10	1032	1129	+1	−2	186	175
2022	05	15	DM	VC	3	1	F		15	1047	1114	+1	−1	185	176
2022	06	02	AI	DM	0	0	CLC		16	600	1031	+1	−1	231	186
2022	06	05	AI	DM	1	1	CLC	KN	17	617	1014	+1	−1	230	187
2022	06	09	DM	LC	0	1	CLC		-25	989	1048	−2	+1	189	185
2023	03	27	LC	DM	3	1	CLC		17	1073	972	+3	0	179	188
2023	09	12	TC	DM	0	3	CLC		-22	720	994	−2	+1	216	189
2023	10	12	VG	DM	1	1	CLC	LC	15	658	979	+1	−1	226	190
2023	11	16	VG	DM	1	2	CLC		-9	658	988	−1	0	227	188
2023	11	20	DM	TC	2	0	CLC	VG	10	998	701	0	0	189	216
2024	05	02	VC	DM	1	3	F		-22	1050	1020	−2	+3	180	185
2024	05	05	VC	DM	2	0	F		10	1060	1010	+1	−1	179	186
2024	06	05	GT	DM	6	0	WQ		3	1486	1007	0	−1	86	187
2024	06	09	DM	JM	2	3	WQ		-2	1005	1641	0	0	186	52
2024	09	07	AG	DM	1	2	CLB		-25	961	1030	0	+1	189	185
2024	09	10	DO	DM	2	0	CLB	AG	15	1238	1015	+1	0	154	185
2024	10	12	BM	DM	6	1	CLB		18	1143	997	+2	−1	166	186
2024	10	15	BM	DM	3	2	CLB		8	1151	989	0	−1	165	187
2024	11	16	DO	DM	6	1	CLB		8	1269	981	+3	0	146	187
2024	11	19	AG	DM	0	0	CLB	DO	4	917	977	0	0	195	188
2025	05	08	DM	BB	0	0	F		-4	973	954	0	0	188	189
2025	05	11	DM	BB	0	0	F		-3	970	957	0	0	188	189
2025	06	04	DM	VG	3	0	WQ		5	975	627	−1	−1	189	229
2025	06	10	DO	DM	5	0	WQ		7	1288	968	+1	0	142	189
2025	11	12	MF	DM	2	1	CFS	KN	14	1016	954	+1	0	185	189
2025	11	15	SX	DM	3	2	CFS	KN	16	956	938	+4	−4	189	193
2026	03	27	GY	DM	2	0	CFS	DO	6	1281	932	0	−1	145	195
2026	03	30	DM	SX	0	0	CFS	DO	2	934	975	0	0	196	189