1947	12	05	FS	ET	0	5	FT		-3	897	1503	−	−	103	54
1948	06	01	FS	ET	1	2	F		-1	896	1504	0	0	106	56
1949	05	01	ET	FS	6	0	FT		1	1505	895	+1	0	57	108
1954	05	01	ET	FS	10	2	F		1	1506	894	−1	−1	61	134
1954	06	01	FS	ET	0	2	F		-1	893	1507	0	0	134	60
1954	06	02	FS	ET	1	2	F		-1	892	1508	0	0	134	60
1956	01	29	ET	EG	1	4	OQ		-42	1466	1577	−5	+13	71	45
1956	04	27	EG	ET	5	2	OQ		16	1593	1450	+2	−5	44	75
1956	05	13	SD	ET	5	1	F		4	1704	1446	−	−3	24	78
1956	11	16	ET	SD	2	1	F		14	1460	1690	+6	−4	75	27
1957	02	15	EG	ET	4	0	AR	SD	26	1657	1434	+5	−6	35	80
1959	05	22	RR	ET	4	0	AR		14	1644	1420	0	−3	40	85
1959	05	25	SD	ET	1	0	AR	RR	13	1623	1407	+1	−3	41	88
1959	11	14	UG	ET	1	2	OQ		-31	1481	1438	−15	+8	75	82
1959	11	23	SD	ET	3	1	OQ		11	1617	1427	+1	−1	43	83
1959	12	13	ET	UG	1	1	OQ		-3	1424	1476	−5	+2	88	73
1959	12	20	ET	SD	1	1	OQ		6	1430	1619	+3	0	83	42
1961	03	14	IL	ET	1	0	WQ		6	1624	1424	+2	−2	41	84
1961	03	19	IL	ET	3	2	WQ		6	1630	1418	0	−1	41	85
1961	12	31	ET	KE	4	3	F		9	1427	1466	+2	−1	85	74
1962	01	07	ET	KE	6	1	F		17	1444	1449	+6	−3	80	78
1962	01	14	ET	TN	4	2	AR		32	1476	1464	+7	−6	73	75
1962	01	21	ET	EG	4	2	AR		52	1528	1664	+12	−12	62	37
1962	09	19	YU	ET	5	2	F		2	1927	1526	0	0	8	65
1962	10	03	IL	ET	3	0	F		10	1595	1516	+2	−1	46	66
1962	10	10	TR	ET	3	0	F		5	1725	1511	0	0	23	66
1962	10	18	GR	ET	3	2	F		8	1478	1503	+1	−4	77	70
1962	12	16	ET	TR	0	0	F		3	1506	1715	+2	−1	67	24
1963	00	00	ET	SD	4	0	F		18	1524	1567	+1	−4	66	54
1963	01	00	ET	TY	4	0	F		4	1528	1236	+1	−1	65	124
1963	03	24	UG	ET	1	7	F		-16	1327	1544	−1	+5	105	60
1963	05	01	ZN	ET	0	4	F		-2	967	1546	0	0	150	60
1963	05	02	TY	ET	0	2	F		-7	1229	1553	−2	+1	126	59
1963	06	03	KE	ET	1	2	F		-9	1398	1562	−2	+2	93	57
1963	10	12	KE	ET	4	3	OQ		25	1399	1537	+9	−5	93	61
1963	11	10	ET	KE	7	1	OQ		19	1556	1396	+3	−5	58	93
1963	11	21	SN	ET	1	2	F		-14	1589	1570	−1	+5	50	53
1963	11	26	GH	ET	2	0	AR		10	1806	1560	+2	−3	15	56
1963	11	28	ET	TN	4	2	AR	GH	43	1603	1570	+8	−6	48	52
1963	11	30	EG	ET	3	0	AR	GH	28	1762	1575	+3	−2	22	50
1964	05	10	ET	MA	0	1	OQ		-21	1554	1686	−8	+4	57	31
1964	05	13	GR	ET	3	1	F		14	1490	1540	+4	−2	73	59
1964	05	17	TN	ET	3	2	F		7	1569	1533	+2	−3	51	62
1964	05	24	MA	ET	1	0	OQ		8	1694	1525	0	−5	31	67
1965	02	14	KE	ET	3	2	FQ		23	1390	1502	+6	−7	99	71
1965	02	21	UG	ET	1	2	FQ		-19	1373	1521	−7	+5	105	66
1965	03	03	ET	UG	2	0	FQ		10	1531	1339	+4	−3	61	109
1965	03	27	SD	ET	2	1	FQ		11	1616	1520	0	−3	44	65
1965	04	04	ET	KE	2	1	FQ		10	1530	1410	+3	−3	61	90
1965	04	18	ET	SD	1	0	FQ		20	1550	1608	+5	−4	57	46
1965	11	12	TN	ET	4	0	AR		26	1642	1524	+6	−6	39	63
1965	11	19	SN	ET	5	1	AR	TN	34	1657	1490	+6	−8	37	71
1966	06	30	ET	UG	5	0	EAC		12	1502	1339	+2	−5	67	108
1966	07	04	ET	SD	1	1	EAC		4	1506	1681	+1	−1	66	35
1967	02	19	ET	KE	2	0	EAC	SD	20	1526	1450	+3	−8	62	85
1967	02	24	SD	ET	1	1	EAC		-9	1654	1535	−1	0	37	62
1967	02	26	SD	ET	5	3	EAC		10	1664	1525	+2	−1	35	63
1967	02	28	ET	SD	2	1	F		11	1536	1653	+4	−2	59	37
1967	08	06	CD	ET	1	0	F		5	1642	1531	+1	−1	40	61
1967	10	29	UG	ET	2	3	IND		-11	1332	1542	−3	+2	108	60
1967	12	06	MU	ET	0	2	F		-19	1515	1561	−2	+4	65	58
1967	12	10	MG	ET	1	0	OQ		25	1395	1536	+3	−4	97	62
1967	12	17	ET	MG	8	3	OQ		16	1552	1379	+4	−3	59	100
1967	12	31	ET	KE	2	0	F		6	1558	1419	0	−3	59	90
1968	01	03	ET	KE	2	0	F		6	1564	1413	0	−2	59	92
1968	01	11	ET	UG	2	1	AR		6	1570	1326	+1	−1	58	110
1968	01	14	ET	CI	1	0	AR		31	1601	1731	+5	−4	52	24
1968	01	16	ET	DZ	3	1	AR		38	1639	1668	+13	−8	39	38
1968	01	19	ET	CD	2	3	AR		-28	1611	1728	−5	+7	44	24
1968	01	21	ET	CI	0	1	AR		-25	1586	1738	−11	+4	54	25
1968	04	20	NG	ET	3	1	OQ		24	1581	1562	+4	−7	55	59
1968	05	04	ET	NG	1	0	OQ		15	1577	1566	+3	−4	56	59
1968	09	29	MX	ET	3	0	F		4	1842	1573	0	−1	16	56
1968	10	00	ET	TH	6	0	F	MX	8	1581	1304	+2	0	54	114
1969	01	05	ET	SO	7	0	EAC		4	1585	1191	0	0	54	138
1969	01	11	ET	UG	4	0	EAC		8	1593	1368	+3	−1	51	102
1969	01	12	ET	SD	0	1	EAC		-18	1575	1639	−4	+3	55	41
1969	01	26	LY	ET	2	0	WQ		33	1474	1542	+8	−8	74	63
1969	02	09	ET	LY	5	1	WQ		21	1563	1453	+4	−5	59	79
1969	05	04	ET	SD	1	1	WQ		-1	1562	1640	0	0	58	42
1969	05	11	SD	ET	3	1	WQ		16	1656	1546	+5	−5	36	63
1969	05	25	ET	TZ	7	0	FQ		7	1553	1199	+1	−3	61	135
1969	05	31	TZ	ET	1	2	FQ		-8	1191	1561	−3	+3	138	58
1969	10	09	UG	ET	4	0	F		21	1431	1540	+10	−4	85	62
1970	02	06	SD	ET	3	0	AR		23	1639	1517	+5	−5	41	69
1970	02	08	CM	ET	3	2	AR	SD	21	1596	1496	+3	−3	54	72
1970	02	10	CI	ET	6	1	AR	SD	22	1741	1474	+5	−1	25	73
1970	03	22	ET	IL	1	5	F		-14	1460	1682	−3	+3	76	35
1970	11	11	KE	ET	2	0	FQ		40	1280	1420	+5	−11	121	88
1970	11	29	ET	KE	0	1	FQ		-32	1388	1312	−6	+8	93	113
1971	05	16	ET	ZM	6	3	OQ		41	1429	1504	+9	−4	86	66
1971	05	30	ZM	ET	0	1	OQ		-29	1475	1458	−3	+11	69	74
1971	06	01	ZM	ET	5	1	F		13	1488	1445	+3	−6	66	80
1972	04	23	MG	ET	1	2	OQ		-25	1405	1470	−8	+8	90	70
1972	04	30	ET	SD	0	0	OQ		4	1474	1641	+1	−1	69	41
1972	05	02	ET	SD	2	2	OQ		4	1478	1637	+1	0	68	41
1972	05	07	ET	GR	0	1	F		-9	1469	1629	0	0	68	43
1972	05	14	ET	MG	3	2	OQ		10	1479	1371	0	−3	68	99
1972	05	21	SD	ET	1	0	OQ		7	1652	1472	−1	0	42	68
1972	11	25	TZ	ET	1	1	WQ		-1	1382	1473	−1	0	97	67
1972	12	03	ET	TZ	0	0	WQ		-10	1463	1392	−2	+3	70	95
1972	12	10	ET	TZ	3	0	WQ		19	1482	1373	+3	−3	67	98
1973	00	00	SD	ET	1	0	F		6	1519	1476	0	0	61	67
1973	04	01	ET	ZM	0	0	WQ		-6	1470	1473	−3	+3	68	67
1973	04	08	ET	TZ	2	1	FQ		8	1478	1330	+3	−3	65	109
1973	04	15	ZM	ET	4	2	WQ		22	1495	1456	+5	−5	63	71
1973	04	22	TZ	ET	3	0	FQ		38	1368	1418	+11	−16	98	87
1973	07	07	TZ	ET	3	0	SBA		21	1405	1397	+7	−7	90	94
1974	12	08	ET	CN	3	0	F		23	1420	1581	+3	−1	90	47
1975	05	18	ET	TZ	0	0	OQ		-5	1415	1440	−1	+3	92	84
1975	05	31	TZ	ET	3	0	OQ		23	1463	1392	+7	−2	77	93
1975	06	05	KE	ET	2	1	F		9	1342	1383	+1	0	107	93
1976	01	25	ET	KE	1	1	F		-1	1382	1442	0	0	98	82
1976	01	28	ET	KE	1	0	F		9	1391	1433	+2	−3	96	85
1976	02	01	ET	GH	2	0	F		22	1413	1642	+7	−1	89	40
1976	02	29	ET	UG	2	0	AR		36	1449	1462	+9	−9	80	74
1976	03	03	ET	GN	1	2	AR		-18	1431	1664	−6	+3	86	38
1976	03	05	ET	EG	1	1	AR		12	1443	1699	+6	0	80	29
1976	10	10	ET	MU	3	0	F		5	1448	1221	+2	−1	81	130
1976	10	18	ET	KE	4	1	F		12	1460	1417	+2	−4	80	92
1976	10	24	UG	ET	4	1	F		12	1477	1448	+3	−2	73	82
1976	10	29	EG	ET	3	0	WQ		12	1628	1436	+2	−4	43	86
1976	11	14	ET	EG	1	2	WQ		-15	1421	1643	−2	+1	88	42
1977	03	20	MU	ET	2	3	FQ		-16	1242	1437	−3	+2	126	88
1977	04	03	ET	MU	1	0	FQ		6	1443	1236	+4	−2	84	128
1977	06	10	ET	CU	0	0	F		0	1443	1544	0	0	84	59
1977	10	02	ET	UG	0	0	FQ		-1	1442	1519	0	0	83	65
1977	10	09	UG	ET	2	1	FQ		11	1530	1431	+2	−4	62	87
1977	11	10	EG	ET	2	1	AGQ		6	1652	1425	+2	−2	39	88
1979	04	15	LY	ET	2	1	FQ		12	1475	1413	+4	−1	73	90
1979	04	29	ET	LY	1	1	FQ		-2	1411	1477	0	0	90	73
1979	05	12	MG	ET	2	1	OQ		16	1394	1395	+2	−3	94	93
1979	05	27	ET	MG	1	1	OQ		-6	1389	1400	−3	+1	95	92
1980	05	18	ET	ZM	0	0	WQ		4	1393	1549	+2	−1	91	61
1980	06	01	ZM	ET	4	0	WQ		14	1563	1379	+6	−4	55	95
1980	11	12	ET	MZ	3	2	F		6	1385	1311	+1	−1	95	109
1981	04	12	ET	KE	0	0	F		-3	1382	1386	−1	+2	95	93
1981	04	19	ET	SD	1	1	F		-1	1381	1460	0	+1	94	77
1981	04	21	ET	SD	2	0	F		14	1395	1446	+2	−6	92	83
1981	04	26	ET	RW	1	0	FQ		3	1398	1038	0	−1	92	160
1981	05	10	RW	ET	1	0	FQ		33	1071	1365	+6	−6	154	98
1981	05	17	ET	DY	1	1	F		-6	1359	1238	−2	+1	100	125
1981	06	28	GN	ET	2	2	FQ		-13	1525	1372	−2	+5	63	96
1981	10	04	ET	GN	1	1	FQ		3	1375	1523	+2	−1	94	67
1982	01	17	ET	TZ	0	2	F		-16	1359	1476	−5	+3	99	77
1982	01	19	ET	TZ	0	0	F		0	1359	1476	0	0	99	77
1982	02	14	ET	UG	1	2	F		-11	1348	1448	−2	+3	100	85
1982	02	18	ET	UG	1	0	F		10	1358	1438	+1	−3	98	88
1982	03	07	NG	ET	3	0	AR	LY	22	1574	1336	+5	−3	54	101
1982	03	10	ZM	ET	1	0	AR	LY	11	1561	1325	+3	−2	56	103
1982	03	13	DZ	ET	0	0	AR	LY	-20	1694	1345	−1	+2	32	101
1983	03	20	ET	KE	2	2	F		2	1347	1512	+1	−1	97	66
1983	03	22	ET	KE	0	0	F		2	1349	1510	+1	−3	96	69
1983	03	27	ET	DJ	8	1	F		2	1351	885	0	0	96	176
1983	03	29	ET	DJ	4	2	F		1	1352	884	0	0	96	176
1983	04	01	ET	UG	0	1	F		-9	1343	1492	−2	+1	98	73
1983	04	03	ET	UG	2	1	F		11	1354	1481	+2	−2	96	75
1983	04	10	ET	MU	1	0	FQ		10	1364	1260	+2	−3	94	121
1983	04	24	MU	ET	1	0	FQ		20	1280	1344	+5	−5	117	99
1983	04	29	ET	NG	0	1	FT		-12	1332	1521	−3	+4	102	64
1983	05	01	ET	LY	1	0	FT		21	1353	1568	+6	−7	96	56
1983	05	03	ET	LY	0	1	F		-7	1346	1575	−2	+1	98	55
1983	07	03	ET	TG	2	1	FQ		24	1370	1487	+4	−6	94	74
1983	08	28	TG	ET	3	0	FQ		16	1498	1354	+4	−2	70	97
1983	10	02	ZW	ET	3	2	OQ		9	1475	1345	+1	−2	77	98
1983	10	16	ET	ZW	1	0	OQ		22	1367	1453	+4	−5	94	81
1983	11	00	DY	ET	1	0	F		11	1229	1356	+3	−1	130	95
1983	11	13	ET	TZ	1	1	CEC	KE	2	1358	1393	0	0	95	91
1983	11	15	KE	ET	2	0	CEC		11	1520	1347	+2	−1	66	96
1983	11	17	UG	ET	2	1	CEC	KE	13	1495	1334	+4	−2	70	98
1983	11	19	SD	ET	2	0	CEC	KE	23	1440	1311	+2	−9	87	107
1983	12	08	KE	ET	2	2	IND		-11	1546	1322	0	+1	62	106
1983	12	10	KE	ET	1	0	IND		4	1550	1318	0	0	61	106
1983	12	12	KE	ET	2	1	IND		4	1554	1314	0	−1	61	107
1984	01	22	CM	ET	4	0	OQ		8	1595	1306	0	−2	49	109
1984	02	11	ET	CM	1	1	OQ		10	1316	1585	+2	−2	108	52
1984	03	23	DJ	ET	0	2	F		-4	880	1320	0	+2	177	106
1984	06	03	ET	DJ	2	0	FT		2	1322	878	0	0	106	177
1984	06	11	ET	ZW	2	0	FT		28	1350	1486	+9	−6	97	74
1984	10	13	KE	ET	2	1	WQ		7	1528	1343	+4	−2	60	98
1984	10	28	ET	KE	3	3	WQ		5	1348	1523	+1	−2	97	63
1986	03	14	DJ	ET	1	5	F		-4	873	1352	−1	+1	178	97
1986	03	18	DJ	ET	1	1	F		8	881	1344	+1	−1	177	98
1986	06	03	DJ	ET	0	2	F		-3	878	1347	0	+1	177	96
1986	10	05	ET	TZ	4	2	FQ		25	1372	1361	+4	−5	93	96
1987	12	13	ET	TZ	0	0	CEC		-9	1363	1315	−2	0	97	105
1987	12	17	ET	ZN	0	0	CEC		-16	1347	1100	−1	+1	98	152
1987	12	20	ET	KE	2	1	CEC		19	1366	1411	+3	−5	96	87
1987	12	24	ET	UG	3	0	CEC		45	1411	1524	+9	−12	87	67
1987	12	27	ET	ZW	1	1	CEC		0	1411	1516	0	0	87	68
1988	11	06	ET	ZM	0	0	CEC	MW	12	1423	1650	+3	−1	86	40
1988	11	11	ET	UG	2	1	CEC	MW	25	1448	1496	+6	−7	80	69
1988	11	13	ZW	ET	2	1	CEC	MW	18	1498	1430	+5	−4	69	84
1988	12	12	KE	ET	1	0	F		9	1388	1421	+1	−2	94	87
1989	03	26	ET	MW	1	1	F		2	1423	1572	0	−1	85	54
1989	03	28	ET	MW	1	0	F		11	1434	1561	+1	−3	84	57
1989	03	31	ET	ZM	0	1	F		-7	1427	1641	−1	+2	85	41
1989	04	02	ET	ZM	2	2	F		3	1430	1638	0	0	85	41
1989	04	09	ET	EG	1	0	FQ		27	1457	1626	+6	−4	80	43
1989	04	21	EG	ET	6	1	FQ		14	1640	1443	+4	−3	41	83
1990	08	17	EG	ET	2	0	FQ		8	1668	1435	+3	−1	37	78
1990	11	18	ET	TN	0	2	FQ		-36	1399	1495	−13	+6	90	67
1992	03	24	LY	ET	1	1	F		-6	1536	1405	−1	+3	66	92
1992	03	27	LY	ET	1	2	F		-16	1520	1421	−3	+4	69	88
1992	05	24	ET	SD	5	1	FT		17	1438	1354	+3	−3	86	110
1992	05	28	ET	NG	4	1	FT		36	1474	1632	+7	−7	80	45
1992	08	15	UG	ET	3	1	FQ		21	1507	1453	+4	−6	73	88
1992	08	18	IQ	ET	13	0	FT	JO	22	1668	1431	+5	−3	39	92
1992	08	22	CG	ET	3	0	FT	JO	24	1485	1407	+8	−8	76	100
1992	08	30	ET	SD	3	0	FQ		19	1426	1317	+6	−4	96	121
1992	10	11	MA	ET	5	0	WQ		16	1581	1410	+2	−4	61	101
1992	10	25	ET	TN	0	0	WQ		2	1412	1541	0	−1	101	67
1992	11	15	ET	ZN	3	0	CEC	TZ	11	1423	1117	+2	−1	98	168
1992	11	17	ZM	ET	3	2	CEC	TZ	9	1641	1414	+4	−2	44	100
1992	11	20	TZ	ET	2	1	CEC		22	1296	1392	+4	−2	129	103
1992	11	22	MW	ET	2	1	CEC	TZ	18	1439	1374	+5	−6	94	109
1992	12	20	ET	BJ	3	1	WQ		9	1383	1159	+4	−1	106	162
1993	01	17	ET	MA	0	1	WQ		-14	1369	1603	−5	+2	112	54
1993	01	31	TN	ET	3	0	WQ		10	1583	1359	+2	−1	58	113
1993	02	28	BJ	ET	1	0	WQ		26	1170	1333	+3	−6	162	119
1993	04	11	ET	NG	1	0	FQ		33	1366	1656	+5	−4	113	38
1993	04	24	ET	UG	2	2	FQ		2	1368	1502	0	0	112	78
1993	05	26	ET	SD	1	1	F		-4	1364	1320	0	+1	114	120
1993	07	09	SD	ET	1	0	FQ		17	1337	1347	+1	−3	119	117
1993	07	24	NG	ET	6	0	FQ		7	1673	1340	+3	−2	33	117
1994	09	04	ET	DZ	0	0	FQ		10	1350	1610	+2	−6	120	53
1994	10	15	UG	ET	4	1	FQ		18	1450	1332	+5	−5	89	123
1994	11	11	EG	ET	5	0	FQ		8	1619	1324	+4	−1	49	123
1995	01	08	ET	TZ	1	0	FQ		20	1344	1404	+4	−7	121	104
1995	01	22	ET	SD	2	0	FQ		22	1366	1332	+8	−5	113	123
1995	04	07	DZ	ET	2	0	FQ		9	1583	1357	0	−3	61	118
1995	04	23	ET	UG	0	0	FQ		0	1357	1457	−1	0	119	89
1995	06	04	ET	EG	0	2	FQ		-17	1340	1638	−1	+4	122	41
1995	07	15	TZ	ET	2	0	FQ		19	1396	1321	+6	−1	107	123
1995	07	30	SD	ET	3	0	FQ		21	1389	1300	+8	−5	109	129
1995	11	26	ET	TZ	2	2	CEC	UG	5	1305	1383	+1	−1	127	111
1995	12	04	ET	SO	5	0	CEC	UG	24	1329	1135	+6	−4	119	167
1995	12	07	ET	ZN	1	1	CEC	UG	-8	1321	1189	−2	+2	121	157
1995	12	09	KE	ET	2	1	CEC	UG	14	1444	1307	+3	−5	96	126
1996	04	21	ET	GH	2	0	F		24	1331	1641	+5	−2	120	43
1996	08	11	UG	ET	1	1	FQ		-6	1329	1337	−1	+3	123	120
1996	08	25	ET	UG	1	1	FQ		-6	1331	1331	−2	+1	122	122
1996	10	06	ET	SN	1	2	FQ		-20	1311	1448	−5	+4	127	95
1997	02	23	ET	EG	1	1	FQ		9	1320	1573	0	−3	128	61
1997	05	31	MA	ET	4	0	FQ		5	1702	1315	+1	−1	34	127
1997	06	22	SN	ET	3	0	FQ		15	1453	1300	+3	−5	88	132
1997	07	13	ET	MA	0	1	FQ		-5	1295	1724	−2	+2	135	28
1997	07	27	EG	ET	8	1	FQ		9	1590	1286	+2	−2	56	136
1999	01	31	ET	KE	2	2	F		2	1288	1447	0	0	133	91
1999	07	25	ET	ZN	2	0	CEC	RW	23	1311	1180	+3	−5	129	159
1999	07	27	ET	SD	0	0	CEC	RW	5	1316	1399	0	−2	129	106
2000	03	05	ET	SD	1	0	F		8	1324	1347	+5	−1	122	119
2000	04	09	ET	BF	2	1	WQ		19	1343	1382	+3	−6	121	112
2000	04	12	ET	CD	1	2	F		-9	1334	1486	0	0	121	85
2000	04	23	BF	ET	3	0	WQ		21	1397	1313	+5	−5	108	126
2000	07	02	ET	ZM	1	0	FQ		25	1338	1479	+4	−5	122	80
2000	07	15	ZM	ET	2	0	FQ		11	1506	1327	+1	−2	77	124
2000	11	18	UG	ET	2	2	CEC		-10	1397	1337	−2	+3	109	119
2000	11	21	ET	SO	2	1	CEC	UG	8	1345	1088	+1	−1	118	177
2000	11	25	ET	DJ	4	2	CEC	UG	4	1349	885	0	−1	117	199
2000	11	27	ET	BI	1	0	CEC	UG	23	1372	1378	+3	−5	114	113
2000	12	02	ET	RW	1	1	CEC	UG	-4	1368	1313	0	0	114	126
2001	11	21	ET	ZM	1	2	F		-10	1358	1481	−2	+4	116	83
2001	12	13	ET	ZN	5	0	CEC	RW	21	1379	1157	+4	−3	112	162
2001	12	18	BI	ET	2	2	CEC	RW	1	1354	1378	0	0	118	113
2001	12	20	RW	ET	0	1	CEC		-24	1318	1402	−3	+8	125	105
2001	12	22	ET	KE	2	1	CEC	RW	19	1421	1372	+5	−2	100	113
2002	04	10	YE	ET	1	1	F		3	1214	1418	+1	−2	154	104
2002	04	14	ET	TZ	3	0	F		8	1426	1305	+3	−1	101	129
2002	05	01	TZ	ET	3	1	F		16	1321	1410	+3	−3	126	105
2002	07	26	ET	UG	0	0	FT	SD	-4	1406	1314	−1	0	105	130
2002	07	28	TD	ET	3	2	FT	SD	20	1301	1386	+3	−7	132	112
2002	07	30	SD	ET	3	0	FT		18	1422	1368	+3	−4	102	116
2002	08	08	EG	ET	4	1	F		4	1627	1364	+1	−2	49	118
2002	09	07	NE	ET	3	1	FQ		26	1331	1338	+3	−7	129	127
2002	10	13	ET	GN	1	0	FQ		23	1361	1476	+7	−8	120	83
2002	12	02	ET	ZN	0	0	CEC	TZ	-11	1350	1162	−3	0	125	159
2002	12	04	UG	ET	3	0	CEC	TZ	31	1423	1319	+8	−5	103	130
2002	12	07	SO	ET	1	0	CEC	TZ	34	1065	1285	+3	−5	181	133
2002	12	09	RW	ET	1	0	CEC	TZ	19	1330	1266	+1	−5	128	138
2003	03	26	ET	BJ	3	0	F		14	1280	1274	+4	−7	137	140
2003	03	30	ET	LR	1	0	FQ		25	1305	1441	+6	−7	131	98
2003	06	08	LR	ET	1	0	FQ		8	1449	1297	+3	0	92	131
2003	06	22	ET	NE	2	0	FQ		25	1322	1312	+1	−3	130	132
2003	07	06	GN	ET	3	0	FQ		13	1488	1309	+8	−2	78	132
2003	10	12	ET	MW	1	3	WQA		-40	1269	1332	−9	+5	139	126
2003	11	15	MW	ET	0	0	WQA		-9	1323	1278	0	+3	126	135
2004	12	11	ET	BI	2	1	CEC		13	1291	1238	+2	−4	132	146
2004	12	15	ET	RW	0	0	CEC		-4	1287	1327	−1	+2	133	122
2004	12	17	ET	TZ	2	0	CEC		13	1300	1150	+1	−2	132	167
2004	12	19	ET	ZN	3	0	CEC		15	1315	1155	+5	−2	127	165
2004	12	22	ET	KE	2	2	CEC		2	1317	1452	−1	−1	128	95
2004	12	25	ET	BI	3	0	CEC		27	1344	1310	+6	−6	122	129
2005	03	12	SD	ET	3	1	F		10	1378	1334	+4	−2	106	123
2005	11	24	SD	ET	1	5	F		-26	1352	1360	−7	+9	112	109
2005	11	27	ET	UG	0	0	CEC	RW	-2	1358	1321	0	+1	109	121
2005	12	01	ET	SD	3	1	CEC	RW	30	1388	1332	+6	−10	104	119
2005	12	03	ET	DJ	6	0	CEC	RW	4	1392	848	0	0	104	202
2005	12	05	ET	SO	3	1	CEC	RW	6	1398	1014	+1	−1	103	186
2005	12	08	ET	ZN	4	0	CEC	RW	20	1418	1203	+3	−4	100	154
2005	12	10	RW	ET	0	1	CEC		-21	1314	1439	−7	+3	126	97
2006	07	17	ET	YE	1	0	F		3	1442	1224	0	−2	98	150
2006	08	11	ET	KE	1	0	F		5	1447	1359	0	−2	98	113
2006	08	13	ET	KE	1	0	F		5	1452	1354	0	−2	98	115
2006	09	03	ET	LY	1	0	FQ		15	1467	1445	+2	−4	93	98
2006	10	04	ET	SZ	2	0	F		3	1470	1184	+1	−1	91	161
2006	10	07	NA	ET	1	0	FQ		30	1205	1440	+12	−8	155	99
2006	11	25	ET	TZ	1	2	CEC		-34	1406	1279	−5	+10	102	133
2006	11	28	ET	DJ	4	0	CEC		2	1408	837	0	0	102	204
2006	12	01	ET	MW	1	0	CEC		10	1418	1303	+1	−2	101	129
2006	12	05	ET	ZM	0	1	CEC		-19	1399	1549	−3	+4	104	74
2007	04	29	CD	ET	2	0	FQ		17	1479	1382	+2	−3	91	106
2007	06	01	ET	CD	1	0	FQ		19	1401	1451	+3	−3	103	95
2007	06	17	LY	ET	3	1	FQ		22	1424	1379	+4	−5	99	109
2007	09	08	ET	NA	2	3	FQ		-32	1347	1282	−6	+10	116	135
2007	12	13	ZN	ET	3	1	CEC	TZ	40	1273	1307	+7	−9	137	128
2007	12	15	ET	SD	0	0	CEC	TZ	3	1310	1352	0	0	128	117
2008	05	31	MA	ET	3	0	WQA		4	1681	1306	0	0	42	128
2008	06	08	ET	RW	1	2	WQA		-23	1283	1370	−7	+5	134	112
2008	06	13	MR	ET	0	1	WQA		-21	1174	1304	−7	+6	162	126
2008	06	22	ET	MR	6	1	WQA		17	1321	1157	+4	−2	124	166
2009	11	30	ET	DJ	5	0	CEC	KE	4	1325	792	0	0	124	208
2009	12	02	ZM	ET	1	0	CEC	KE	12	1494	1313	+1	−4	87	128
2009	12	05	KE	ET	2	0	CEC		20	1352	1293	+1	−3	121	131
2010	08	18	ET	KE	0	3	F		-21	1272	1339	−3	+3	136	123
2010	08	29	ET	TD	1	0	F		6	1278	1239	0	0	136	143
2010	09	05	ET	GN	1	4	FQ		-25	1253	1500	−5	+3	141	88
2010	10	10	MG	ET	0	1	FQ		-26	1234	1279	−8	+4	146	137
2010	11	29	UG	ET	2	1	CEC	TZ	7	1567	1272	+2	0	72	139
2010	12	02	ET	KE	2	1	CEC	TZ	22	1294	1283	+7	−9	133	139
2010	12	04	ET	MW	1	1	CEC	TZ	7	1301	1417	0	0	133	109
2010	12	07	ET	ZM	2	1	CEC	TZ	32	1333	1518	+7	−6	124	82
2010	12	10	CI	ET	1	0	CEC	TZ	3	1746	1330	0	0	27	123
2010	12	12	UG	ET	4	3	CEC	TZ	9	1560	1321	0	−1	73	124
2011	03	27	NG	ET	4	0	FQ		6	1658	1315	+1	−5	46	129
2011	05	28	ET	SD	1	2	F		-12	1303	1340	−1	+1	131	122
2011	06	01	ET	SD	1	1	F		-2	1301	1342	0	0	131	122
2011	06	05	ET	NG	2	2	FQ		14	1315	1674	+2	−5	129	46
2011	09	04	GN	ET	1	0	FQ		6	1510	1309	+2	−1	85	132
2011	10	01	ET	SD	1	2	F		-10	1299	1410	−1	+3	131	106
2011	10	04	ET	MW	0	0	F		1	1300	1420	0	0	131	104
2011	10	08	ET	MG	4	2	FQ		15	1315	1199	+2	−6	130	156
2011	11	12	ET	SO	0	0	WQ	DJ	-17	1298	913	−1	+2	132	196
2011	11	16	ET	SO	5	0	WQ		5	1303	908	0	0	133	196
2011	11	28	ET	SD	1	1	CEC	TZ	5	1308	1390	+2	−1	130	108
2011	11	30	KE	ET	2	0	CEC	TZ	30	1333	1278	+6	−7	126	137
2011	12	02	ET	MW	1	1	CEC	TZ	8	1286	1425	+1	0	136	101
2012	02	29	ET	BJ	0	0	FQ		0	1286	1378	0	+2	135	112
2012	06	03	ZA	ET	1	1	WQ		-16	1568	1302	−6	+3	69	131
2012	06	10	ET	CF	2	0	WQ		19	1321	1246	+6	−4	127	146
2012	06	17	BJ	ET	1	1	FQ		-10	1403	1331	−1	+3	106	125
2012	08	15	LY	ET	2	1	F		2	1602	1329	+1	0	62	124
2012	09	08	SD	ET	5	3	FQ		12	1478	1317	+2	−4	93	127
2012	10	14	ET	SD	2	0	FQ		35	1352	1443	+8	−5	121	98
2012	11	24	ET	SS	1	0	CEC	UG	8	1360	1099	+2	−1	120	179
2012	11	27	UG	ET	1	0	CEC		7	1533	1353	+1	−3	77	122
2012	11	30	KE	ET	3	1	CEC	UG	34	1344	1319	+8	−8	124	130
2012	12	04	UG	ET	2	0	CEC		8	1544	1311	+3	−2	73	132
2012	12	30	ET	NE	1	0	F		8	1319	1339	+2	0	130	125
2013	01	07	ET	TN	1	1	F	QA	7	1326	1593	0	−2	130	61
2013	01	11	ET	TZ	2	1	F		8	1334	1353	+3	−3	127	124
2013	01	21	ET	ZM	1	1	AR	ZA	15	1349	1555	+3	−4	124	72
2013	01	25	BF	ET	4	0	AR	ZA	33	1492	1316	+6	−6	88	130
2013	01	29	NG	ET	2	0	AR	ZA	11	1637	1305	+4	−5	49	135
2013	03	24	ET	BW	1	0	WQ		14	1319	1282	+4	−2	129	139
2013	05	25	ET	SD	2	0	F		13	1332	1357	+2	−2	127	119
2013	06	08	BW	ET	1	2	WQ		-23	1268	1355	−3	+6	142	121
2013	06	16	ET	ZA	2	1	WQ		27	1382	1548	+8	−9	113	73
2013	09	07	ET	CF	2	1	WQ	CG	14	1396	1265	+2	−1	109	140
2013	10	13	ET	NG	1	2	WQ		-9	1387	1729	−2	+4	110	29
2013	11	16	NG	ET	2	0	WQ		5	1722	1382	+2	0	30	113
2013	11	27	KE	ET	0	0	CEC		-5	1374	1387	0	+2	116	111
2013	11	30	ET	ZN	3	1	CEC	KE	24	1411	1290	+3	−4	108	136
2013	12	03	ET	SS	2	0	CEC	KE	7	1418	1060	+2	0	106	181
2013	12	08	SD	ET	2	0	CEC	KE	37	1373	1381	+8	−10	118	116
2014	08	03	AO	ET	1	0	F		5	1472	1376	+1	−1	93	116
2014	09	06	ET	DZ	1	2	FQ		-10	1366	1683	−3	+4	118	38
2014	09	10	MW	ET	3	2	FQ		18	1323	1348	+2	−3	128	122
2014	10	11	ET	ML	0	2	FQ		-21	1327	1581	−4	+6	126	63
2014	10	15	ML	ET	2	3	FQ		-35	1546	1362	−10	+8	73	117
2014	11	09	UG	ET	3	0	F		8	1474	1354	0	−4	94	121
2014	11	15	DZ	ET	3	1	FQ		4	1711	1350	−1	−1	35	122
2014	11	19	ET	MW	0	0	FQ		-6	1344	1355	0	+5	122	118
2015	06	07	ET	ZM	0	1	F		-8	1336	1524	0	+2	124	77
2015	06	14	ET	LS	2	1	FQ		9	1345	1205	+1	−3	125	159
2015	08	28	RW	ET	3	1	F		8	1420	1337	0	−2	108	127
2015	09	05	SC	ET	1	1	FQ		13	967	1324	+3	−3	191	130
2015	09	30	BW	ET	2	3	IND		-18	1273	1342	−3	+4	137	126
2015	10	08	ST	ET	1	0	WQ		30	1092	1312	+3	−5	179	130
2015	10	11	ET	ST	3	0	WQ		10	1322	1082	+1	−3	129	181
2015	11	14	ET	CG	3	4	WQ		-18	1304	1477	−2	+4	133	91
2015	11	17	CG	ET	2	1	WQ		7	1484	1297	+4	−1	88	134
2015	11	21	ET	RW	0	1	CEC		-23	1274	1372	−5	+7	139	116
2015	11	25	ET	SO	2	0	CEC		3	1277	848	+2	0	137	207
2015	11	28	ET	TZ	1	1	CEC		-4	1273	1310	−2	0	140	132
2015	11	30	ET	TZ	1	1	CEC		-4	1269	1314	0	+1	140	131
2015	12	03	ET	UG	0	0	CEC		9	1278	1519	+2	−2	138	78
2015	12	05	ET	SD	1	1	CEC		-5	1273	1286	−2	+1	140	135
2016	03	25	DZ	ET	7	1	FQ		5	1668	1268	+2	−1	42	139
2016	03	29	ET	DZ	3	3	FQ		14	1282	1654	+1	−4	137	46
2016	06	05	LS	ET	1	2	FQ		-17	1104	1299	−2	+6	178	129
2016	09	03	ET	SC	2	1	FQ		3	1302	958	+1	−1	130	193
2017	06	03	ET	UG	0	0	F		2	1304	1454	0	−1	132	94
2017	06	11	GH	ET	5	0	FQ		9	1579	1295	+1	0	65	134
2017	09	30	BW	ET	2	0	IND		21	1246	1274	+5	−7	149	141
2017	12	05	ET	SS	3	0	CEC	KE	16	1290	1047	+5	−1	135	185
2017	12	07	BI	ET	4	1	CEC	KE	32	1352	1258	+5	−10	120	145
2017	12	10	ET	UG	1	1	CEC	KE	11	1269	1471	+6	−3	140	88
2018	09	02	ET	BI	1	1	F		-2	1267	1314	0	+1	144	129
2018	09	09	ET	SL	1	0	FQ		20	1287	1355	+4	−5	139	119
2018	10	10	ET	KE	0	0	FQ		-1	1286	1366	0	0	139	116
2018	10	14	KE	ET	3	0	FQ		18	1384	1268	+8	−3	110	142
2018	11	18	ET	GH	0	2	FQ		-12	1256	1622	−4	+4	146	50
2019	09	04	ET	LS	0	0	WQ		-3	1253	1307	−1	0	146	134
2019	09	08	LS	ET	1	1	WQ		-8	1299	1261	−3	−1	137	147
2019	10	13	ET	UG	0	1	F		-7	1254	1475	−1	+1	147	88
2019	11	16	MG	ET	1	0	FQ		8	1391	1246	+1	0	107	145
2019	11	19	ET	CI	2	1	FQ		34	1280	1615	+9	−7	137	55
2020	10	22	ET	ZM	2	3	F		-8	1272	1451	−1	+2	139	92
2020	10	25	ET	ZM	1	3	F		-12	1260	1463	−5	+2	144	90
2020	11	06	ET	SD	2	2	F		-2	1258	1302	−1	+1	145	131
2020	11	13	NE	ET	1	0	FQ		14	1283	1244	+2	−1	137	146
2020	11	17	ET	NE	3	0	FQ		29	1273	1254	+9	−10	138	147
2021	03	17	ET	MW	4	0	F		17	1290	1318	+3	−6	135	128
2021	03	24	ET	MG	4	0	FQ		41	1331	1380	+10	−9	125	107
2021	03	30	CI	ET	3	1	FQ		5	1635	1326	+1	0	51	128
2021	08	26	ET	SL	0	0	F		-2	1324	1348	−1	+1	128	123
2021	08	29	ET	UG	2	1	F		11	1335	1439	+3	−4	125	93
2021	09	03	GH	ET	1	0	WQ		4	1601	1331	0	−1	59	126
2021	09	07	ET	ZW	1	0	WQ		16	1347	1340	+4	−4	122	123
2021	10	09	ET	ZA	1	3	WQ		-23	1324	1551	−5	+3	126	72
2021	10	12	ZA	ET	1	0	WQ		5	1556	1319	+3	−1	70	129
2021	11	11	ET	GH	1	1	WQ	ZA	13	1332	1587	+7	−4	122	64
2021	11	14	ZW	ET	1	1	WQ		-5	1311	1337	−2	+3	129	118
2021	12	30	ET	SD	3	2	F	CM	9	1346	1309	+1	−2	118	131
2022	01	09	CV	ET	1	0	AR	CM	17	1484	1329	+1	−5	86	123
2022	01	13	CM	ET	4	1	AR		8	1631	1321	+4	−4	54	126
2022	01	17	BF	ET	1	1	AR	CM	-16	1559	1337	−1	+6	67	119
2022	03	25	KM	ET	2	1	F		9	1276	1328	+3	−1	138	122
2022	05	28	ET	LS	1	1	F		-6	1322	1210	−2	+1	125	155
2022	05	30	ET	LS	1	1	F		-5	1317	1215	−2	0	127	155
2022	06	05	MW	ET	2	1	FQ		15	1324	1302	+7	−8	124	132
2022	06	09	ET	EG	2	0	FQ	MW	54	1356	1641	+20	−7	114	52
2022	09	23	ET	SD	1	1	F		-4	1352	1305	0	+1	118	134
2022	09	26	ET	SD	2	2	F		-4	1348	1309	−1	0	119	135
2023	03	19	ET	RW	1	0	F		5	1353	1273	+2	0	119	141
2023	03	24	GN	ET	2	0	FQ	MA	28	1409	1325	+5	−6	102	125
2023	03	27	GN	ET	3	2	FQ	MA	15	1424	1310	+6	−9	97	135
2023	06	20	ET	MW	0	0	FQ	MZ	-3	1307	1260	+1	−2	131	148
2023	08	02	ET	GY	2	0	F	US	9	1316	1160	+2	−1	130	166
2023	09	08	EG	ET	1	0	FQ		3	1686	1313	+1	−1	45	131
2023	11	15	ET	SL	0	0	WQ	MA	0	1313	1318	0	−1	134	131
2023	11	21	BF	ET	3	0	WQ	MA	14	1564	1299	+2	−7	66	142
2024	03	21	ET	LS	1	2	F		-14	1285	1253	−3	0	143	155
2024	03	24	ET	LS	2	1	F		6	1291	1247	+3	0	141	155
2024	06	06	GW	ET	0	0	WQ		-9	1350	1300	−4	+1	117	139
2024	06	09	DJ	ET	1	1	WQ	MA	16	942	1284	+3	−5	193	143
2024	08	30	ET	SD	2	0	F		16	1300	1380	+4	−1	140	110
2024	09	04	TZ	ET	0	0	FQ		-9	1368	1309	−2	0	113	140
2024	09	09	CD	ET	2	0	FQ	TZ	11	1575	1298	+3	−2	65	141
2024	10	12	GN	ET	4	1	FQ	CI	21	1465	1277	+4	−4	90	143
2024	10	15	GN	ET	3	0	FQ	CI	18	1483	1259	+6	−3	84	147
2024	11	16	TZ	ET	2	0	FQ	CD	21	1386	1238	+5	−3	110	153
2024	11	19	CD	ET	1	2	FQ		-37	1540	1275	−9	+5	74	148
2025	03	21	EG	ET	2	0	WQ	MA	6	1663	1269	0	−1	50	148
2025	03	24	ET	DJ	6	1	WQ	MA	10	1279	929	+5	−1	143	194
2025	09	05	EG	ET	2	0	WQ		3	1669	1276	+1	−1	50	146
2025	09	09	SL	ET	2	0	WQ	LR	26	1353	1250	+9	−5	121	151
2025	10	08	ET	GW	1	0	WQ	RW	21	1271	1246	+5	−5	146	152
2025	10	12	BF	ET	3	1	WQ		7	1528	1264	0	0	76	147
2026	03	27	ET	ST	3	0	FQ	MA	16	1280	1040	+1	0	146	180
2026	03	31	ET	ST	1	0	FQ		5	1285	1035	+1	0	144	181