1961	09	03	KW	LY	2	2	PAR	MA	6	1306	1410	−	−3	109	91
1961	09	04	RR	KW	8	0	PAR	MA	11	1672	1295	+4	−3	33	112
1961	09	06	LB	KW	4	0	PAR	MA	34	1359	1261	+1	−6	104	118
1961	09	08	MA	KW	3	1	PAR		3	1702	1258	0	0	30	118
1961	09	10	SA	KW	1	0	PAR	MA	19	1301	1239	+5	−3	109	121
1962	01	26	KW	LB	0	5	F		-20	1219	1353	−1	+1	125	104
1962	01	29	KW	LB	0	3	F		-16	1203	1369	−3	+2	128	102
1963	01	06	KW	JO	2	1	F		7	1210	1186	0	−2	129	133
1963	03	03	TN	KW	2	1	F		2	1476	1208	0	0	77	129
1963	03	31	LB	KW	6	0	ARC		15	1384	1193	+3	−1	98	131
1963	04	02	KW	JO	4	0	ARC	LB	35	1228	1133	+4	−2	127	137
1963	04	06	TN	KW	5	1	ARC	LB	13	1508	1215	+3	−2	67	129
1963	04	07	SY	KW	4	0	ARC	LB	18	1434	1197	+5	−2	83	131
1964	11	13	KW	IQ	0	1	ARC		-5	1192	1627	−1	0	134	41
1964	11	15	KW	JO	2	0	ARC		17	1209	1111	+3	−2	131	143
1964	11	16	KW	LY	1	1	ARC		9	1218	1471	+3	0	128	76
1964	11	20	KW	LB	2	3	ARC		-17	1201	1396	−4	+7	132	95
1965	03	12	MA	KW	2	0	TIF	LY	3	1678	1198	0	−1	33	133
1965	03	14	LY	KW	4	1	TIF		5	1477	1193	+2	−1	75	134
1965	03	19	TN	KW	1	0	TIF	LY	3	1602	1190	0	−1	45	135
1966	04	01	IQ	KW	3	1	ARC		3	1618	1187	+2	0	43	137
1966	04	03	LB	KW	2	1	ARC	IQ	9	1410	1178	+1	−1	93	138
1966	04	06	BH	KW	4	4	ARC	IQ	0	1175	1178	0	0	139	137
1966	04	08	KW	JO	4	0	ARC	IQ	34	1212	1112	+4	−4	133	147
1969	02	28	BH	KW	3	5	F		-16	1114	1228	−1	+2	149	126
1969	12	13	BH	KW	3	8	F		-19	1095	1247	−4	+3	152	124
1970	00	00	KW	RU	3	1	F		29	1276	1937	+5	−1	119	6
1970	03	28	KW	SA	3	1	GLF	BH	36	1312	1306	+9	−8	111	113
1970	03	31	KW	QA	4	2	GLF	BH	13	1325	1072	+4	0	107	154
1970	04	03	BH	KW	1	3	GLF		-21	1094	1346	−4	+3	152	104
1971	01	28	IQ	KW	2	0	F		4	1554	1342	+1	−1	60	106
1971	11	19	IQ	KW	3	1	F		4	1585	1338	+1	−1	53	108
1971	12	03	IR	KW	2	0	OQ		6	1619	1332	+3	0	42	107
1971	12	10	KW	IQ	1	1	SQ		8	1340	1564	+1	−1	107	58
1971	12	14	KW	LB	1	0	SQ		15	1355	1335	+5	−4	103	108
1971	12	17	KW	SY	2	2	SQ		-4	1351	1391	−1	0	104	92
1971	12	21	KW	JO	2	0	SQ		9	1360	1143	+3	−1	101	144
1971	12	24	KW	IQ	0	1	SQ		-13	1347	1605	−6	+4	107	49
1972	01	01	KW	LY	3	2	PAL	IQ	27	1374	1452	+9	−6	98	75
1972	01	05	EG	KW	2	0	PAL	IQ	8	1699	1366	+2	−2	34	100
1972	01	07	IQ	KW	3	1	PAL		7	1624	1359	+3	−2	40	102
1972	01	15	IR	KW	2	0	OQ	GR	11	1630	1348	+2	−4	40	107
1972	03	16	SA	KW	2	2	GLF		-2	1287	1350	−1	+2	115	105
1972	03	18	KW	BH	2	0	GLF	SA	15	1365	1138	+4	−2	101	144
1972	03	22	KW	AE	7	0	GLF	SA	16	1381	1087	+4	−3	97	156
1972	03	26	KW	QA	5	0	GLF	SA	7	1388	978	+4	0	93	163
1972	05	08	TH	KW	0	2	AC		-33	1211	1421	−3	+6	132	86
1972	05	12	KW	KR	2	1	AC	TH	37	1458	1572	+13	−9	73	57
1972	05	14	KU	KW	4	0	AC	TH	72	1319	1386	+16	−20	110	93
1973	00	00	KW	QA	9	0	F		3	1389	975	+1	0	95	162
1973	01	05	KW	QA	4	1	F		2	1391	973	0	0	95	162
1973	05	04	SY	KW	2	1	WQ	IR	19	1420	1372	+6	−2	85	97
1973	05	06	IR	KW	2	1	WQ		6	1588	1366	+1	−4	52	101
1973	05	08	KW	KP	0	0	WQ	IR	15	1381	1680	+4	−3	97	35
1973	05	11	SY	KW	2	0	WQ	IR	26	1452	1355	+13	−7	70	104
1973	05	13	IR	KW	2	0	WQ		7	1622	1348	+2	0	43	104
1973	05	15	KW	KP	2	0	WQ	IR	52	1400	1625	+12	−6	92	42
1973	07	26	MY	KW	0	0	MRD		-5	1403	1405	−2	+2	90	89
1973	07	28	KW	SG	2	0	MRD	MY	10	1415	1179	+1	−2	88	139
1973	07	31	KW	BD	2	1	MRD	MY	3	1418	1012	0	0	88	160
1973	08	05	BU	KW	2	0	MRD	MY	9	1664	1409	+1	−1	35	89
1973	08	08	KW	RV	2	1	MRD	MY	10	1419	1278	+1	−5	88	122
1973	08	12	MY	KW	3	1	MRD		15	1454	1404	+6	−2	74	90
1973	12	00	KW	MA	2	0	F		22	1426	1647	+4	−4	85	39
1974	00	00	KW	LY	2	0	F		10	1436	1384	+10	−1	75	95
1974	00	00	KW	JP	4	3	F		8	1444	1451	+10	−3	75	77
1974	00	00	KW	CN	2	1	F		13	1457	1631	+10	−2	75	41
1974	02	08	KW	BG	1	3	F		-5	1452	1831	−1	0	76	17
1974	02	10	KW	BG	1	2	F		-3	1449	1834	−2	+1	78	16
1974	02	25	KW	MA	0	2	F		-11	1438	1643	−4	+1	82	38
1974	03	15	KW	AE	2	0	GLF		4	1442	1058	+2	0	80	157
1974	03	19	KW	OM	5	0	GLF		2	1444	868	0	0	80	175
1974	03	24	KW	QA	1	0	GLF		2	1446	990	0	0	80	163
1974	03	26	KW	AE	6	0	GLF		6	1452	1091	+2	−1	78	154
1974	03	29	KW	SA	4	0	GLF		19	1471	1345	+7	−3	71	106
1974	09	02	KW	TH	3	2	ASG	IR	10	1481	1262	+1	−3	69	126
1974	09	06	KW	KR	4	0	ASG	IR	52	1533	1576	+9	−12	60	51
1974	09	10	KP	KW	2	0	ASG	IR	23	1643	1510	+3	−6	38	66
1974	09	12	KW	BU	5	2	ASG	IR	42	1552	1537	+11	−10	55	60
1974	12	29	KW	TN	2	0	F		15	1567	1631	+2	−1	50	40
1975	01	14	KW	LY	1	0	F		3	1570	1387	+1	0	50	94
1975	08	14	CN	KW	3	3	F		-3	1557	1573	0	0	54	52
1975	08	20	IQ	KW	2	1	OQ	IR	19	1603	1554	+1	−2	48	54
1975	08	22	IR	KW	1	1	OQ		-11	1649	1565	−1	+3	40	51
1975	08	24	KW	BH	2	1	OQ	IR	2	1567	1088	0	0	51	153
1975	08	27	KW	SA	4	2	OQ	IR	16	1583	1370	+2	−9	49	103
1976	03	28	QA	KW	0	4	GLF		-6	1047	1589	0	+3	157	49
1976	03	31	KW	OM	8	0	GLF	QA	1	1590	839	+1	0	49	177
1976	04	03	KW	AE	0	0	GLF	QA	-19	1571	1043	−2	0	52	157
1976	04	06	KW	BH	5	2	GLF	QA	4	1575	1097	0	0	51	151
1976	04	08	IQ	KW	2	2	GLF	QA	-1	1589	1576	0	0	49	51
1976	04	11	KW	SA	3	1	GLF	QA	9	1585	1256	0	−2	51	124
1976	04	15	KW	IQ	4	2	GLF	QA	30	1615	1559	+6	−4	45	53
1976	06	03	KW	MY	2	0	AC	IR	16	1631	1378	+2	−6	44	100
1976	06	07	KW	CN	1	0	AC	IR	20	1651	1536	+2	−5	42	56
1976	06	11	KW	IQ	3	2	AC	IR	18	1669	1531	+5	−3	36	56
1976	06	13	IR	KW	1	0	AC		16	1719	1653	0	−3	31	39
1977	03	11	KW	BH	2	0	WQ	QA	2	1655	1103	+1	0	38	149
1977	03	15	QA	KW	0	2	WQ		-6	1153	1661	0	+2	140	36
1977	03	17	KW	BH	2	1	WQ	QA	1	1662	1083	−1	0	37	153
1977	03	21	QA	KW	1	4	WQ		-5	1097	1667	−2	+2	151	37
1977	09	06	WA	KW	0	0	F		-6	1813	1673	0	0	19	38
1977	09	20	KW	WA	0	0	F		1	1674	1812	0	0	37	19
1977	10	02	HK	KW	1	3	WQ		-18	1402	1692	−1	+2	91	34
1977	10	09	KR	KW	1	0	WQ		14	1711	1678	+2	−2	30	36
1977	10	16	AU	KW	1	2	WQ		-25	1651	1703	−2	+4	39	32
1977	10	28	IR	KW	1	0	WQ		11	1776	1692	+2	−3	22	33
1977	11	05	KW	KR	2	2	WQ		-5	1687	1707	−1	0	34	30
1977	11	12	KW	HK	4	0	WQ		7	1694	1375	+2	−1	32	98
1977	11	19	KW	AU	1	0	WQ		14	1708	1668	+1	−2	32	38
1977	12	03	KW	IR	1	2	WQ		-22	1686	1802	−2	+2	34	20
1978	12	11	KW	JP	2	0	ASG	TH	10	1696	1406	0	−2	34	91
1978	12	13	KR	KW	2	0	ASG	TH	23	1801	1673	+2	−3	20	37
1978	12	15	KW	BH	3	0	ASG	TH	3	1676	1107	0	0	37	148
1978	12	17	KW	IN	6	1	ASG	TH	6	1682	1241	+2	−3	35	126
1978	12	18	IQ	KW	3	0	ASG	TH	43	1646	1639	+7	−7	41	42
1978	12	19	KW	KP	2	2	ASG	TH	1	1640	1661	0	0	42	38
1979	03	24	KW	QA	3	1	GLF	IQ	4	1644	1158	0	0	41	138
1979	03	29	IQ	KW	3	1	GLF		20	1684	1624	+4	−4	33	45
1979	03	31	KW	AE	7	0	GLF	IQ	2	1626	984	+1	0	44	163
1979	04	02	KW	OM	2	0	GLF	IQ	1	1627	812	0	0	45	178
1979	04	05	KW	SA	0	0	GLF	IQ	-12	1615	1396	0	+1	45	93
1979	04	08	KW	BH	2	0	GLF	IQ	4	1619	1146	0	−1	46	140
1980	03	08	KW	BG	1	1	F		0	1619	1705	+1	0	46	30
1980	03	17	KW	SY	1	0	OQ	IQ	5	1624	1263	+1	0	45	120
1980	03	22	KW	DY	5	1	OQ	IQ	8	1632	1253	0	−1	44	122
1980	03	26	IQ	KW	0	0	OQ		-10	1703	1642	−1	+1	31	43
1980	03	29	KW	JO	1	0	OQ	IQ	2	1644	1143	0	0	43	144
1980	03	31	IQ	KW	2	3	OQ		-29	1677	1673	−4	+6	35	37
1980	07	21	KW	NG	3	1	OG	SU	51	1724	1671	+7	−10	28	38
1980	09	15	KW	AE	1	1	AC		-24	1700	1069	−3	+4	31	154
1980	09	18	KW	MY	3	1	AC		11	1711	1485	+1	−4	30	74
1980	09	21	KW	KR	0	3	AC		-52	1659	1799	−10	+4	40	21
1980	09	25	KW	QA	4	0	AC		3	1662	1181	0	0	38	138
1980	09	28	KW	IR	2	1	AC		24	1686	1719	+6	−1	32	27
1980	09	30	KW	KR	3	0	AC		47	1733	1768	+4	−6	28	23
1980	10	16	NZ	KW	5	1	MRD	MY	47	1499	1686	+9	−5	72	33
1980	10	19	ID	KW	2	1	MRD	MY	28	1256	1658	+6	−4	121	37
1980	10	21	KR	KW	3	0	MRD	MY	20	1764	1638	+3	−4	23	41
1980	10	24	TH	KW	1	0	MRD	MY	24	1405	1614	+4	−3	91	44
1980	10	27	MY	KW	2	1	MRD		19	1437	1595	+4	−5	84	50
1980	10	29	KW	BU	3	1	MRD	MY	10	1605	1358	+4	−1	46	98
1980	10	31	MA	KW	3	0	MRD	MY	24	1653	1581	+3	−5	39	51
1981	04	22	KW	TH	6	0	WQ		16	1597	1411	+4	−4	47	90
1981	04	25	KW	MY	4	0	WQ		12	1609	1405	+1	−1	46	89
1981	04	29	KW	KR	2	0	WQ		32	1641	1700	+4	−3	42	29
1981	10	10	NZ	KW	1	2	WQ		-22	1546	1663	−5	+2	58	39
1981	10	18	CN	KW	3	0	WQ		32	1624	1631	+4	−4	43	42
1981	11	04	SA	KW	0	1	WQ		-18	1473	1649	−4	+1	78	41
1981	11	30	KW	CN	1	0	WQ		15	1664	1642	+3	−2	39	42
1981	12	07	KW	SA	2	0	WQ		8	1672	1443	+4	−1	35	85
1981	12	14	KW	NZ	2	2	WQ		-12	1660	1547	−5	+3	40	59
1982	03	14	KW	IS	0	0	F		-6	1654	1506	0	+1	39	69
1982	03	20	KW	BH	2	0	GLF	AE	4	1658	1179	0	0	38	140
1982	03	24	AE	KW	0	2	GLF		-6	1185	1664	−1	0	139	38
1982	03	26	KW	SA	1	0	GLF	AE	7	1671	1387	+1	0	37	90
1982	03	29	KW	OM	2	0	GLF	AE	0	1671	832	0	0	37	181
1982	04	04	QA	KW	2	1	GLF	AE	38	1228	1633	+6	−2	132	39
1982	05	21	KW	MA	3	3	F		-4	1629	1592	−1	0	41	50
1982	06	17	CS	KW	1	1	WC	ES	-19	1877	1648	−1	+3	13	39
1982	06	21	FR	KW	4	1	WC	ES	25	1871	1623	+2	−3	14	43
1982	06	25	EN	KW	1	0	WC	ES	5	2033	1618	0	−2	3	44
1982	11	09	KW	IQ	1	0	F		10	1628	1716	+2	−2	41	30
1982	11	13	KW	NO	1	0	F		7	1635	1601	0	−1	41	47
1982	11	21	KW	NP	3	1	ASG	IN	1	1636	935	0	0	40	169
1982	11	23	KW	BU	4	0	ASG	IN	12	1648	1328	0	−2	40	102
1982	11	25	KW	IQ	2	1	ASG	IN	24	1672	1701	+2	−3	38	33
1982	11	28	KW	IR	1	0	ASG	IN	24	1696	1718	+3	−5	35	29
1982	11	30	KW	KP	3	2	ASG	IN	14	1710	1576	+3	−5	32	54
1982	12	03	IQ	KW	1	0	ASG	IN	19	1739	1691	+3	−3	26	35
1983	09	15	KW	JO	3	0	OQ		1	1692	1093	0	0	35	153
1983	09	29	KW	QA	2	2	OQ		-18	1674	1303	−3	+6	37	111
1983	10	14	SY	KW	1	3	OQ		-9	1272	1683	0	0	120	35
1983	10	21	JO	KW	0	2	OQ		-3	1096	1686	0	+1	153	34
1983	10	28	QA	KW	0	0	OQ		14	1315	1672	+5	−2	108	37
1983	11	04	KW	SY	1	3	OQ		-57	1615	1325	−5	+19	42	103
1984	02	17	KW	AF	1	0	F		0	1615	875	0	0	42	178
1984	02	19	KW	AF	2	0	F		0	1615	875	0	0	42	178
1984	03	09	KW	FI	1	0	F		4	1619	1451	+1	−4	42	84
1984	03	10	AE	KW	2	0	GLF	OM	55	1245	1564	+14	−17	126	59
1984	03	12	KW	BH	1	0	GLF	OM	6	1570	1266	+1	−1	58	122
1984	03	14	KW	DD	1	2	F		-5	1565	1886	−1	+1	59	9
1984	03	16	QA	KW	2	1	GLF	OM	32	1366	1533	+7	−5	93	64
1984	03	20	KW	SA	1	1	GLF	OM	-3	1530	1478	0	0	64	76
1984	03	22	IQ	KW	3	1	GLF	OM	17	1711	1513	+2	−2	32	66
1984	03	25	OM	KW	0	0	GLF		19	848	1494	+1	−3	180	69
1984	04	02	KW	BG	1	1	F		4	1498	1753	+1	0	69	29
1984	04	14	KW	BH	2	0	OQ	SG	12	1510	1245	+2	−2	67	126
1984	04	17	KW	KR	0	0	OQ	SG	7	1517	1626	+1	−1	67	40
1984	04	19	KW	NZ	2	0	OQ	SG	36	1553	1549	+7	−12	60	61
1984	04	22	SA	KW	4	1	OQ	SG	37	1568	1516	+9	−7	56	67
1984	12	03	KW	QA	1	0	AC	SG	24	1540	1477	+4	−8	60	76
1984	12	05	KW	KR	0	0	AC	SG	5	1545	1606	+1	−1	58	44
1984	12	09	KW	SY	3	1	AC	SG	19	1564	1336	+2	−6	56	101
1984	12	11	SA	KW	1	0	AC	SG	26	1577	1538	+6	−3	51	59
1984	12	14	CN	KW	1	0	AC	SG	19	1647	1519	+5	−5	38	64
1984	12	16	IR	KW	1	1	AC	SG	-12	1695	1531	−1	+2	34	62
1985	03	22	SY	KW	1	0	WQ		25	1365	1506	+3	−5	94	68
1985	03	31	KW	IS	1	1	F		-3	1503	1497	+1	+2	68	70
1985	04	05	KW	NY	5	0	WQ		1	1504	827	0	0	68	181
1985	04	12	KW	SY	0	0	WQ		-12	1492	1365	−3	+1	71	95
1985	04	26	NY	KW	1	3	WQ		-2	823	1494	−1	+2	182	69
1985	10	25	KW	MX	0	0	F		5	1499	1789	0	−1	74	25
1985	11	14	KW	EG	0	0	F		1	1500	1631	0	0	73	42
1986	03	19	KW	IS	1	0	F		7	1507	1479	+1	−2	72	77
1986	03	23	KW	SA	3	1	GLF	BH	37	1544	1555	+9	−9	63	60
1986	03	25	KW	OM	2	0	GLF	BH	1	1545	898	+1	0	62	175
1986	03	28	KW	AE	1	0	GLF	BH	12	1557	1385	+2	−3	60	91
1986	04	01	KW	QA	2	1	GLF	BH	18	1575	1497	+4	−3	56	73
1986	04	03	KW	IQ	2	1	GLF	BH	22	1597	1591	+7	−5	49	52
1986	04	07	BH	KW	1	1	GLF		9	1334	1588	+3	−4	101	53
1986	09	20	KW	BD	4	0	ASG	KR	5	1593	1108	+3	−1	50	151
1986	09	22	KW	NP	5	0	ASG	KR	1	1594	843	+1	0	49	182
1986	09	24	KW	JP	2	0	ASG	KR	19	1613	1448	+3	−5	46	82
1986	09	26	KW	IR	1	0	ASG	KR	25	1638	1668	+6	0	40	34
1986	10	01	CN	KW	1	1	ASG	KR	1	1618	1637	+1	0	46	39
1986	10	03	KW	SA	2	2	ASG	KR	-3	1634	1586	0	0	39	54
1986	10	04	KW	ID	5	0	ASG	KR	6	1640	1197	0	−2	39	136
1987	02	16	KW	DZ	2	0	F		12	1652	1647	+2	−1	40	41
1987	02	21	KW	IQ	2	0	F		7	1659	1541	0	0	40	61
1987	02	26	KW	IS	1	1	F		-6	1653	1497	0	0	40	73
1987	02	27	IR	KW	2	1	OQ	QA	19	1691	1634	0	−3	36	43
1987	02	28	KW	IS	0	1	F		-16	1618	1513	−2	+2	45	71
1987	03	07	KW	IR	1	0	OQ	QA	24	1642	1667	+3	0	42	36
1987	11	08	KW	EG	1	2	F		-11	1631	1701	0	0	45	33
1987	12	04	QA	KW	0	0	OQ		5	1440	1626	0	0	81	45
1987	12	11	KW	SA	1	0	OQ		11	1637	1552	0	−2	44	62
1987	12	18	KW	IQ	2	1	OQ		14	1651	1613	+2	−4	41	48
1987	12	23	KW	TN	0	1	F		-17	1634	1491	−3	+3	44	74
1988	01	01	KW	QA	0	0	OQ		-14	1620	1441	−1	+1	45	81
1988	01	08	SA	KW	0	0	OQ		-1	1543	1621	0	−1	64	46
1988	01	15	IQ	KW	1	0	OQ	OM	20	1648	1601	+2	−3	43	51
1988	03	03	KW	QA	1	1	GLF	SA	-9	1592	1448	0	0	51	81
1988	03	05	AE	KW	1	0	GLF	SA	28	1479	1564	+4	−7	76	58
1988	03	08	IQ	KW	1	0	GLF	SA	16	1657	1548	+3	−3	40	61
1988	03	12	BH	KW	1	0	GLF	SA	34	1294	1514	+13	−7	107	68
1988	03	14	KW	OM	2	0	GLF	SA	5	1519	1081	+3	−2	65	156
1988	03	18	SA	KW	0	0	GLF		-4	1486	1523	−1	0	75	65
1988	04	08	KW	JP	1	0	SQ	MY	17	1540	1449	+3	−2	62	80
1988	04	12	JO	KW	0	0	SQ	MY	15	1221	1525	+2	−3	133	65
1988	04	15	KW	PK	3	0	SQ	MY	4	1529	1018	0	0	65	165
1988	04	18	MY	KW	0	5	SQ		-22	1241	1551	−6	+4	125	61
1988	07	06	LB	KW	1	0	F	JO	17	1234	1534	+3	−1	130	63
1988	07	10	JO	KW	0	1	ARC		-11	1244	1545	−4	+2	124	62
1988	07	12	DZ	KW	1	0	ARC	JO	16	1634	1529	+1	−4	43	66
1988	07	14	SY	KW	1	0	ARC	JO	21	1536	1508	+4	−4	64	70
1988	07	16	BH	KW	1	1	ARC	JO	7	1386	1501	+1	0	93	70
1988	11	03	KW	FI	0	0	F		0	1501	1614	0	0	68	45
1988	11	06	KW	FI	0	0	F		0	1501	1614	0	0	68	45
1988	11	16	KW	EG	2	2	F		2	1503	1667	−1	−1	69	38
1988	11	23	KW	SU	0	1	F		-2	1501	1993	0	0	66	3
1988	12	03	BH	KW	0	0	AC	QA	8	1394	1493	0	−1	95	67
1988	12	05	KW	SA	0	0	AC	QA	1	1494	1506	0	0	67	64
1988	12	08	SY	KW	1	0	AC	QA	29	1471	1465	+7	−9	74	76
1988	12	10	CN	KW	2	2	AC	QA	-12	1633	1477	−2	+4	44	72
1989	01	06	PK	KW	0	1	WQ		-4	1009	1481	−1	+1	167	73
1989	01	13	KW	AE	3	2	WQ		14	1495	1453	+5	−3	67	79
1989	01	27	KW	PK	2	0	WQ		2	1497	1004	0	0	68	168
1989	02	03	AE	KW	1	0	WQ		17	1473	1480	+5	−5	75	73
1989	09	20	KW	CN	2	1	F		10	1490	1576	+2	−1	67	53
1989	09	22	KW	QA	1	0	F		7	1497	1463	0	0	67	73
1989	09	25	KW	EG	0	0	F		2	1499	1657	0	−1	67	38
1989	10	15	IQ	KW	1	0	F		4	1662	1495	0	0	37	66
1989	10	25	KW	NO	2	2	F		2	1497	1649	0	−1	67	40
1989	10	30	KW	LB	5	0	PFT		9	1506	1277	0	−2	67	115
1989	11	04	KW	UG	1	1	PFT		-5	1501	1491	0	0	67	69
1989	11	08	KW	IQ	1	2	PFT		-13	1488	1652	−1	+3	68	39
1989	11	12	KW	IR	1	0	PFT		16	1504	1584	+1	−1	67	49
1990	01	21	KW	FR	0	1	FT		-5	1499	1870	0	0	68	16
1990	01	26	KW	DD	1	2	FT		-10	1489	1731	0	+1	68	29
1990	02	11	KW	PL	1	1	F	EG	7	1496	1801	0	0	68	18
1990	02	15	FI	KW	1	0	F	EG	7	1616	1489	0	0	47	68
1990	02	21	KW	BH	1	0	GLF		9	1498	1364	0	−1	68	99
1990	02	24	KW	OM	1	1	GLF		-18	1480	1092	−2	+2	70	158
1990	02	28	KW	IQ	1	1	GLF		4	1484	1649	+3	0	68	39
1990	03	07	KW	QA	2	0	GLF		22	1506	1466	+2	−4	67	72
1990	03	09	KW	AE	6	1	GLF		28	1534	1473	+4	−3	63	71
1990	09	23	KW	HK	2	1	ASG	CN	7	1541	1255	0	−3	62	125
1990	09	25	KW	YE	0	0	ASG	CN	-15	1526	1204	−3	+1	65	139
1990	09	27	TH	KW	2	1	ASG	CN	33	1301	1493	+10	−1	111	66
1990	10	01	KR	KW	1	0	ASG	CN	8	1754	1485	0	−1	27	68
1991	12	09	KW	PL	0	2	F		-7	1478	1783	−2	0	77	22
1992	05	14	KW	SY	0	0	F		-3	1475	1490	0	+1	79	76
1992	05	17	QA	KW	0	0	F		-2	1457	1477	0	+1	81	78
1992	05	24	KW	BH	2	0	SQ	AE	22	1499	1364	+6	−8	73	108
1992	05	27	AE	KW	3	2	SQ		18	1454	1481	+5	−5	83	78
1992	09	10	KW	JO	4	1	PGC	SY	28	1509	1384	+5	−6	73	107
1992	09	12	EG	KW	1	0	PGC	SY	14	1631	1495	+5	−2	47	75
1992	09	14	SA	KW	2	0	PGC	SY	22	1611	1473	+3	−5	54	80
1992	09	17	SY	KW	1	2	PGC		-25	1428	1498	−8	+7	95	73
1992	10	18	KW	IR	1	1	F		1	1499	1641	0	0	73	44
1992	10	22	KW	OM	4	0	F		2	1501	1089	0	0	73	174
1992	11	20	EG	KW	1	1	F		-6	1662	1507	−2	+1	37	74
1992	11	28	KW	AE	2	0	GLF	QA	29	1536	1465	+7	−4	68	83
1992	11	30	KW	OM	2	1	GLF	QA	3	1539	1082	+2	−1	66	177
1992	12	03	QA	KW	4	0	GLF		34	1501	1505	+8	−10	77	76
1992	12	06	SA	KW	2	1	GLF	QA	16	1584	1489	+2	−4	59	81
1992	12	10	BH	KW	1	0	GLF	QA	27	1390	1462	+7	−6	103	87
1993	01	02	KW	LB	2	0	F		5	1467	1261	+1	0	87	136
1993	02	24	KW	CN	1	0	F		8	1475	1481	0	0	86	84
1993	03	16	KW	SY	2	1	F		6	1481	1424	+2	−2	83	96
1993	04	04	KW	EG	1	3	F		-12	1469	1656	−3	+4	86	37
1993	04	16	AU	KW	1	0	F	SG	3	1748	1466	0	0	28	87
1993	04	19	KW	AU	3	1	F	SG	25	1491	1723	+4	−1	83	29
1993	04	23	HK	KW	2	2	F	SG	6	1253	1485	+1	0	142	83
1993	04	25	KW	HK	1	0	F	SG	4	1489	1249	0	+1	83	141
1993	05	01	MY	KW	1	1	WQ		7	1272	1482	+4	0	134	83
1993	05	03	KW	MO	10	1	WQ	MY	8	1490	1047	0	0	82	182
1993	05	05	KW	SA	0	0	WQ	MY	7	1497	1601	+3	0	79	54
1993	05	14	KW	MY	2	0	WQ	SA	14	1511	1283	+3	−3	76	134
1993	05	16	KW	MO	8	0	WQ	SA	6	1517	1026	+2	0	74	183
1993	05	18	SA	KW	2	0	WQ		15	1624	1502	+6	−4	46	78
1994	04	28	KW	BG	2	2	F		5	1507	1778	0	0	77	24
1994	09	22	MY	KW	0	2	F		-9	1248	1516	−1	+3	141	75
1994	09	24	AU	KW	0	0	F	MY	-5	1719	1521	0	+3	29	72
1994	10	01	KW	OM	2	2	ASG	JP	-11	1510	1306	−5	+4	77	127
1994	10	03	KW	NP	8	0	ASG	JP	3	1513	886	+1	0	76	199
1994	10	07	KW	KR	1	0	ASG	JP	29	1542	1657	+8	−6	68	39
1994	10	11	KW	AE	2	1	ASG	JP	18	1560	1484	+2	−3	66	82
1994	10	13	CN	KW	2	0	ASG	JP	26	1630	1534	+10	−4	45	70
1994	10	15	KW	KR	2	1	ASG	JP	27	1561	1637	+4	−3	66	41
1994	10	29	IS	KW	1	0	F	AE	10	1572	1551	+2	−2	62	67
1994	11	04	BH	KW	2	1	GLF	AE	27	1450	1524	+5	−3	90	70
1994	11	07	KW	QA	1	0	GLF	AE	14	1538	1406	+1	−1	69	99
1994	11	09	AE	KW	2	0	GLF		24	1533	1514	+7	−6	69	75
1994	11	13	KW	OM	0	0	GLF	AE	-12	1502	1298	−4	+3	79	131
1994	11	16	SA	KW	2	0	GLF	AE	17	1683	1485	+4	−2	33	81
1995	05	04	KW	ML	2	1	F		5	1490	1408	+1	−1	81	100
1995	12	13	KW	CZ	1	2	F		-3	1487	1896	−1	+1	82	10
1995	12	27	KW	KZ	0	0	F		0	1487	1587	0	0	82	57
1996	02	23	EC	KW	3	0	F	QA	9	1668	1478	+1	−2	39	84
1996	02	24	KW	OM	1	0	F		3	1481	1284	0	0	84	134
1996	03	02	OM	KW	0	3	F		-13	1271	1494	−3	+4	137	80
1996	03	05	SY	KW	0	2	F		-18	1443	1512	−9	+5	97	75
1996	03	10	TM	KW	2	2	SQ		-6	1514	1518	−2	+2	75	73
1996	03	16	KW	FI	0	1	F		-14	1504	1502	−3	+2	76	79
1996	03	22	KW	TM	2	0	SQ		22	1526	1492	+3	−7	73	81
1996	04	21	QA	KW	3	1	F		15	1437	1511	+3	−1	98	74
1996	05	23	KW	SY	3	1	F		8	1519	1435	+1	0	73	97
1996	06	09	LB	KW	3	5	SQ		-28	1363	1547	−5	+5	114	71
1996	06	20	KW	LB	0	0	SQ		-13	1534	1376	−1	+1	73	113
1996	10	04	KW	IR	0	1	F		-12	1522	1591	0	+1	72	58
1996	10	08	CY	KW	1	1	F	AE	4	1394	1518	+3	−1	108	74
1996	10	16	KW	BH	1	0	GLF	OM	15	1533	1407	+2	−4	70	105
1996	10	18	OM	KW	1	2	GLF		-12	1269	1545	0	+3	135	67
1996	10	22	AE	KW	2	1	GLF	OM	21	1551	1524	+5	−4	66	71
1996	10	24	KW	SA	1	0	GLF	OM	25	1549	1589	+4	−7	67	58
1996	10	28	KW	QA	2	1	GLF	OM	19	1568	1511	+5	−3	61	74
1996	11	19	KW	SY	2	2	F		-5	1563	1488	−1	+2	64	81
1996	11	22	KW	ML	4	2	F		5	1568	1357	+1	−2	63	119
1996	12	04	ID	KW	2	2	AC	AE	19	1249	1549	+3	−6	141	69
1996	12	07	AE	KW	3	2	AC		17	1577	1532	+4	−1	59	70
1996	12	10	KW	KR	2	0	AC	AE	50	1582	1599	+10	−13	60	56
1996	12	15	KW	JP	2	0	AC	AE	59	1641	1747	+16	−6	44	28
1996	12	18	AE	KW	1	0	AC		20	1627	1621	+6	−4	47	49
1996	12	21	IR	KW	1	1	AC	AE	-4	1666	1625	−2	+1	40	48
1997	02	18	KW	EG	2	0	F		10	1635	1582	+1	−1	48	58
1997	03	18	KW	BH	3	1	F		4	1639	1383	0	−2	47	114
1997	04	11	KW	IR	0	2	F		-18	1621	1684	−6	+2	51	39
1997	04	17	TH	KW	3	1	F		20	1418	1601	+5	−4	102	55
1997	04	26	SG	KW	0	1	WQ		-10	1290	1611	−3	0	134	55
1997	05	08	KW	LB	2	0	WQ		9	1620	1402	+1	−2	53	106
1997	05	27	KW	ZM	2	1	F		8	1628	1639	+3	−1	50	48
1997	06	05	KW	SG	4	0	WQ		5	1633	1266	+1	−1	49	136
1997	06	22	LB	KW	1	3	WQ		-21	1400	1654	−5	0	104	46
1997	07	13	KW	MR	3	1	PAR	LB	4	1658	1198	0	−3	46	157
1997	07	16	SY	KW	2	1	PAR	LB	28	1534	1630	+4	−1	71	47
1997	07	19	KW	AE	1	0	PAR	LB	16	1646	1546	+1	−3	46	69
1997	07	23	JO	KW	3	2	PAR	LB	32	1436	1614	+11	−6	92	52
1997	07	26	LB	KW	3	1	PAR		41	1424	1573	+11	−8	99	60
1997	09	14	SA	KW	2	1	WQ		12	1640	1561	+2	−1	46	64
1997	09	19	QA	KW	0	2	WQ		-34	1477	1595	−6	+10	81	54
1997	09	26	KW	IR	1	1	WQ		1	1596	1714	0	0	55	35
1997	10	03	KW	ML	8	1	F		6	1602	1355	+2	0	54	117
1997	10	10	KW	CN	1	2	WQ		-23	1579	1670	−7	+3	60	43
1997	10	17	KW	SA	2	1	WQ		18	1597	1627	+4	−3	55	50
1997	10	24	KW	QA	0	1	WQ		-32	1565	1496	−5	+9	60	78
1997	10	31	IR	KW	0	0	WQ		-13	1710	1578	−5	+3	38	58
1997	11	12	CN	KW	1	0	WQ		12	1636	1566	+1	−1	49	59
1998	04	14	IR	KW	1	1	F		-5	1660	1571	−5	0	48	60
1998	05	24	US	KW	2	0	F		5	1761	1566	+2	0	25	60
1998	09	09	KW	LB	0	0	F		-7	1559	1369	−3	0	64	116
1998	09	13	KW	KP	4	0	F		11	1570	1487	+3	−3	61	79
1998	09	24	KW	EG	4	1	ARC	QA	47	1617	1652	+6	−10	54	47
1998	09	26	KW	SY	4	0	ARC	QA	30	1647	1515	+5	−5	49	70
1998	09	29	SA	KW	2	1	ARC	QA	19	1690	1628	+6	−2	39	51
1998	10	01	KW	AE	4	1	ARC	QA	28	1656	1526	+3	−3	48	68
1998	10	13	KW	IR	3	0	F		13	1669	1647	+1	−4	47	51
1998	10	27	CY	KW	5	3	F		19	1504	1650	+5	−4	76	50
1998	10	31	SA	KW	2	1	GLF	BH	16	1734	1634	+4	−2	29	51
1998	11	02	KW	QA	6	2	GLF	BH	24	1658	1479	+3	−5	48	81
1998	11	06	BH	KW	0	2	GLF		-14	1333	1672	−3	+3	122	45
1998	11	09	KW	OM	5	0	GLF	BH	11	1683	1336	+5	−2	40	121
1998	11	12	KW	AE	4	1	GLF	BH	23	1706	1532	+5	−5	35	70
1998	12	01	KW	MN	11	0	ASG	TH	1	1707	893	0	0	36	198
1998	12	03	KW	UZ	3	3	ASG	TH	-10	1697	1533	0	+2	35	70
1998	12	07	KW	AE	5	0	ASG	TH	23	1720	1520	+2	−6	33	72
1998	12	09	JP	KW	2	1	ASG	TH	24	1675	1696	+6	−3	43	36
1998	12	11	KR	KW	1	0	ASG	TH	18	1752	1678	+3	−5	26	42
1998	12	14	KW	QA	0	0	ASG	TH	-10	1668	1508	−5	+2	46	74
1998	12	16	TH	KW	0	3	ASG		-23	1418	1691	−8	+6	103	40
1998	12	19	IR	KW	2	0	ASG	TH	28	1737	1663	+7	−8	29	48
1998	12	27	KW	EG	1	1	F		-4	1659	1640	−1	0	49	51
1999	02	15	KW	IR	1	2	FT		-16	1643	1753	−2	+2	50	28
2000	01	31	KW	SY	4	0	F		6	1649	1463	+1	−3	46	88
2000	02	04	KW	IR	1	1	F		0	1649	1757	0	0	46	24
2000	02	10	KW	TM	6	1	SQ		11	1660	1419	+2	−3	45	100
2000	02	14	KW	BT	20	0	SQ		0	1660	565	0	0	46	223
2000	02	16	KW	YE	2	0	SQ		2	1662	1196	−1	0	47	153
2000	02	18	KW	NP	5	0	SQ		0	1662	785	0	0	47	206
2000	06	25	LB	KW	3	1	F		20	1452	1642	+7	−5	90	52
2000	09	24	QA	KW	0	0	F		1	1491	1641	0	0	78	51
2000	09	30	KW	TH	3	2	F		4	1645	1509	0	−1	52	76
2000	10	04	AU	KW	1	0	FRT	AE	10	1784	1635	0	−2	23	53
2000	10	07	AE	KW	1	0	FRT		15	1545	1620	+4	−1	66	55
2000	10	13	ID	KW	0	0	AC	LB	15	1385	1605	+1	−1	113	58
2000	10	16	KW	KR	1	0	AC	LB	36	1641	1734	+5	−8	53	31
2000	10	19	CN	KW	0	0	AC	LB	-5	1703	1646	0	+1	39	52
2000	10	24	SA	KW	3	2	AC	LB	25	1665	1621	+7	−4	47	56
2001	01	12	QA	KW	1	0	F		10	1515	1611	+2	−1	74	57
2001	01	17	KW	SY	2	0	F	QA	11	1622	1517	+2	−1	55	72
2001	01	23	TH	KW	5	4	F		10	1546	1612	+3	−2	67	57
2001	02	03	KW	BH	2	1	WQ	SG	6	1618	1290	+1	−2	57	134
2001	02	06	SG	KW	1	1	WQ		13	1252	1605	+4	−1	142	58
2001	02	09	KW	KG	3	0	WQ	SG	6	1611	1181	0	−1	58	160
2001	02	15	KW	FI	4	3	F		8	1619	1628	+1	−1	57	55
2001	02	21	KW	SG	1	0	WQ		2	1621	1227	0	−1	57	150
2001	02	24	KW	KG	2	0	WQ		2	1623	1167	0	0	57	163
2001	02	27	KW	BH	0	1	WQ		-36	1587	1397	−3	+8	60	108
2001	08	03	KW	TT	1	1	FT	CN	0	1587	1576	0	0	59	62
2001	08	05	KW	KP	1	1	FT	CN	-5	1582	1472	−1	+2	60	85
2001	10	18	KW	QA	0	1	F		-14	1568	1560	−1	+2	61	63
2001	11	29	OM	KW	1	1	F		2	1393	1566	0	0	109	63
2001	12	29	KW	SY	0	0	F		-6	1560	1453	−1	+1	64	91
2001	12	31	KW	SY	2	2	F		-5	1555	1458	−1	+1	65	89
2002	01	05	KW	ZW	3	0	F		10	1565	1491	+2	−1	63	80
2002	01	08	IS	KW	0	0	F	OM	-1	1601	1566	−1	0	55	63
2002	01	16	SA	KW	1	1	GLF		-11	1681	1577	0	+3	42	61
2002	01	19	OM	KW	3	1	GLF	SA	44	1449	1533	+15	−8	91	69
2002	01	22	BH	KW	0	0	GLF	SA	3	1482	1530	+1	−1	84	70
2002	01	26	QA	KW	1	0	GLF	SA	17	1594	1513	+2	−2	58	72
2002	01	29	KW	AE	2	1	GLF	SA	16	1529	1430	+2	−7	70	100
2002	05	09	DE	KW	7	0	F		3	1879	1526	−1	−1	12	71
2002	05	30	KW	IR	1	3	F		-10	1516	1755	−3	+1	72	30
2002	12	16	KW	MA	1	1	ARC		0	1516	1610	0	0	71	55
2002	12	18	KW	SD	1	0	ARC		8	1524	1367	+2	−3	69	119
2002	12	23	KW	JO	1	2	ARC		-25	1499	1560	−8	+4	78	64
2002	12	25	KW	PS	3	3	ARC		-15	1484	1279	−3	+3	81	139
2003	09	04	SG	KW	1	3	SQ		-16	1199	1500	−1	+7	154	76
2003	09	14	KW	QA	2	1	SQ		15	1515	1505	+4	−4	73	75
2003	09	20	QA	KW	2	2	SQ		-5	1500	1520	−2	+2	77	71
2003	09	27	KW	SG	4	0	SQ		6	1526	1184	0	−1	71	156
2003	10	05	KW	PS	2	1	SQ		5	1531	1283	+1	−1	70	133
2003	10	08	KW	PS	4	0	SQ		9	1540	1274	+1	−6	69	139
2003	11	19	PT	KW	8	0	F		3	1919	1537	0	+1	9	71
2003	12	02	KW	IR	3	1	F		19	1556	1716	+2	−4	68	35
2003	12	16	KW	LB	2	0	F	CY	7	1563	1353	+2	−2	66	119
2003	12	18	KW	LB	0	0	F	CY	-5	1558	1358	−1	+2	67	117
2003	12	20	KW	LV	2	0	F	CY	15	1573	1544	+4	−3	63	69
2003	12	26	KW	OM	0	0	GLF		-7	1566	1551	−3	+1	66	68
2003	12	29	KW	AE	0	2	GLF		-48	1518	1480	−9	+14	75	83
2004	01	01	KW	YE	4	0	GLF		6	1524	1173	+4	−1	72	160
2004	01	04	KW	SA	1	1	GLF		3	1527	1670	0	0	73	44
2004	01	08	KW	QA	1	2	GLF		-26	1501	1551	−10	+5	82	68
2004	01	10	KW	BH	0	4	GLF		-42	1459	1600	−7	+11	89	55
2004	02	18	CN	KW	1	0	WQ		8	1600	1451	+2	−3	58	90
2004	03	31	MY	KW	0	2	WQ		-19	1203	1470	−3	+7	154	85
2004	06	01	KW	SY	0	1	F		-15	1455	1397	−3	+4	89	108
2004	06	03	KW	SY	1	2	F		-14	1441	1411	−7	+4	96	104
2004	06	09	KW	HK	4	0	WQ		10	1451	1210	+2	−2	93	153
2004	07	19	KW	AE	3	1	AC	CN	39	1490	1427	+17	−12	82	101
2004	07	23	JO	KW	2	0	AC	CN	21	1676	1469	+8	−4	39	86
2004	07	27	KR	KW	4	0	AC	CN	19	1724	1450	0	−12	33	97
2004	08	26	BH	KW	0	0	F		-5	1556	1455	−1	+4	69	93
2004	09	01	SA	KW	1	1	F		-6	1611	1461	0	+1	59	91
2004	09	08	HK	KW	0	2	WQ		-18	1192	1479	−1	+5	155	87
2004	09	29	KW	SY	1	1	F	LB	0	1479	1476	0	0	87	89
2004	10	03	LB	KW	1	3	F		-15	1359	1494	−2	+3	116	83
2004	10	06	LB	KW	1	1	F		1	1360	1493	+1	0	115	83
2004	10	13	KW	CN	1	0	WQ		22	1515	1607	+8	−7	78	61
2004	11	05	KW	IN	2	3	F		-19	1496	1164	−4	+3	83	162
2004	11	10	KW	KG	3	0	F		3	1499	1158	+1	−1	82	165
2004	11	17	KW	MY	6	1	WQ		8	1507	1198	+2	−3	80	157
2004	11	27	AE	KW	0	1	F		-10	1392	1517	−3	+1	105	79
2004	12	03	AE	KW	1	1	F		1	1393	1516	0	−1	104	80
2004	12	06	KW	TJ	3	0	F		7	1523	1367	+4	−1	76	111
2004	12	11	KW	SA	2	1	GLF	QA	26	1549	1608	+6	−7	69	60
2004	12	14	BH	KW	1	1	GLF	QA	0	1542	1549	0	0	71	69
2004	12	17	KW	YE	3	0	GLF	QA	9	1558	1200	−1	−1	70	153
2004	12	20	QA	KW	2	0	GLF		26	1530	1532	+10	−3	74	73
2004	12	23	BH	KW	3	1	GLF	QA	27	1592	1505	+5	−10	63	83
2005	01	22	KW	NO	1	1	F		5	1510	1793	+2	0	80	25
2005	01	26	KW	SY	3	2	F		6	1516	1450	+1	−1	79	94
2005	02	02	KW	KP	0	0	F	CN	-1	1515	1466	0	0	79	91
2005	02	09	KR	KW	2	0	WQ		10	1708	1505	+1	−2	34	81
2005	03	12	KW	FI	0	1	F		-7	1498	1712	−1	+3	81	34
2005	03	18	KW	AM	3	1	F	AE	12	1510	1414	+2	−1	79	99
2005	03	25	KW	UZ	2	1	WQ		20	1530	1586	+6	−6	73	66
2005	03	30	KW	SA	0	0	WQ		-3	1527	1585	−3	+1	74	66
2005	05	27	KW	EG	0	1	F		-8	1519	1711	0	+1	75	37
2005	06	03	SA	KW	3	0	WQ		18	1627	1501	+2	−6	54	81
2005	06	08	KW	KR	0	4	WQ		-29	1472	1714	−8	+5	89	37
2005	07	29	KW	AE	1	1	FT	CH	-2	1470	1438	−1	0	91	96
2005	07	31	QA	KW	1	0	FT	CH	13	1525	1457	+6	−1	75	92
2005	08	17	UZ	KW	3	2	WQ		10	1566	1447	+4	−5	66	97
2005	11	26	KW	IQ	0	0	F		-1	1446	1520	0	0	96	74
2005	12	01	QA	KW	2	1	WAG		11	1528	1435	+1	0	75	96
2005	12	03	IR	KW	4	0	WAG	QA	8	1817	1427	+2	−2	21	98
2006	02	03	KW	SG	2	2	F		-5	1422	1334	−1	0	100	119
2006	02	07	KW	JO	2	1	F		11	1433	1529	+2	−2	98	74
2006	02	22	LB	KW	1	1	SQ		-2	1364	1435	−1	0	111	98
2006	03	01	KW	BH	0	0	SQ		-3	1432	1492	0	+1	98	84
2006	08	16	AU	KW	2	0	SQ		4	1808	1428	+1	−1	19	100
2006	09	06	KW	AU	2	0	SQ		50	1478	1758	+10	−12	89	31
2006	10	11	KW	LT	1	0	F		8	1486	1494	+2	0	90	86
2006	11	09	KW	TW	10	0	F	AE	2	1488	940	+1	0	88	193
2006	11	15	BH	KW	2	1	SQ		16	1483	1472	+5	−5	89	93
2007	01	17	KW	YE	1	1	GLF	AE	-12	1460	1238	−3	+4	95	147
2007	01	20	OM	KW	2	1	GLF	AE	13	1599	1447	+2	−1	59	96
2007	01	23	AE	KW	3	2	GLF		13	1479	1434	+3	−2	90	98
2007	06	05	KW	PT	1	1	F		8	1442	1924	0	0	96	8
2007	06	12	KW	EG	1	1	F		5	1447	1719	+1	−1	95	42
2008	01	02	KW	LB	3	2	F		5	1452	1331	+3	−3	94	123
2008	01	12	KW	CI	0	2	F		-7	1445	1763	−4	+3	98	29
2008	01	16	BH	KW	1	0	F		7	1456	1438	+3	−1	92	99
2008	01	24	SG	KW	2	0	F	OM	18	1379	1420	+4	−3	111	102
2008	01	30	OM	KW	1	1	F		-6	1532	1426	−3	+1	79	101
2008	02	06	AE	KW	2	0	WQ		21	1452	1405	+4	−1	96	103
2008	03	21	KW	IQ	0	0	F		4	1409	1639	0	−1	103	52
2008	03	26	KW	IR	2	2	WQ		12	1421	1734	+1	−2	102	38
2008	05	23	QA	KW	1	1	F		-5	1496	1426	−1	+1	90	101
2008	05	27	SA	KW	2	1	F		3	1631	1423	0	0	51	102
2008	06	02	SY	KW	1	0	WQ		9	1545	1414	+3	0	74	102
2008	06	08	KW	SY	4	2	WQ		33	1447	1512	+6	−13	97	86
2008	06	14	KW	AE	2	3	WQ		-24	1423	1493	−4	+6	101	88
2008	06	22	IR	KW	2	0	WQ		5	1759	1418	+2	−1	29	102
2008	12	30	AE	KW	0	0	F		-3	1417	1421	−2	+2	103	101
2009	01	04	OM	KW	0	0	GLF		-12	1553	1433	−3	+2	69	99
2009	01	07	KW	BH	1	0	GLF	OM	27	1460	1528	+7	−11	92	79
2009	01	10	IQ	KW	1	1	GLF	OM	-4	1527	1464	−2	0	77	91
2009	01	14	SA	KW	1	0	GLF	OM	10	1672	1454	+2	−4	45	95
2009	01	20	KW	TM	2	0	F		6	1460	1307	+3	0	92	128
2009	01	23	KW	SY	2	3	F		-10	1450	1569	−3	+3	95	64
2009	01	28	KW	OM	0	1	SQ		-18	1432	1608	−6	+1	101	58
2009	02	11	KW	AZ	1	1	F		-4	1428	1377	−1	0	101	118
2009	03	05	AU	KW	0	1	SQ		-37	1709	1465	−5	+11	41	90
2009	03	17	QA	KW	1	0	F		6	1515	1459	+2	0	83	91
2009	03	23	KW	IR	0	1	F		-5	1454	1767	−2	+1	93	28
2009	05	31	KW	VN	0	1	F		-16	1438	1353	−3	+3	100	120
2009	10	05	KW	LY	1	1	F	EG	2	1440	1523	0	0	100	83
2009	10	10	KW	JO	2	1	F	EG	11	1451	1447	+7	−4	93	96
2009	10	26	KW	SY	1	0	F		11	1462	1575	+3	−2	92	65
2009	11	03	KW	KE	5	0	F	EG	16	1478	1369	+3	−3	89	118
2009	11	08	KW	CN	2	2	F		-1	1477	1532	0	0	89	78
2009	11	14	KW	ID	2	1	SQ		6	1483	1259	+1	−1	88	137
2009	11	18	ID	KW	1	1	SQ		7	1266	1476	+1	0	136	88
2009	12	16	KW	AE	0	0	F		-5	1471	1396	−2	0	91	112
2010	01	06	KW	AU	2	2	SQ		11	1482	1777	+3	−4	89	23
2010	02	19	KW	SY	1	1	F	AE	2	1484	1560	0	−1	89	71
2010	02	25	KW	BH	4	1	F	AE	21	1505	1535	+1	−7	88	82
2010	03	03	OM	KW	0	0	SQ		-10	1587	1515	−3	+2	61	86
2010	08	11	AZ	KW	1	1	F		-1	1442	1516	0	0	100	86
2010	09	03	KW	SY	3	0	F		15	1531	1551	+5	−6	81	76
2010	09	07	AE	KW	3	0	F		17	1453	1514	+5	−2	97	83
2010	09	26	KW	SY	2	1	WAH	JO	21	1535	1519	+3	−3	80	82
2010	09	28	JO	KW	2	2	WAH		-3	1482	1538	0	0	91	80
2010	10	01	KW	YE	1	1	WAH	JO	-12	1526	1321	0	+2	80	127
2010	10	03	KW	IR	2	1	WAH	JO	30	1556	1698	+6	−6	74	38
2010	10	08	KW	BH	1	3	F		-20	1536	1560	−6	+5	80	75
2010	10	12	KW	VN	3	1	F		4	1540	1324	+3	−3	77	126
2010	11	14	KW	IN	9	1	F	AE	5	1545	1157	+1	−2	77	167
2010	11	17	IQ	KW	1	1	F	AE	-1	1568	1546	−1	+1	69	76
2010	11	22	KW	QA	1	0	GLF	YE	17	1563	1479	+4	−4	72	94
2010	11	25	KW	SA	0	0	GLF	YE	8	1571	1692	+4	−1	67	40
2010	11	28	YE	KW	0	3	GLF		-22	1309	1593	−6	+8	130	60
2010	12	02	IQ	KW	2	2	GLF	YE	1	1576	1592	+1	−1	66	61
2010	12	05	KW	SA	1	0	GLF	YE	26	1618	1666	+5	−5	56	45
2010	12	24	KW	KP	2	1	F	EG	7	1625	1509	+1	−1	56	85
2010	12	27	KW	KP	2	2	F	EG	-3	1622	1512	0	0	56	85
2010	12	31	KW	ZM	4	0	F	EG	13	1635	1505	+3	−4	53	87
2011	01	08	CN	KW	2	0	AC	QA	37	1674	1598	+10	−6	43	60
2011	01	12	UZ	KW	2	1	AC	QA	28	1583	1570	+10	−8	63	68
2011	01	16	QA	KW	3	0	AC		38	1557	1532	+11	−10	74	79
2011	02	14	BH	KW	0	0	F		-1	1454	1533	−2	0	100	78
2011	03	26	JO	KW	1	1	F	AE	0	1528	1533	−1	0	82	78
2011	03	29	KW	IQ	1	0	F	AE	12	1545	1590	+4	−3	75	62
2011	07	02	LB	KW	0	6	F		-9	1212	1554	−2	+2	155	71
2011	07	06	KW	OM	1	1	F	LB	0	1554	1543	0	0	71	75
2011	07	13	KW	IQ	2	0	FT	JO	24	1578	1551	+9	−9	61	70
2011	07	16	KW	SA	1	0	FT	JO	14	1592	1548	+1	−5	60	71
2011	07	23	KW	PH	3	0	WQ		1	1593	1020	0	+1	60	184
2011	07	28	PH	KW	1	2	WQ		-2	1018	1595	−1	0	185	60
2011	08	10	KW	KP	0	0	F		-5	1590	1496	−2	+3	62	88
2011	08	27	OM	KW	1	0	F		8	1556	1582	+3	−1	71	63
2011	09	02	AE	KW	2	3	WQ		-19	1451	1601	−6	+3	98	60
2011	09	06	KW	KR	1	1	WQ		6	1607	1798	+3	−1	58	19
2011	10	11	LB	KW	2	2	WQ		14	1225	1593	+5	−4	147	61
2011	11	04	KW	BH	0	1	F		-16	1577	1490	−6	+5	67	89
2011	11	11	KW	LB	0	1	WQ		-37	1540	1283	−8	+5	75	137
2011	11	15	KW	AE	2	1	WQ		8	1548	1384	+1	−1	73	111
2011	12	14	KW	OM	2	0	PAR	QA	30	1578	1517	+8	−7	65	81
2011	12	17	KW	SA	2	0	PAR	QA	28	1606	1527	+7	−6	58	78
2011	12	20	JO	KW	2	0	PAR	QA	35	1588	1571	+10	−11	62	69
2011	12	22	KW	PS	3	0	PAR	QA	10	1581	1242	+4	−4	65	145
2012	01	17	KW	UZ	1	0	F		8	1589	1612	+4	0	60	56
2012	02	17	KW	KP	1	1	F	CN	-2	1587	1504	−2	+1	62	85
2012	02	22	CN	KW	2	0	F		10	1620	1577	+1	−5	56	67
2012	02	29	KR	KW	2	0	WQ		9	1781	1568	+1	−3	24	70
2012	06	08	BH	KW	1	1	F	EG	0	1578	1568	−1	−1	65	69
2012	06	12	KW	BH	1	0	F	EG	10	1578	1568	+5	−4	66	70
2012	06	22	SA	KW	4	0	ARC		33	1554	1545	+11	−10	72	75
2012	06	25	KW	PS	2	0	ARC	SA	11	1556	1275	+3	−2	72	140
2012	09	07	UZ	KW	3	0	F		11	1603	1545	+2	−2	63	74
2012	09	11	AE	KW	3	0	F		19	1439	1526	+4	−6	101	80
2012	10	11	KW	SY	1	1	F		-3	1523	1509	−1	0	81	86
2012	10	16	KW	PH	2	1	F		1	1524	1155	0	+1	79	166
2012	11	14	KW	BH	1	1	F		-5	1519	1449	−2	+1	81	97
2012	12	08	KW	PS	2	1	WAH		6	1525	1297	+2	−4	79	139
2012	12	11	KW	OM	0	2	WAH		-41	1484	1529	−12	+9	91	79
2012	12	14	KW	LB	2	1	WAH		8	1492	1327	+2	−1	89	128
2013	01	06	KW	YE	2	0	GLF	BH	13	1505	1251	+5	0	86	143
2013	01	09	IQ	KW	1	0	GLF	BH	14	1627	1491	+2	−4	53	89
2013	01	12	KW	SA	1	0	GLF	BH	20	1511	1464	+6	−3	82	94
2013	01	15	AE	KW	1	0	GLF	BH	17	1577	1494	+5	−5	66	87
2013	01	18	BH	KW	1	6	GLF		-50	1436	1544	−9	+12	99	75
2013	02	06	TH	KW	1	3	SQ		-24	1352	1568	−8	+7	124	68
2013	03	21	KW	PS	2	1	F		2	1570	1311	+1	−1	68	131
2013	03	26	KW	IR	1	1	SQ		0	1570	1663	+1	0	67	46
2013	06	06	HU	KW	1	0	F		4	1697	1566	+1	−1	41	67
2013	09	06	KW	KP	2	1	F		8	1574	1585	+2	−1	64	62
2013	09	09	KW	BH	2	1	F		5	1579	1462	+1	0	63	95
2013	10	09	JO	KW	1	1	F		-3	1568	1582	0	+1	64	62
2013	10	15	LB	KW	1	1	SQ		5	1391	1577	+2	−4	109	64
2013	11	08	KW	MY	3	0	F		2	1579	1187	0	−2	65	163
2013	11	15	KW	LB	0	0	SQ		-14	1565	1399	−4	+4	67	109
2013	11	19	KW	TH	3	1	SQ		8	1573	1340	+3	0	65	125
2013	12	29	KW	LB	2	0	WAH	QA	16	1589	1377	+5	−8	60	118
2014	01	01	JO	KW	2	1	WAH	QA	21	1594	1568	+8	−7	58	67
2014	01	04	QA	KW	3	0	WAH		32	1533	1536	+11	−7	75	74
2014	01	07	BH	KW	0	0	WAH	QA	4	1462	1532	+1	−1	96	75
2014	03	03	IR	KW	3	2	SQ		6	1738	1526	0	−1	29	77
2014	05	14	KW	AF	3	2	F		1	1527	1067	+1	0	76	182
2014	05	16	KW	KG	2	2	F		-9	1518	1131	−6	+3	82	171
2014	09	04	CN	KW	3	1	F		10	1552	1508	+1	−2	70	80
2014	09	09	KW	BH	0	1	F		-14	1494	1486	−2	+6	85	89
2014	10	10	JO	KW	0	1	F		-15	1578	1509	−1	+4	63	83
2014	10	13	JO	KW	1	1	F		-5	1573	1514	0	+1	64	81
2014	10	31	KW	KP	1	0	F	AE	12	1526	1555	+2	−5	79	71
2014	11	04	KW	YE	1	1	F	AE	-8	1518	1179	−2	+1	81	163
2014	11	14	KW	IQ	1	0	GLF	SA	22	1540	1535	+8	−9	74	78
2014	11	17	KW	AE	2	2	GLF	SA	5	1545	1617	+1	−3	74	59
2014	11	20	OM	KW	5	0	GLF	SA	38	1602	1507	+5	−12	61	85
2014	12	22	IQ	KW	1	1	F	AE	0	1514	1507	0	0	82	85
2015	01	09	AU	KW	4	1	AC		17	1669	1490	+3	−4	46	88
2015	01	13	KR	KW	1	0	AC	AU	14	1674	1476	+5	−3	45	91
2015	01	17	OM	KW	1	0	AC	AU	23	1522	1453	+9	−8	77	99
2015	03	30	CO	KW	3	1	F	AE	1	2023	1452	0	0	4	99
2015	06	05	JO	KW	2	2	F	TR	-1	1481	1453	0	0	90	100
2015	06	11	LB	KW	0	1	WQS		-24	1391	1477	−5	+8	112	91
2015	09	03	KW	MM	9	0	WQS	QA	7	1484	1031	+2	0	89	186
2015	09	08	LA	KW	0	2	WQS		-3	837	1487	0	+2	208	88
2015	10	08	KW	KR	0	1	WQS		-10	1477	1781	−4	+2	92	21
2015	10	13	KW	LB	0	0	WQS		-10	1467	1388	0	+2	93	111
2017	12	18	BH	KW	0	0	F		-1	1400	1468	0	0	108	88
2017	12	22	KW	SA	1	2	GLF		-18	1450	1614	−7	+10	95	55
2017	12	25	KW	OM	0	1	GLF		-26	1424	1475	−3	+10	98	87
2017	12	28	KW	AE	0	0	GLF		2	1426	1563	0	−3	98	71
2018	03	21	JO	KW	1	0	F		6	1481	1420	+1	−2	86	100
2018	03	25	KW	CM	1	3	F		-10	1410	1654	−4	+2	105	49
2018	05	11	KW	PS	2	0	F		11	1421	1400	+5	−3	102	108
2018	05	25	KW	EG	1	1	F		3	1424	1635	+3	0	99	52
2018	09	10	KW	IQ	2	2	F		1	1425	1567	+1	+1	100	65
2018	10	11	KW	LB	1	0	F		9	1434	1464	+1	−2	99	88
2018	10	15	KW	AU	0	4	F		-10	1424	1723	−1	+4	99	36
2018	11	20	KW	SY	1	2	F		-8	1416	1598	0	+4	100	57
2018	12	28	AE	KW	0	2	F		-23	1484	1439	−3	+3	85	98
2019	03	21	KW	NP	0	0	F		-10	1429	894	−1	0	98	201
2019	03	25	KW	NP	1	0	F		1	1430	893	+1	0	98	201
2019	08	04	KW	SA	2	1	WAH	IQ	28	1458	1540	+5	−4	92	72
2019	08	07	JO	KW	1	1	WAH	IQ	-1	1469	1459	0	+1	86	89
2019	08	10	BH	KW	1	0	WAH	IQ	21	1469	1438	+8	−7	87	97
2019	09	05	KW	NP	7	0	WQS		2	1440	892	−1	0	98	200
2019	09	10	KW	AU	0	3	WQS		-22	1418	1696	−3	+4	100	43
2019	10	10	JO	KW	0	0	WQS		-10	1488	1428	−3	+2	85	98
2019	10	15	KW	TM	1	1	F		-7	1421	1232	−3	+2	101	150
2019	11	14	KW	TW	9	0	WQS		4	1425	945	+3	+1	98	194
2019	11	19	KW	NP	1	0	WQS	BT	2	1427	924	−1	0	100	196
2019	11	27	KW	SA	3	1	GLF	QA	38	1465	1482	+11	−10	89	86
2019	11	30	OM	KW	2	1	GLF	QA	17	1536	1448	+5	−7	71	95
2019	12	02	BH	KW	4	2	GLF	QA	27	1506	1421	+9	−6	77	101
2021	01	18	KW	PS	0	1	F		-13	1408	1415	−5	+3	103	100
2021	01	27	IQ	KW	2	1	F		3	1627	1405	+1	0	51	103
2021	03	25	SA	KW	1	0	F		4	1559	1401	+2	0	68	102
2021	03	29	KW	LB	1	1	F	AE	0	1401	1389	+1	0	102	105
2021	05	23	KW	MY	4	1	F	AE	9	1410	1196	0	0	101	161
2021	06	03	KW	AU	0	3	WQS		-17	1393	1730	−2	+1	103	38
2021	06	11	KW	JO	0	0	WQS		-1	1392	1478	−1	−2	105	87
2021	06	15	KW	TW	2	1	WQS		1	1393	908	0	−1	104	199
2021	06	25	BH	KW	2	0	ARQ	QA	17	1565	1376	+5	−3	66	109
2021	09	04	BA	KW	1	0	F		2	1648	1374	−1	−2	49	109
2021	11	11	CZ	KW	7	0	F		2	1830	1372	0	0	19	108
2021	11	15	LT	KW	1	1	F		-1	1323	1373	−1	+1	124	107
2022	01	29	KW	LY	2	0	F		9	1382	1321	+4	−3	104	125
2022	02	01	KW	LY	0	2	F		-21	1361	1342	−8	+6	112	119
2022	03	25	KW	LV	1	1	F	MT	-1	1360	1328	0	+1	112	122
2022	03	29	MT	KW	2	0	F		16	1257	1344	+4	−3	145	116
2022	06	01	KW	SG	2	0	F	AE	7	1351	1123	0	−1	115	175
2022	06	08	KW	ID	1	2	SQ		-32	1319	1243	−10	+6	125	150
2022	06	11	KW	NP	4	1	SQ		4	1323	943	+3	−1	121	195
2022	06	14	KW	JO	0	3	SQ		-23	1300	1574	−16	+4	138	65
2022	11	19	KW	LB	2	0	F	AE	17	1317	1320	+6	−7	130	128
2022	12	30	IQ	KW	1	0	F		2	1575	1315	+1	0	66	131
2023	01	07	QA	KW	2	0	GLF	IQ	11	1588	1304	+1	−4	64	135
2023	01	10	KW	AE	1	0	GLF	IQ	29	1333	1444	+12	−7	123	91
2023	01	13	BH	KW	1	1	GLF	IQ	-11	1527	1344	−3	+1	77	122
2023	03	24	KW	PH	2	0	F		3	1347	1047	+3	0	119	184
2023	03	28	KW	TJ	2	1	F		7	1354	1327	+2	0	117	124
2023	06	12	KW	ZM	3	0	F	EG	24	1378	1460	+7	−8	110	89
2023	06	21	KW	NP	3	1	SFF	IN	4	1382	929	0	0	110	195
2023	06	24	KW	PK	4	0	SFF	IN	3	1385	826	+1	0	109	209
2023	06	27	IN	KW	1	1	SFF		1	1274	1384	0	−1	143	111
2023	07	01	KW	BD	1	0	SFF	IN	2	1386	903	+2	0	108	198
2023	07	04	IN	KW	1	1	SFF		1	1271	1385	+1	−1	143	109
2023	09	07	KW	BH	3	1	F	AE	20	1405	1482	+5	−7	104	86
2023	09	11	KG	KW	3	1	F	AE	22	1256	1383	+2	−7	151	112
2023	10	12	AE	KW	1	0	F		5	1485	1378	+2	0	84	112
2023	10	17	KW	SY	2	1	F	AE	11	1389	1413	+5	−3	107	102
2023	11	16	KW	IN	0	1	WQS		-32	1357	1285	−9	+4	116	147
2023	11	21	KW	AF	4	0	WQS	SA	13	1370	1076	+3	−1	112	177
2024	01	12	LY	KW	3	1	F	EG	15	1394	1355	+3	−4	107	117
2024	01	19	UG	KW	2	0	F	EG	15	1380	1340	+6	−7	109	124
2024	03	21	QA	KW	3	0	WQS		7	1638	1333	+2	−3	53	126
2024	03	26	KW	QA	1	2	WQS		-9	1324	1647	−2	+3	128	51
2024	06	06	IN	KW	0	0	WQS		2	1198	1322	0	+1	162	130
2024	06	11	KW	AF	1	0	WQS		6	1328	1129	+1	+1	128	167
2024	09	05	JO	KW	1	1	WQ		-16	1615	1344	−4	+1	58	127
2024	09	10	KW	IQ	0	0	WQ		11	1355	1660	+4	−3	119	53
2024	10	10	OM	KW	4	0	WQ		15	1517	1340	+5	−7	78	126
2024	10	15	KW	PS	2	2	WQ	QA	4	1344	1401	+1	−1	124	105
2024	11	14	KW	KR	1	3	WQ		-7	1337	1790	−1	+2	124	25
2024	11	19	KW	JO	1	1	WQ		10	1347	1617	+2	0	125	55
2024	12	09	KW	YE	1	1	F	QA	-6	1341	1093	−1	0	126	174
2024	12	12	LB	KW	2	1	F	QA	11	1325	1330	+3	−2	130	128
2024	12	15	LB	KW	2	0	F	QA	15	1340	1315	+4	−5	126	133
2024	12	21	KW	OM	1	1	GLF		4	1319	1487	+1	−1	132	82
2024	12	24	KW	AE	2	1	GLF		28	1347	1534	+8	−7	124	75
2024	12	27	KW	QA	1	1	GLF		5	1352	1524	0	−1	124	77
2024	12	31	KW	BH	0	1	GLF		-18	1334	1509	−4	+2	128	80
2025	03	15	CN	KW	3	1	F	AE	12	1425	1322	+3	−1	96	130
2025	03	20	IQ	KW	2	2	WQ		-16	1568	1338	−6	+2	66	128
2025	03	25	KW	OM	0	1	WQ		-15	1323	1539	0	+6	128	74
2025	06	05	KW	PS	0	2	WQ		-30	1293	1457	−9	+3	137	92
2025	06	10	KR	KW	4	0	WQ		3	1770	1290	−2	−3	32	141
2025	09	08	KW	SY	2	2	F	QA	4	1294	1432	0	0	139	93
2025	10	09	UZ	KW	2	0	F		1	1719	1293	0	−3	39	142
2025	11	15	KW	TZ	4	3	F	EG	11	1304	1325	+5	−3	138	130
2025	11	18	GM	KW	2	2	F	EG	-3	1424	1307	−2	+1	98	137
2025	11	25	KW	MR	2	0	ARQ	QA	33	1340	1311	+13	−16	124	135
2025	12	02	EG	KW	1	1	ARC	QA	-14	1630	1354	−3	+7	56	116
2025	12	06	JO	KW	3	1	ARC	QA	10	1635	1344	+4	−2	54	118
2025	12	09	AE	KW	3	1	ARC	QA	16	1538	1328	+3	−9	76	127