1957	00	00	NN	ND	0	5	F		-8	1192	1549	−	+2	122	56
1962	10	15	NN	GH	0	12	F		-3	1189	1794	−1	0	132	18
1962	12	08	TY	NN	6	2	RDC		18	1233	1171	+3	−1	125	135
1963	07	06	ND	NN	5	1	F		2	1556	1169	0	0	58	134
1964	06	21	NN	ZD	2	2	F		5	1174	1457	0	−1	136	80
1964	07	04	NN	ND	0	5	IPC		-10	1164	1556	0	+1	136	58
1964	07	20	ND	MW	4	1	F		2	1558	1162	0	0	58	136
1966	07	01	ZM	MW	4	1	F		3	1487	1159	+1	0	72	140
1966	07	04	MW	ZM	0	3	IND		-11	1148	1498	−1	+4	141	68
1966	07	06	MW	ZM	0	6	IND		-11	1137	1524	−2	+4	143	61
1966	07	07	MW	MG	1	6	IND		-23	1114	1340	−3	+4	146	108
1966	07	08	MW	ZM	1	5	IND		-8	1106	1532	−1	+1	147	60
1966	10	02	UT	MW	4	3	IND		7	1207	1099	−	−1	136	149
1967	03	25	MW	RH	3	6	F		-6	1093	1463	−3	+2	152	77
1967	11	11	RH	MW	1	1	F		-9	1454	1102	−4	+3	80	149
1967	11	12	RH	MW	1	0	F		1	1455	1101	0	0	80	149
1968	05	01	SZ	MW	2	0	F		8	1183	1093	+3	−2	139	152
1968	07	06	MW	KE	2	2	IND		8	1101	1397	+2	−3	150	95
1968	09	06	MW	BW	8	1	IND	SZ	34	1135	1066	+4	−	146	154
1968	09	07	SZ	MW	2	0	IND		13	1196	1122	+2	−1	137	147
1969	01	31	MW	RH	0	0	F		5	1127	1428	0	−1	148	86
1969	02	01	MW	RH	2	2	F		5	1132	1423	+1	−1	147	87
1969	02	02	MW	RH	0	1	F		-5	1127	1428	−1	+1	148	86
1969	02	08	RH	MW	4	0	F		3	1431	1124	0	0	86	148
1969	02	09	RH	MW	1	1	F		-8	1423	1132	−1	+1	87	147
1969	05	04	RH	MW	4	1	F		3	1426	1129	+1	0	86	147
1969	06	27	MG	MW	3	0	F		4	1383	1125	0	0	100	147
1969	07	06	MW	SZ	3	0	IND		24	1149	1172	+4	−4	143	141
1969	07	09	MW	SZ	1	1	IND		-3	1146	1175	−1	+1	144	140
1969	08	30	ZM	MW	4	0	PST		3	1552	1143	+2	0	60	144
1969	08	31	ZM	MW	5	0	PST		3	1555	1140	0	0	60	144
1969	09	02	ZM	MW	7	0	PST		3	1558	1137	0	−1	60	145
1969	12	01	MW	RH	2	2	F		5	1142	1425	+1	−1	144	87
1970	07	06	MW	MU	1	0	IND		24	1166	1475	+2	−3	142	72
1970	07	09	MW	MU	0	0	IND		8	1174	1467	+1	−1	141	74
1971	03	18	MW	ZM	5	4	F		17	1191	1532	+4	−2	136	65
1971	03	20	MW	ZM	1	3	F		-6	1185	1538	0	0	136	65
1971	03	23	MW	ZM	0	3	F		-7	1178	1545	−3	+2	139	63
1971	04	10	MW	MG	1	2	OQ		-13	1165	1425	−2	+8	141	84
1971	05	09	MG	MW	4	2	OQ		7	1432	1158	+2	0	83	142
1971	05	25	UG	MW	3	3	F		-8	1428	1166	−3	0	86	142
1971	07	06	MW	UG	3	1	IND		32	1198	1398	+6	−6	136	91
1971	07	10	UG	MW	1	0	IND		5	1403	1193	+1	−1	90	137
1971	08	07	MW	LS	1	2	F		-13	1180	1212	−3	+4	140	131
1971	08	10	MW	LS	6	1	F		16	1196	1196	+4	−5	136	136
1971	10	08	LS	MW	0	0	F		-3	1212	1199	0	+1	129	135
1971	10	10	LS	MW	0	2	F		-20	1192	1219	−7	+6	136	129
1972	07	06	MW	LS	1	0	IND		10	1229	1183	0	−3	129	139
1972	07	08	MW	LS	4	0	IND		17	1246	1166	+1	−2	128	141
1972	10	20	MW	KE	2	1	F		13	1259	1426	+4	−3	126	82
1972	10	22	MW	KE	0	1	F		-8	1251	1434	−2	+3	128	79
1973	07	06	MW	MU	4	1	IND		25	1276	1306	+3	−9	124	117
1973	07	08	MW	MU	1	0	IND		12	1288	1294	+3	−3	121	120
1973	09	06	SZ	MW	0	1	IND		-13	1137	1301	−1	0	144	117
1974	01	13	MU	MW	4	1	F		13	1301	1288	+3	−3	115	118
1974	01	17	MU	MW	2	1	F		7	1308	1281	+1	−3	114	121
1974	01	20	MU	MW	2	2	F		-4	1304	1285	0	+3	114	119
1974	07	06	MW	CI	5	1	IND		44	1329	1562	+9	−9	110	53
1974	07	07	MW	TZ	1	0	IND		14	1343	1400	+2	−3	108	93
1974	07	08	MW	ZM	0	1	IND		-10	1333	1582	−2	+2	110	49
1974	12	29	MW	TZ	1	1	F		0	1333	1419	0	0	110	91
1975	01	29	MW	MU	1	0	F		6	1339	1272	+2	0	107	122
1975	01	31	MW	MU	1	1	F		-4	1335	1276	−1	0	109	122
1975	02	02	MW	MU	3	0	F		10	1345	1266	+1	−2	107	124
1975	02	23	TZ	MW	3	1	F		8	1427	1337	+2	−2	89	109
1975	02	25	TZ	MW	2	0	F		8	1435	1329	+3	0	86	109
1975	02	27	ZN	MW	2	7	F		-10	1017	1339	−1	+1	161	108
1975	03	29	MW	ZM	1	6	FQ		-26	1313	1593	−7	+6	115	46
1975	04	13	ZM	MW	3	3	FQ		-16	1577	1329	−4	+3	50	111
1975	07	06	MW	KE	3	3	IND		-3	1326	1358	0	0	110	104
1975	07	08	MW	KE	1	2	IND		-18	1308	1376	−5	+5	115	99
1975	07	10	MW	KE	3	1	IND		20	1328	1356	+5	−5	110	104
1975	08	31	MW	ZM	1	1	OQ		7	1335	1543	0	−2	111	57
1975	10	12	ZM	MW	4	1	OQ		10	1553	1325	+2	−1	56	112
1975	11	01	MW	TZ	3	1	CEC	ZM	39	1364	1391	+9	−9	103	95
1975	11	03	MW	ZN	4	2	CEC	ZM	7	1371	1010	+2	−2	101	161
1975	11	07	MW	UG	2	1	CEC	ZM	28	1399	1498	+7	−9	94	68
1975	11	09	KE	MW	2	2	CEC	ZM	-3	1441	1402	−1	+1	83	93
1975	12	20	MW	SZ	2	0	F		3	1405	1119	+1	0	93	146
1975	12	22	MW	SZ	0	0	F		-8	1397	1127	−1	+1	94	145
1976	02	08	MW	LS	4	1	F		4	1401	1137	0	−1	95	142
1976	02	28	MW	LS	4	1	F		4	1405	1133	+2	−2	93	144
1976	03	02	MW	LS	0	1	F		-18	1387	1151	−4	+4	97	140
1976	05	09	ZM	MW	4	0	WQ		17	1512	1370	+4	−7	62	102
1976	05	30	MW	ZM	0	1	WQ		-18	1352	1530	−5	+4	107	58
1976	07	06	MW	KE	3	0	IND		27	1379	1429	+8	−12	99	85
1976	07	08	MW	SL	4	2	IND		18	1397	1385	+6	−5	93	98
1976	09	04	MW	UG	1	1	F		-2	1395	1443	0	+1	94	80
1976	09	06	MW	UG	1	2	F		-11	1384	1454	−3	+1	97	79
1976	09	13	BW	MW	1	7	IND		-20	1122	1404	−5	+3	147	94
1976	09	17	BW	MW	0	3	IND		-14	1108	1418	−2	+3	149	91
1976	10	24	MW	MU	1	1	FQ		-14	1404	1235	−4	+2	94	128
1976	11	07	MW	TZ	1	1	CEC	ZN	1	1405	1423	0	0	94	88
1976	11	09	KE	MW	2	2	CEC	ZN	-1	1416	1406	0	0	90	94
1976	11	12	UG	MW	2	1	CEC	ZN	16	1489	1390	+4	+1	69	93
1977	01	28	MU	MW	3	2	FQ		23	1258	1367	+5	−8	123	101
1977	03	26	ZM	MW	8	1	F		7	1565	1360	0	−1	54	100
1977	07	06	MW	TZ	0	0	IND		-1	1359	1448	0	+1	101	80
1977	07	08	MW	TZ	1	0	IND		15	1374	1433	+3	−7	98	87
1977	07	10	MW	TZ	0	0	IND		-2	1372	1435	0	0	98	87
1977	09	30	BW	MW	0	2	IND		-12	1087	1384	−5	+1	154	97
1977	10	01	BW	MW	1	5	IND		-14	1073	1398	0	+3	154	94
1977	11	11	MW	LS	3	0	F		4	1402	1147	+1	0	92	140
1977	11	13	MW	LS	6	1	F		5	1407	1142	+2	0	90	140
1977	11	29	MW	ZM	1	0	CEC	SO	29	1436	1540	+5	−7	85	59
1977	12	01	MW	TZ	0	0	CEC	SO	-1	1435	1425	0	+1	85	88
1977	12	06	UG	MW	1	0	CEC	SO	17	1502	1418	+2	−4	66	89
1977	12	08	MW	KE	2	1	CEC	SO	18	1436	1357	+5	−4	84	100
1977	12	12	KE	MW	1	1	IPC		-1	1356	1437	0	0	100	84
1978	01	24	MU	MW	1	2	AGQ		-16	1249	1453	−5	+7	127	77
1978	06	18	MW	ZM	1	2	F		-9	1444	1584	−3	+1	81	53
1978	06	25	ZM	MW	0	0	F		-6	1578	1450	−1	+2	54	78
1978	07	06	MW	SL	5	0	IND		17	1467	1367	+2	−2	76	96
1978	07	09	MW	SL	4	2	F		7	1474	1360	+3	−3	73	99
1978	07	14	LY	MW	2	1	AFG	DZ	24	1422	1450	+4	−6	89	78
1978	07	18	EG	MW	4	1	AFG	DZ	16	1674	1434	0	−8	38	85
1978	07	22	DZ	MW	3	0	AFG		18	1531	1416	+2	−5	62	89
1978	07	25	NG	MW	3	2	AFG	DZ	7	1685	1409	+3	−1	35	89
1978	07	28	GH	MW	1	0	AFG	DZ	8	1660	1401	0	−3	38	93
1978	10	22	MW	DZ	1	1	F		2	1403	1585	0	0	91	52
1978	10	24	MW	DZ	2	1	F		12	1415	1573	+2	−2	89	54
1978	11	01	MW	KE	1	0	CEC		11	1426	1346	+3	−4	86	103
1978	11	03	MW	SO	3	1	CEC		6	1432	1134	+2	−3	84	142
1978	11	05	MW	UG	0	2	CEC		-24	1408	1621	−7	+5	91	44
1978	11	11	MW	ZM	2	1	CEC		25	1433	1566	+8	−4	83	55
1978	11	17	MW	KE	2	0	CEC		14	1447	1311	+3	−1	80	110
1978	11	19	MW	ZM	3	2	CEC		24	1471	1602	+4	−5	76	49
1978	12	03	MG	MW	2	1	FQ		19	1400	1452	+2	−3	92	79
1978	12	17	MW	MG	5	1	FQ		22	1474	1378	+6	−2	73	94
1979	04	15	MW	ZM	0	2	FQ		-28	1446	1630	−7	+4	80	44
1979	04	29	ZM	MW	2	0	FQ		10	1640	1436	+3	−1	41	81
1979	06	24	MW	LS	1	0	F		2	1438	1187	+1	0	83	135
1979	06	26	MW	LS	1	2	F		-18	1420	1205	−6	+3	89	132
1979	07	06	MW	KE	1	0	IND		10	1430	1396	+3	−3	86	93
1979	07	08	MW	KE	0	0	IND		-6	1424	1402	−3	+2	89	91
1979	07	15	MW	TZ	2	0	F		11	1435	1419	+7	−4	83	90
1979	07	17	MW	TZ	2	0	F		10	1445	1409	0	−1	83	91
1979	07	19	MW	TZ	0	1	F		-14	1431	1423	−3	+1	86	90
1979	08	25	LS	MW	0	3	F		-11	1194	1442	−2	+2	134	84
1979	11	04	MW	ZN	4	0	CEC	KE	7	1449	1039	+1	−2	84	158
1979	11	07	MW	SD	4	0	CEC	KE	43	1492	1460	+14	−15	70	83
1979	11	13	MW	TZ	1	1	CEC	KE	1	1493	1509	0	0	72	65
1979	11	14	MW	TZ	4	0	CEC	KE	39	1532	1470	+9	−15	63	80
1979	11	17	KE	MW	2	3	CEC		-22	1443	1554	−1	+3	83	60
1980	05	11	ZM	MW	1	1	F		-3	1553	1557	−3	+3	60	56
1980	06	15	MW	ZM	2	0	F		10	1567	1535	+1	−1	55	64
1980	06	29	CM	MW	3	0	WQ		26	1582	1541	+5	−8	52	63
1980	07	06	MW	ZW	0	1	IND		-22	1519	1483	−2	+9	64	72
1980	07	08	MW	ZW	1	1	IND		-6	1513	1489	−2	+1	66	71
1980	07	20	MW	CM	1	1	WQ		-2	1511	1584	−1	−1	67	52
1980	10	26	MW	ZW	0	1	FQ		-28	1483	1489	−6	+6	76	73
1980	11	09	ZW	MW	1	1	FQ		-6	1483	1489	−2	+2	75	73
1980	11	16	MW	ZN	1	0	CEC	SD	3	1492	1047	+1	0	72	156
1980	11	19	MW	KE	1	0	CEC	SD	15	1507	1395	+3	−2	69	93
1980	11	22	ZM	MW	3	2	CEC	SD	20	1528	1487	+5	−5	63	74
1980	11	24	TZ	MW	1	0	CEC	SD	22	1482	1465	+5	−5	75	79
1980	11	27	MW	ZM	1	0	CEC	SD	22	1487	1486	+6	−4	73	74
1981	04	18	MW	BW	5	2	IND	ZW	4	1491	1041	+1	−1	70	159
1981	04	19	MW	ZM	2	1	IND	ZW	17	1508	1509	+1	−4	69	68
1981	04	20	ZW	MW	4	0	IND		22	1512	1486	+3	−3	68	72
1981	06	19	MW	TZ	4	1	F		11	1497	1446	+2	−2	71	81
1981	06	21	MW	TZ	3	1	F		9	1506	1437	0	−1	71	82
1981	06	23	MW	TZ	0	0	F		-5	1501	1442	0	0	71	82
1981	07	06	MW	MZ	3	1	IND		7	1508	1290	+1	0	69	113
1981	07	10	MW	ZW	2	0	IND		14	1522	1459	+3	−2	66	79
1981	09	04	ZW	MW	2	1	IND	SZ	17	1495	1505	+4	−2	72	69
1981	09	05	MW	LS	4	1	IND	SZ	7	1512	1179	+1	−1	68	139
1981	09	06	SZ	MW	0	0	IND		11	1109	1501	+1	−2	150	70
1981	11	04	MZ	MW	1	0	F		13	1299	1488	+3	−5	111	75
1981	11	14	KE	MW	1	0	CEC	TZ	25	1431	1463	+1	−3	89	78
1981	11	17	TZ	MW	2	2	CEC		-5	1454	1468	−4	0	83	78
1981	11	20	MW	ZN	4	1	CEC	TZ	6	1474	1062	0	0	77	157
1982	07	06	MW	TZ	0	1	IND		-19	1455	1495	−1	+9	81	70
1982	07	08	MW	TZ	2	0	IND		19	1474	1476	+1	−9	80	79
1982	09	12	MW	ZW	2	0	FQ		20	1494	1428	+9	−3	70	87
1982	10	03	ZW	MW	0	2	FQ		-33	1395	1527	−3	+5	90	65
1982	11	13	UG	MW	2	1	CEC		18	1480	1509	+4	−2	76	67
1982	11	16	MW	ZW	1	1	CEC	UG	-4	1505	1440	−1	0	69	85
1982	11	19	MW	TZ	2	0	CEC	UG	21	1526	1379	+5	0	64	89
1983	06	16	MZ	MW	0	2	IND		-16	1313	1542	−3	+1	105	63
1983	06	18	MZ	MW	2	2	IND		5	1318	1537	0	0	105	63
1983	07	06	MW	ZW	0	0	IND		-7	1530	1482	−1	+2	64	75
1983	07	08	MW	ZW	1	0	IND		9	1539	1473	+1	−5	63	80
1983	08	14	MG	MW	0	1	FQ		-24	1479	1563	−4	+5	75	58
1983	08	28	MW	MG	1	1	FQ		-10	1553	1489	−3	+1	61	74
1983	10	22	TZ	MW	1	1	F		2	1381	1551	+1	0	90	60
1983	10	24	TZ	MW	0	0	F		2	1383	1549	0	0	90	59
1983	10	26	ZN	MW	0	1	F		-2	1098	1551	−1	0	152	59
1983	10	29	TZ	MW	1	0	F		12	1395	1539	0	−5	90	64
1983	11	13	ZW	MW	1	0	CEC	KE	25	1478	1514	+7	−1	75	66
1983	11	17	MW	SO	2	1	CEC	KE	4	1518	1113	0	−1	67	148
1983	11	20	MW	ZN	3	1	CEC	KE	5	1523	1090	+1	0	64	153
1983	11	23	KE	MW	2	0	CEC		22	1541	1501	+2	−6	64	70
1983	11	25	UG	MW	2	1	CEC	KE	22	1491	1479	+6	−7	71	77
1984	02	12	MW	ZM	1	0	F		11	1490	1590	+4	−3	73	49
1984	02	15	MW	ZM	0	1	F		-10	1480	1600	−5	+2	77	47
1984	03	05	DZ	MW	3	0	AR	CI	28	1640	1452	+6	−5	38	83
1984	03	08	MW	NG	2	2	AR	CI	10	1462	1585	+4	−5	79	54
1984	03	11	GH	MW	1	0	AR	CI	14	1642	1448	+1	−5	39	85
1984	07	06	MW	KE	2	1	IND		15	1463	1534	+3	−2	81	63
1984	07	08	MW	KE	1	1	IND		-1	1462	1535	0	+1	81	62
1984	07	10	MW	KE	2	1	IND		14	1476	1521	+4	−3	77	65
1984	07	15	MU	MW	0	1	WQ		-15	1269	1491	0	+5	121	72
1984	07	28	MW	MU	4	0	WQ		10	1501	1259	+2	−2	70	123
1984	11	17	MW	ZW	3	0	F		13	1514	1504	+4	−3	65	67
1984	11	19	MW	ZW	1	0	F		7	1521	1497	+2	−3	63	70
1984	12	02	MW	KE	2	1	CEC	UG	18	1539	1474	+3	−3	60	77
1984	12	05	MW	SO	1	0	CEC	UG	4	1543	1165	0	0	60	144
1984	12	09	MW	ZN	1	0	CEC	UG	2	1545	1068	+1	0	59	156
1984	12	12	UG	MW	0	2	CEC		-34	1453	1579	−3	+6	80	51
1984	12	15	MW	ZM	0	0	CEC	UG	3	1582	1630	+1	0	51	43
1985	03	23	ZM	MW	1	1	F		-4	1632	1586	−1	+1	42	51
1985	03	25	ZM	MW	2	2	F		-4	1628	1590	−1	+1	43	50
1985	03	31	MW	MZ	1	1	FQ		-15	1575	1355	−4	+2	54	96
1985	04	07	MA	MW	2	0	WQ		15	1685	1560	+5	−4	32	58
1985	04	16	MZ	MW	1	1	FQ		6	1361	1554	0	0	95	57
1985	04	21	MW	MA	0	0	WQ		2	1556	1683	0	0	57	33
1985	05	02	ZW	MW	1	3	F		-17	1475	1573	−6	+3	78	55
1985	07	01	RE	MW	2	8	IOT		-8	1123	1581	0	+2	149	51
1985	07	02	ZR	MW	1	0	IOT	RE	14	1620	1567	+2	−5	46	56
1985	07	06	MW	TZ	0	0	IND		-9	1558	1419	−3	+1	59	86
1985	07	08	MW	TZ	2	0	IND		9	1567	1410	+3	−1	56	87
1985	07	10	MW	TZ	0	0	IND		-9	1558	1419	−3	+1	59	86
1985	10	04	MW	UG	1	0	CEC	ZW	16	1574	1468	+1	−3	56	80
1985	10	06	MW	ZM	2	2	CEC	ZW	3	1577	1629	+2	+1	54	41
1985	10	11	ZW	MW	1	0	CEC		20	1492	1557	+4	−3	76	57
1985	10	12	MW	UG	3	1	CEC	ZW	26	1583	1486	+4	−7	53	78
1986	06	21	MW	ZM	0	2	F		-20	1563	1578	−2	+5	57	55
1986	06	22	MW	ZM	0	1	F		-12	1551	1590	−5	+2	62	53
1986	07	06	MW	UG	2	1	IND		8	1559	1478	+2	−1	60	76
1986	07	08	MW	UG	0	0	IND		-7	1552	1485	−2	+1	62	75
1986	07	10	MW	UG	0	0	IND		-7	1545	1492	0	+2	62	73
1986	07	19	MW	ZW	1	1	AGQ		-7	1538	1527	−1	+3	63	66
1986	08	03	ZW	MW	1	1	AGQ		-5	1522	1543	−2	+1	68	62
1986	09	30	BW	MW	2	0	IND		41	1085	1502	+4	−8	157	72
1986	11	16	RW	MW	2	5	OQ		-10	1079	1512	−3	+3	158	70
1986	11	30	MW	RW	3	0	OQ		3	1515	1094	+1	0	69	153
1987	01	04	SZ	MW	1	3	AGQ		-8	1083	1523	−1	+1	154	68
1987	01	18	MW	SZ	6	1	AGQ		3	1526	1080	+1	−1	66	155
1987	04	05	ZM	MW	3	1	AGQ		17	1606	1509	+2	−6	49	72
1987	04	19	MW	ZM	2	0	AGQ		30	1539	1576	+7	−7	64	54
1987	06	13	MW	ZW	1	4	F		-23	1516	1545	−3	+4	67	63
1987	06	14	MW	ZW	2	1	F		8	1524	1537	−1	−2	68	65
1987	06	27	MW	CM	1	1	OQ		5	1529	1713	0	−1	67	33
1987	07	03	MW	CI	1	2	FQ		-20	1509	1650	−4	+4	70	41
1987	07	06	MW	BI	1	1	IND		-12	1497	1234	−2	+3	72	127
1987	07	08	MW	BI	1	1	IND		-12	1485	1246	−4	+1	76	126
1987	07	11	MW	BI	2	4	IND		-39	1446	1285	−3	+12	79	114
1987	07	12	CM	MW	3	0	OQ		7	1726	1439	0	0	33	79
1987	07	19	CI	MW	2	0	FQ		9	1659	1430	+3	−4	40	83
1987	08	02	CI	MW	1	0	AFG	KE	8	1667	1422	+1	−2	39	84
1987	08	04	MW	SN	2	0	AFG	KE	39	1461	1492	+7	−9	78	71
1987	08	06	MW	EG	2	1	AFG	KE	33	1494	1686	+5	−3	71	36
1987	08	10	KE	MW	1	1	AFG		-3	1444	1497	0	+1	80	71
1987	08	12	MW	CM	3	1	AFG	KE	46	1543	1664	+10	−5	61	39
1987	12	02	TN	MW	2	3	F		-11	1472	1554	0	+3	77	62
1987	12	06	TN	MW	1	3	F		-16	1456	1570	−1	+4	78	58
1987	12	13	MW	ZW	1	1	CEC	ET	-4	1566	1504	−1	0	59	70
1988	06	19	MZ	MW	1	2	IND		-9	1311	1575	−3	+4	105	54
1988	06	22	MZ	MW	0	0	IND		7	1318	1568	+3	−3	102	57
1988	07	06	MW	ZM	1	0	IND		11	1579	1555	+4	−3	52	60
1988	07	08	MW	ZM	0	1	IND		-20	1559	1575	−8	+8	60	52
1988	07	10	MW	ZM	0	0	IND		-4	1555	1579	0	0	60	52
1988	07	16	UG	MW	1	0	WQ		16	1546	1539	+5	−5	61	64
1988	07	30	MW	UG	3	1	WQ		22	1561	1524	+8	−5	55	65
1988	08	04	ZM	MW	7	1	F		14	1593	1547	+3	−4	48	60
1988	08	31	ZM	MW	4	1	F		10	1612	1537	+2	−2	45	62
1988	09	26	MW	MZ	1	1	F		-7	1530	1313	0	+1	62	106
1988	09	28	MW	MZ	1	0	F		3	1533	1310	0	0	62	106
1988	10	12	KE	MW	0	2	ANN		-20	1368	1553	−4	+4	99	57
1988	10	14	KE	MW	1	0	ANN		19	1387	1534	+4	−4	95	61
1988	11	06	MW	TZ	0	0	CEC		-16	1518	1249	−2	+6	63	122
1988	11	10	MW	ZN	1	0	CEC		2	1520	1123	0	−1	63	151
1988	11	12	MW	KE	3	0	CEC		15	1535	1375	+1	−4	61	98
1988	11	16	MW	ZW	0	0	CEC		-8	1527	1506	−1	+3	62	66
1988	11	17	MW	ZW	2	0	CEC		20	1547	1486	+3	−5	59	71
1988	11	19	MW	ZM	3	1	CEC		32	1579	1636	+10	−5	49	43
1989	01	07	KE	MW	1	1	WQ		5	1393	1574	0	−2	94	52
1989	01	21	MW	EG	1	1	WQ		0	1574	1674	0	0	53	36
1989	03	26	ET	MW	1	1	F		2	1423	1572	0	−1	85	54
1989	03	28	ET	MW	1	0	F		11	1434	1561	+1	−3	84	57
1989	04	09	SZ	MW	0	2	FQ		-6	1073	1567	−1	+2	159	55
1989	04	23	MW	SZ	1	1	FQ		-19	1548	1111	−7	+2	61	153
1989	06	03	MW	TN	1	0	F		6	1554	1484	+2	−1	60	70
1989	06	11	LR	MW	1	0	WQ		26	1376	1528	+4	−4	97	62
1989	06	24	MW	KE	1	0	WQ		9	1537	1400	+1	−3	61	93
1989	07	06	MW	GA	2	0	IND		11	1548	1420	+2	−2	60	86
1989	07	09	MW	MZ	0	1	IND		-27	1521	1313	−3	+5	63	106
1989	07	11	MW	MZ	0	2	IND		-38	1483	1351	−7	+4	70	102
1989	07	14	MW	KE	2	3	FQ		-30	1453	1421	−7	+9	77	87
1989	07	29	KE	MW	0	0	FQ		-4	1417	1457	−3	+2	88	76
1989	08	05	TN	MW	3	0	F		13	1467	1444	+1	−5	76	81
1989	08	11	EG	MW	1	0	WQ		7	1635	1437	+2	−2	42	83
1989	08	26	MW	LR	0	0	WQ		-8	1429	1399	−1	+2	84	93
1989	12	02	MW	ZN	0	0	CEC	KE	-13	1416	1163	−4	+2	87	145
1989	12	10	MW	ZM	0	0	CEC	KE	8	1424	1561	+2	−3	84	56
1989	12	14	KE	MW	0	1	CEC		-28	1434	1452	−9	+6	83	78
1989	12	16	MW	UG	3	3	CEC	KE	4	1456	1527	+4	0	75	63
1990	01	20	MW	TZ	2	2	SDC	SZ	-9	1447	1206	−5	+1	80	136
1990	01	21	BW	MW	2	2	SDC	SZ	11	1148	1436	+1	−2	147	82
1990	01	23	SZ	MW	0	0	SDC		8	1122	1428	0	−1	153	83
1990	07	06	MW	TZ	2	0	IND		6	1434	1210	+2	−2	78	137
1990	07	09	MW	TZ	1	1	IND		-11	1423	1221	−2	+3	80	134
1990	07	11	MW	TZ	0	0	IND		-11	1412	1232	−5	+3	85	131
1990	08	04	MW	ZR	1	0	F		12	1424	1574	+5	0	81	50
1990	08	06	MW	ZR	1	0	F		11	1435	1563	+3	−6	78	56
1990	08	08	MW	ZR	0	0	F		1	1436	1562	0	0	78	56
1990	08	18	MW	CG	0	1	FQ		-28	1408	1408	−10	+10	87	87
1990	12	09	MW	ZW	0	0	CEC	ZN	1	1409	1433	0	0	86	78
1990	12	11	MW	TZ	1	0	CEC	ZN	11	1420	1228	+3	−3	83	133
1990	12	14	ZN	MW	2	1	CEC		29	1176	1391	+6	−8	142	91
1991	04	14	ZW	MW	4	0	FQ		26	1423	1365	+5	−9	83	101
1991	04	28	CG	MW	2	1	FQ		9	1483	1356	+1	−2	73	104
1991	07	06	MW	KE	0	2	IND		-28	1328	1405	−9	+11	112	86
1991	07	08	MW	KE	1	1	IND		-1	1327	1406	0	0	112	86
1991	07	10	MW	KE	1	1	IND		-1	1326	1407	0	0	112	86
1991	07	27	MW	ZW	2	2	FQ		0	1326	1421	0	0	111	82
1991	08	19	MW	MZ	1	0	F		8	1334	1343	+2	−1	109	106
1991	08	20	MW	MZ	2	0	F		11	1345	1332	+3	−3	106	109
1991	11	25	MW	ZN	1	0	CEC	UG	10	1355	1136	+3	0	107	159
1991	11	28	KE	MW	1	0	CEC	UG	15	1464	1340	+4	−3	79	110
1991	12	01	MW	ZM	0	0	CEC	UG	12	1352	1558	+2	−1	108	57
1991	12	30	MW	ZM	0	2	F		-9	1343	1603	−2	+4	111	49
1992	07	06	MW	ZW	0	0	IND		-1	1342	1422	0	0	116	95
1992	07	08	MW	ZW	0	0	IND		-1	1341	1423	−1	0	117	95
1992	07	11	MW	ZW	1	0	IND		14	1355	1409	+4	−3	113	98
1992	08	16	MW	EG	1	0	FQ		31	1386	1628	+7	−6	106	47
1992	08	29	MW	ML	1	1	FQ		-4	1382	1411	−1	+1	109	100
1992	11	07	ZW	MW	0	1	F		-15	1473	1397	−1	+3	80	104
1992	11	09	ZW	MW	4	1	F		9	1482	1388	+1	−1	81	104
1992	11	16	TZ	MW	1	1	CEC		-1	1308	1389	0	0	128	103
1992	11	19	MW	ZM	1	0	CEC	TZ	32	1421	1609	+4	−7	99	52
1992	11	22	MW	ET	2	1	CEC	TZ	18	1439	1374	+5	−6	94	109
1992	11	24	MW	ZN	3	1	CEC	TZ	9	1448	1136	+1	−1	93	166
1992	11	28	ZM	MW	4	0	CEC	TZ	21	1638	1427	+5	−3	46	96
1993	03	27	MW	ZM	1	0	F		13	1440	1620	+2	−3	93	50
1993	04	11	MA	MW	0	1	FQ		-33	1566	1473	−8	+8	61	85
1993	04	25	EG	MW	2	0	FQ		10	1664	1463	+5	−2	34	88
1993	05	20	ZM	MW	1	1	F		-6	1617	1469	−3	+1	50	87
1993	05	22	ZM	MW	0	1	F		-16	1601	1485	−4	+3	54	84
1993	05	24	ZM	MW	4	2	F		7	1608	1478	+2	−1	52	85
1993	07	06	MW	SZ	3	1	IND		5	1483	1216	+1	0	85	148
1993	07	08	MW	SZ	1	1	IND		-12	1471	1228	−2	+3	87	145
1993	07	10	MW	SZ	0	1	IND		-26	1445	1254	−5	+4	92	141
1993	07	11	ML	MW	2	1	FQ		15	1443	1430	+3	−6	94	98
1993	07	25	MW	MA	0	2	FQ		-22	1408	1641	−2	+6	100	43
1993	07	29	MW	SZ	3	0	F		7	1415	1247	+2	−1	98	142
1994	02	12	MW	ZM	0	3	F		-12	1403	1647	−5	+8	102	40
1994	02	13	MW	ZM	0	2	F		-9	1394	1656	−1	+1	103	39
1994	09	04	ZR	MW	1	1	FQ		-10	1480	1404	0	+4	82	99
1994	10	09	ZM	MW	2	1	F		2	1691	1402	0	−1	32	102
1994	10	15	MW	ZW	3	1	FQ		33	1435	1509	+8	−7	94	75
1995	01	08	CM	MW	0	0	FQ		-12	1560	1447	−1	+3	65	91
1995	01	22	LS	MW	0	2	FQ		-19	1201	1466	−4	+5	153	86
1995	04	09	MW	ZR	0	1	FQ		-25	1441	1494	−4	+5	92	80
1995	04	23	ZW	MW	1	1	FQ		-11	1552	1452	0	+2	65	91
1995	07	16	MW	CM	1	3	FQ		-33	1419	1553	−8	+8	101	66
1996	05	11	MW	ZM	0	1	F		-6	1413	1676	−1	0	104	37
1996	05	12	MW	ZM	1	1	F		4	1417	1672	+1	0	103	37
1996	05	26	MW	MZ	1	0	F		7	1424	1404	+1	−1	102	106
1996	06	01	MW	ZA	0	1	WQ		-9	1415	1736	−2	+1	104	29
1996	06	15	ZA	MW	3	0	WQ		6	1742	1409	0	−4	27	106
1996	07	06	MW	TZ	3	2	IND		11	1420	1397	+3	−1	104	109
1996	07	08	MW	TZ	1	0	IND		10	1430	1387	+4	−1	99	110
1996	07	10	MW	TZ	1	1	IND		-6	1424	1393	−1	+1	100	109
1996	10	06	MU	MW	1	2	FQ		-11	1152	1435	0	+5	164	96
1997	01	04	KE	MW	2	2	F		-1	1373	1436	−1	0	115	94
1997	01	05	KE	MW	0	0	F		-1	1372	1437	0	0	115	94
1997	01	25	MW	ZM	0	2	FQ		-24	1413	1637	−8	+5	102	47
1997	02	22	MW	MZ	2	0	FQ		18	1431	1346	+7	−1	95	120
1997	03	01	BW	MW	1	4	CSF		-9	997	1440	0	0	190	95
1997	04	12	MW	MZ	2	2	CSF		-9	1431	1378	−3	+2	96	114
1997	04	19	ZM	MW	4	0	CSF		12	1634	1419	+3	−4	47	100
1997	06	21	MW	MU	3	2	FQ		4	1423	1154	+3	0	98	164
1997	06	28	NA	MW	4	1	CSF		34	1365	1389	+6	−12	118	110
1997	07	06	MW	BW	0	0	IND		-13	1376	1010	−1	0	111	187
1997	07	12	ZM	MW	3	1	FQ		8	1619	1368	+2	−2	51	113
1997	07	27	MZ	MW	2	1	FQ		12	1427	1356	+4	−4	98	118
1997	08	09	MW	TZ	2	2	CSF		-7	1349	1339	−3	+2	121	122
1998	01	03	MW	ZW	1	0	F		9	1358	1422	+1	−3	118	101
1998	01	04	MW	ZW	0	2	F		-17	1341	1439	−3	+6	121	95
1998	01	10	MW	ZM	0	1	CSF		-10	1331	1637	−3	+4	124	47
1998	07	06	MW	MZ	2	1	IND		10	1341	1309	+3	0	119	127
1998	07	08	MW	MZ	2	2	IND		-5	1336	1314	−1	0	120	127
1998	07	11	MW	MZ	0	0	IND		-5	1331	1319	−2	0	122	127
1998	07	18	MW	ZW	1	0	F		12	1343	1488	+3	−5	119	79
1998	07	20	MW	ZW	0	0	F		1	1344	1487	0	0	119	78
1998	08	01	NA	MW	2	1	FQ		15	1346	1329	+5	−6	119	125
1998	08	15	MW	NA	0	1	FQ		-24	1305	1386	−4	+7	129	110
1999	01	23	ZW	MW	3	0	F		7	1465	1298	+6	0	84	130
1999	01	24	ZW	MW	1	0	F		4	1469	1294	+3	−1	81	131
1999	04	24	MW	AO	1	2	CSF		-18	1276	1447	−6	+7	137	91
1999	05	22	MW	NA	1	1	CSF		-3	1273	1330	0	+2	136	121
1999	07	06	MW	UG	0	2	IND		-24	1249	1377	−5	+5	139	112
1999	12	04	MW	LY	1	2	F		-7	1242	1456	−3	+2	147	90
1999	12	11	MW	RW	1	1	F		-5	1237	1178	0	+1	147	160
1999	12	13	MW	RW	1	1	F		-4	1233	1182	−1	0	148	160
1999	12	15	MW	RW	1	2	F		-14	1219	1196	−2	+6	150	154
2000	03	12	ZM	MW	1	1	F		-8	1538	1227	0	+1	67	149
2000	03	13	ZM	MW	0	1	F		-18	1520	1245	−6	+3	73	146
2000	03	25	TZ	MW	1	1	F		-3	1245	1248	−2	+2	146	144
2000	03	26	TZ	MW	4	3	F		7	1252	1241	+3	−3	143	147
2000	04	08	MW	KE	2	0	WQ		37	1278	1390	+11	−13	135	111
2000	04	15	MW	MZ	2	1	CSF		13	1291	1247	+4	−4	132	144
2000	04	22	KE	MW	0	0	WQ		-10	1382	1301	−2	+1	111	131
2000	05	20	MW	AO	0	0	CSF		5	1306	1492	+2	0	130	77
2000	06	04	NG	MW	3	2	F		1	1732	1305	−2	0	32	129
2000	06	06	NG	MW	4	1	F		2	1734	1303	+2	−1	30	130
2000	06	17	MW	BF	1	1	WQ		0	1303	1403	0	0	130	107
2000	07	01	UG	MW	3	1	FQ		18	1372	1285	+6	−8	111	136
2000	07	06	MW	NA	1	2	IND		-18	1267	1325	−4	+5	141	124
2000	07	15	MW	UG	1	2	FQ		-21	1246	1376	−1	+6	142	111
2001	01	28	GN	MW	1	1	WQ		-15	1488	1261	−2	+2	78	141
2001	02	25	MW	ZA	1	2	WQ		-6	1255	1663	−4	+3	143	49
2001	03	11	ZW	MW	2	0	WQ		9	1475	1246	+1	−1	80	143
2001	03	17	BW	MW	0	1	CSF		-18	1086	1264	−3	+3	175	140
2001	04	21	BF	MW	4	2	WQ		14	1383	1250	+2	−6	114	145
2001	07	01	MW	SZ	2	2	IND		-6	1244	1196	−2	0	146	156
2001	07	06	MW	ZM	1	0	IND		20	1264	1437	+6	−5	140	93
2001	07	14	ZA	MW	2	0	WQ		3	1654	1261	+1	−2	51	142
2001	07	21	MW	ZA	1	0	CSF		34	1295	1620	+11	−3	131	55
2001	07	28	MW	ZW	0	1	WQ		-17	1278	1471	−7	+5	138	85
2001	08	25	MW	ZW	0	2	CSF		-22	1256	1493	−5	+8	143	79
2002	05	04	MW	TZ	1	0	F		9	1265	1312	+3	−2	142	128
2002	05	18	MW	AO	2	1	CSF		29	1294	1499	+11	−7	131	76
2002	06	08	MW	BW	2	0	F		6	1300	1159	0	−1	131	161
2002	06	09	MW	BW	1	0	F		4	1304	1155	+1	−1	130	162
2002	07	07	MW	ZW	3	2	IND		17	1321	1441	+5	−6	126	94
2002	07	08	MW	ZW	2	2	IND		1	1322	1440	0	−1	126	95
2002	08	10	MW	ZM	1	0	CSF		23	1345	1443	+4	−6	124	92
2002	09	21	MW	ZA	1	3	CSF		-13	1332	1675	−3	+3	128	43
2002	09	28	ZA	MW	1	0	CSF		3	1678	1329	+1	−1	42	129
2002	10	12	MW	AO	1	0	FQ		24	1353	1484	+7	−10	121	81
2003	02	22	MW	CD	1	1	F		0	1353	1458	0	0	124	92
2003	02	23	MW	CD	2	3	F		-10	1343	1468	−3	+6	127	86
2003	03	16	ZW	MW	0	0	F		-6	1460	1349	−3	+3	91	124
2003	03	29	MW	NG	0	1	FQ		-6	1343	1749	−3	0	126	33
2003	05	17	MW	ZM	0	1	F		-9	1334	1482	0	+5	127	81
2003	05	21	LS	MW	0	0	F		2	1149	1332	0	0	164	127
2003	05	25	BW	MW	1	1	CSF		2	1196	1330	+1	0	155	127
2003	06	07	NG	MW	4	1	FQ		3	1767	1327	+2	−2	26	129
2003	07	06	AO	MW	5	1	FQ		14	1497	1313	+6	−2	75	131
2003	08	16	MW	ZM	1	1	CSF		2	1315	1445	0	−1	129	93
2003	09	27	MW	ZW	1	2	CSF		-15	1300	1515	−1	+2	130	74
2003	10	05	ZW	MW	2	0	CSF		8	1523	1292	+2	0	72	130
2003	10	12	ET	MW	1	3	WQA		-40	1269	1332	−9	+5	139	126
2003	11	15	MW	ET	0	0	WQA		-9	1323	1278	0	+3	126	135
2004	05	22	ZM	MW	0	2	F		-23	1419	1346	−6	+3	102	124
2004	06	05	MW	MA	1	1	WQA		12	1358	1670	+6	−4	118	45
2004	06	13	MZ	MW	2	0	CSF		29	1295	1329	+6	−7	133	126
2004	06	19	BW	MW	2	0	WQA		29	1268	1300	+5	−4	140	130
2004	07	03	MW	GN	1	1	WQA		8	1308	1533	+2	−2	128	72
2004	07	06	MW	SZ	1	2	IND		-24	1284	1183	−6	+7	134	156
2004	07	08	MW	SZ	1	1	IND		-8	1276	1191	−4	0	138	156
2004	09	04	KE	MW	3	2	WQA		6	1471	1270	0	−2	89	140
2004	10	09	MW	TN	2	2	WQA		13	1283	1618	+7	−4	133	58
2005	02	27	MW	ZW	2	1	F		13	1296	1479	+1	−2	134	86
2005	03	26	TN	MW	7	0	WQA		7	1625	1289	+3	−1	54	135
2005	05	27	LY	MW	1	1	F		-8	1521	1297	−2	+3	74	132
2005	06	04	MA	MW	4	1	WQA		4	1690	1293	+3	−2	40	134
2005	06	11	MW	LS	2	1	CSF	ZM	12	1305	1132	+3	−2	131	167
2005	06	12	ZM	MW	2	1	CSF		7	1492	1298	+2	−1	83	132
2005	06	18	MW	BW	1	3	WQA		-40	1258	1319	−7	+8	139	127
2005	09	04	GN	MW	3	1	WQA		8	1502	1250	+1	−1	84	140
2005	09	24	MW	ZW	2	0	AFD	MZ	39	1289	1535	+6	−9	135	72
2005	10	08	MW	KE	3	0	WQA		36	1325	1364	+12	−7	122	109
2006	06	24	MW	ZW	1	1	IND	MZ	7	1332	1493	+2	−5	122	86
2006	06	25	MZ	MW	1	2	IND		-18	1285	1350	−4	+6	135	116
2006	07	06	MW	BW	2	1	IND		10	1360	1321	+2	0	114	124
2006	07	08	MW	BW	0	0	IND		-6	1354	1327	−2	0	116	124
2006	07	22	ZM	MW	3	1	CSF	NA	18	1521	1336	+5	−6	75	122
2006	07	23	NA	MW	3	2	CSF		24	1184	1312	+4	−7	162	129
2006	09	02	MA	MW	2	0	FQ		4	1655	1308	−1	+1	49	127
2006	10	07	MW	ZW	1	0	FQ		24	1332	1457	+4	−7	121	95
2006	11	26	MW	DJ	3	0	CEC	ET	4	1336	839	0	0	120	204
2006	11	28	TZ	MW	2	1	CEC	ET	23	1302	1313	+4	−7	130	127
2006	12	01	ET	MW	1	0	CEC		10	1418	1303	+1	−2	101	129
2006	12	06	MW	UG	0	0	CEC	ET	6	1309	1403	0	−1	128	103
2007	05	26	MW	ZA	0	0	CSF	SZ	9	1318	1473	+1	−3	124	91
2007	05	27	SZ	MW	1	0	CSF		23	1194	1295	+9	−7	157	131
2007	06	10	MW	SN	2	3	F		-4	1291	1650	−1	+1	132	48
2007	06	16	MW	MA	0	1	FQ		-7	1284	1668	−1	+1	133	45
2007	07	06	MW	NA	1	2	IND		-21	1263	1245	−5	+6	138	145
2007	09	09	ZW	MW	3	1	FQ		10	1455	1253	+5	−4	91	143
2007	11	18	SZ	MW	0	3	F		-19	1166	1272	−7	+3	167	137
2008	03	26	NA	MW	1	3	F		-20	1264	1292	−6	+5	139	133
2008	05	25	TZ	MW	1	1	F		-4	1319	1296	−4	0	124	133
2008	05	31	MW	DJ	8	1	WQA		3	1299	805	+1	0	132	208
2008	06	08	CD	MW	1	0	WQA		8	1452	1291	+2	−2	96	132
2008	06	14	MW	EG	1	0	WQA		37	1328	1785	+11	−7	121	23
2008	06	22	EG	MW	2	0	WQA		2	1787	1326	+1	+1	22	122
2008	07	06	MW	KE	0	0	IND		-2	1324	1393	−1	0	123	111
2008	07	20	MW	LS	1	0	CSF	ZA	10	1334	1128	+1	−1	122	172
2008	07	22	MW	KM	1	0	CSF	ZA	2	1336	839	0	0	122	204
2008	07	24	NA	MW	1	0	CSF	ZA	25	1278	1311	+8	−4	132	126
2008	09	05	DJ	MW	0	3	WQA		-6	795	1317	−1	+1	209	125
2008	09	30	ZA	MW	3	0	F		6	1487	1311	0	0	90	124
2008	10	11	MW	CD	2	1	WQA		23	1334	1432	+4	−2	122	96
2009	02	11	MZ	MW	2	0	F		9	1401	1325	+3	0	109	123
2009	03	21	UG	MW	2	1	F		4	1482	1321	0	0	89	123
2009	03	29	CI	MW	5	0	WQA		4	1720	1317	0	−2	37	126
2009	05	23	MW	LS	1	0	F		3	1320	1127	+1	−1	126	171
2009	05	30	MW	RW	2	0	F		13	1333	1369	+1	−1	125	117
2009	06	06	MW	BF	0	1	WQA		-19	1314	1474	−4	+4	129	90
2009	06	21	GN	MW	2	1	WQA		6	1524	1308	0	−1	85	130
2009	07	06	MW	SZ	3	1	IND		9	1317	1152	+2	−1	128	165
2009	09	05	MW	GN	2	1	WQA		26	1343	1505	+6	−3	122	83
2009	10	10	MW	CI	1	1	WQA		14	1357	1745	+2	−2	120	31
2009	10	25	MZ	MW	1	0	CSF	ZW	17	1422	1340	+3	−1	106	122
2009	11	14	BF	MW	1	0	WQA		9	1475	1331	0	0	90	122
2009	12	19	MZ	MW	0	1	F		-16	1432	1347	−5	+4	104	119
2009	12	29	EG	MW	1	1	F		-9	1696	1356	−1	0	41	119
2010	01	05	GH	MW	0	0	F	SZ	-7	1679	1363	−2	+2	44	117
2010	01	11	MW	DZ	3	0	AR	AO	68	1431	1512	+13	−22	104	87
2010	01	14	AO	MW	2	0	AR		26	1471	1405	+9	−7	92	111
2010	01	18	ML	MW	3	1	AR	AO	24	1557	1381	+9	−4	72	114
2010	03	03	ZW	MW	2	1	F		9	1332	1372	+1	−3	122	116
2010	05	12	YE	MW	1	0	F		10	1287	1362	+2	−2	134	117
2010	07	09	TG	MW	1	1	FQ		-9	1429	1371	−1	+3	104	115
2010	08	11	MW	BW	1	1	FQ		-6	1365	1373	−4	+4	119	115
2010	09	04	TN	MW	2	2	FQ		-15	1583	1380	−7	+6	64	113
2010	10	09	MW	TD	6	2	FQ		15	1395	1224	+4	−2	111	148
2010	11	17	MW	RW	2	1	F		6	1401	1344	+2	0	110	121
2010	11	29	MW	KE	3	2	CEC	TZ	15	1416	1305	+1	−3	109	130
2010	12	02	MW	UG	1	1	CEC	TZ	8	1424	1559	0	−1	109	73
2010	12	04	ET	MW	1	1	CEC	TZ	7	1301	1417	0	0	133	109
2010	12	07	CI	MW	1	0	CEC	TZ	5	1743	1412	+4	+1	27	108
2011	02	09	NA	MW	1	2	F		-9	1280	1421	−2	+1	137	108
2011	03	26	MW	TG	1	0	FQ		12	1433	1365	+1	−3	107	119
2011	05	29	SZ	MW	1	1	F		5	1138	1428	0	−2	171	107
2011	06	05	BW	MW	0	0	FQ		-6	1427	1434	−3	+3	105	102
2011	07	06	MW	NA	0	1	F		-17	1417	1269	−3	+4	105	136
2011	09	03	MW	TN	0	0	FQ		4	1421	1579	0	0	104	63
2011	10	04	ET	MW	0	0	F		1	1300	1420	0	0	131	104
2011	10	08	TD	MW	2	2	FQ		7	1209	1413	+2	−1	153	104
2011	11	28	MW	KE	2	0	CEC	TZ	23	1436	1303	+1	−4	101	132
2011	11	30	MW	SD	0	0	CEC	TZ	-3	1433	1393	0	0	101	109
2011	12	02	ET	MW	1	1	CEC	TZ	8	1286	1425	+1	0	136	101
2011	12	06	TZ	MW	1	0	CEC		23	1296	1402	+6	−5	133	108
2012	02	29	TD	MW	3	2	FQ		24	1247	1378	+3	−4	146	112
2012	05	26	TZ	MW	0	0	F		1	1261	1377	0	−1	145	114
2012	05	28	ZN	MW	1	1	F		-1	1323	1378	0	0	127	114
2012	06	02	KE	MW	0	0	WQ		-3	1331	1381	−1	+1	125	112
2012	06	09	MW	NG	1	1	WQ		9	1390	1635	+1	−4	110	53
2012	06	16	MW	TD	2	0	FQ		12	1402	1234	+3	−3	107	149
2012	07	06	MW	ZM	1	0	F		13	1415	1605	+2	−4	105	60
2012	09	04	LR	MW	1	0	F		11	1278	1404	+1	−2	142	107
2012	09	08	GH	MW	2	0	FQ		6	1686	1398	+2	−5	41	111
2012	10	13	MW	GH	0	1	FQ		-11	1387	1672	0	+2	111	42
2012	11	26	RW	MW	2	0	CEC	UG	29	1424	1358	+8	−8	102	120
2012	11	29	MW	ER	3	2	CEC	UG	10	1368	1156	+3	−1	116	166
2012	12	01	MW	ZN	2	0	CEC	UG	26	1394	1297	+5	−10	111	139
2012	12	04	KE	MW	1	0	CEC	UG	23	1367	1371	+8	−6	117	116
2012	12	22	ZA	MW	3	1	F		5	1565	1366	+2	0	68	118
2013	03	19	BW	MW	1	0	F		9	1296	1357	+1	−1	138	121
2013	03	23	NA	MW	0	1	WQ		-23	1286	1380	−7	+7	139	114
2013	05	25	MW	ZW	1	1	F		-3	1377	1361	−1	+1	116	118
2013	06	05	MW	NA	0	0	WQ		-10	1367	1300	−1	+2	117	137
2013	06	12	MW	KE	2	2	WQ		-4	1363	1396	−1	+3	116	108
2013	07	06	MW	MZ	0	1	F		-14	1349	1321	−8	+4	125	129
2013	07	13	MW	ZW	1	1	CSF	ZM	-1	1348	1337	0	0	125	127
2013	07	16	AO	MW	3	2	CSF	ZM	15	1451	1333	+1	−2	100	127
2013	08	14	RW	MW	0	1	F		-13	1338	1346	−4	+2	128	126
2013	09	03	BW	MW	1	0	F		9	1293	1337	0	−2	137	128
2013	09	07	NG	MW	2	0	WQ		4	1713	1333	+1	0	35	128
2014	03	05	MW	ZW	1	4	F		-21	1312	1376	−2	+4	129	119
2014	05	04	TZ	MW	0	0	F		-4	1350	1316	−2	+1	125	129
2014	05	17	MW	TD	2	0	FQ		15	1331	1217	+3	−3	126	152
2014	05	27	TZ	MW	1	0	F		6	1372	1325	+2	−2	115	127
2014	05	31	TD	MW	3	1	FQ		31	1248	1294	+11	−6	143	133
2014	07	06	MW	MZ	1	1	F		-1	1293	1347	0	0	133	126
2014	07	15	UG	MW	0	0	F		-7	1468	1300	−2	+1	93	132
2014	07	20	BJ	MW	1	0	FQ		9	1413	1291	+2	−1	109	133
2014	08	02	MW	BJ	1	0	FQ		21	1312	1392	+4	−1	129	110
2014	09	07	ML	MW	2	0	FQ		7	1569	1305	+2	−1	66	130
2014	09	10	MW	ET	3	2	FQ		18	1323	1348	+2	−3	128	122
2014	10	11	MW	DZ	0	2	FQ		-11	1312	1703	−2	+3	129	36
2014	10	15	DZ	MW	3	0	FQ		4	1707	1308	+1	0	35	129
2014	11	15	MW	ML	2	0	FQ		41	1349	1505	+7	−12	123	84
2014	11	19	ET	MW	0	0	FQ		-6	1344	1355	0	+5	122	118
2015	03	29	TZ	MW	1	1	F		-2	1341	1357	0	0	124	120
2015	05	10	ZM	MW	2	0	F		6	1502	1351	+1	−2	83	122
2015	05	22	ZA	MW	2	1	F		3	1588	1348	0	0	64	121
2015	05	25	MW	MZ	2	2	CSF	ZA	2	1350	1383	0	−1	121	114
2015	05	27	ZA	MW	0	0	CSF		-15	1557	1365	−2	+3	66	118
2015	05	29	MW	ZM	1	0	CSF	ZA	30	1395	1516	+5	−9	113	78
2015	06	08	EG	MW	2	1	F		3	1605	1392	0	0	60	112
2015	06	13	MW	ZW	1	2	FQ		-29	1363	1352	−9	+5	119	124
2015	07	06	MW	UG	1	0	F		11	1374	1485	+2	−3	117	89
2015	09	06	SZ	MW	2	2	FQ		2	1238	1372	−1	+1	149	116
2015	10	07	TZ	MW	2	0	WQ		32	1277	1340	+10	−11	134	126
2015	10	11	MW	TZ	1	0	WQ		11	1351	1266	+1	−2	122	140
2015	11	23	MW	SD	2	1	CEC	ET	18	1369	1292	+5	−1	118	133
2015	11	25	MW	DJ	3	0	CEC	ET	2	1371	760	0	−1	117	213
2015	11	27	SS	MW	2	0	CEC	ET	50	1147	1321	+5	−14	172	131
2015	11	30	UG	MW	2	0	CEC	ET	15	1528	1306	+4	−1	76	132
2016	03	22	SL	MW	1	1	F		-4	1330	1310	−2	0	125	132
2016	03	25	GN	MW	0	0	FQ		-15	1536	1325	−5	+2	74	128
2016	03	29	MW	GN	1	2	FQ		-14	1311	1550	−2	+3	128	71
2016	06	05	ZW	MW	3	0	FQ		18	1407	1293	+4	−3	107	130
2016	06	08	NA	MW	0	0	F		-4	1337	1297	−2	0	122	131
2016	06	12	MW	AO	3	0	CSF	NA	40	1337	1308	+11	−9	120	128
2016	06	14	MW	MU	1	0	CSF	NA	7	1344	1057	+1	0	119	186
2016	06	16	LS	MW	1	0	CSF	NA	29	1211	1315	+7	−7	161	126
2016	09	04	MW	SZ	1	0	FQ		16	1331	1331	+5	−2	121	121
2017	06	10	MW	KM	1	0	FQ		3	1334	1017	−1	−1	123	188
2017	06	25	TZ	MW	2	0	CSF	ZA	31	1350	1303	+6	−9	121	132
2017	06	27	MW	MU	0	0	CSF	ZA	-13	1290	1061	−4	0	136	185
2017	06	29	AO	MW	0	0	CSF	ZA	3	1239	1287	0	−1	153	137
2017	09	04	MW	TG	1	0	F	MA	13	1300	1377	+8	−3	129	114
2017	10	07	TZ	MW	1	1	F		-4	1339	1304	0	+1	120	127
2017	11	11	MW	LS	1	1	F		-4	1300	1266	−1	+3	130	142
2018	03	27	UG	MW	0	0	F		-6	1453	1306	−5	−1	95	130
2018	05	28	MU	MW	1	0	CSF	ZA	32	1106	1274	+5	−10	174	140
2018	05	30	BW	MW	1	1	CSF	ZA	-1	1296	1275	−1	0	133	140
2018	06	01	AO	MW	0	0	CSF	ZA	1	1253	1274	+1	0	147	140
2018	09	08	MA	MW	3	0	FQ		3	1721	1271	0	−2	35	142
2018	09	11	KE	MW	1	0	F		5	1365	1266	0	−1	117	145
2018	10	12	CM	MW	1	0	FQ		3	1627	1263	0	+1	53	143
2018	10	16	MW	CM	0	0	FQ		13	1276	1614	+5	0	139	53
2018	11	17	KM	MW	2	1	FQ		26	1089	1250	+8	−10	178	149
2019	03	22	MW	MA	0	0	FQ		16	1266	1712	+6	−3	144	40
2019	05	26	MW	SC	3	0	CSF	ZA	11	1277	956	0	−1	143	196
2019	05	28	MW	NA	2	1	CSF	ZA	25	1302	1346	+6	−9	137	120
2019	05	30	MW	MZ	1	1	CSF	ZA	-2	1300	1269	0	0	137	143
2019	06	02	MW	ZM	2	2	CSF	ZA	7	1307	1428	0	−2	137	97
2019	06	04	MW	KM	2	1	CSF	ZA	10	1317	1097	+5	0	132	178
2019	06	07	ZA	MW	0	0	CSF		-15	1522	1332	−7	+11	77	123
2019	09	07	BW	MW	0	0	WQ		-5	1309	1337	−1	+1	133	122
2019	09	10	MW	BW	1	0	WQ		13	1350	1296	+4	−4	119	138
2019	10	13	LS	MW	1	1	F		-1	1298	1351	0	0	133	119
2019	11	13	MW	SS	1	0	FQ		4	1355	1058	+1	0	118	183
2019	11	17	UG	MW	2	0	FQ		13	1496	1342	+1	−2	83	120
2020	10	07	ZM	MW	1	0	F		5	1437	1337	0	−2	96	122
2020	10	11	MW	ZW	0	0	F		-1	1336	1409	0	0	122	103
2020	11	12	BF	MW	3	1	FQ		8	1557	1328	+4	0	67	122
2020	11	16	MW	BF	0	0	FQ		7	1335	1550	+1	−2	124	71
2021	03	17	ET	MW	4	0	F		17	1290	1318	+3	−6	135	128
2021	03	24	MW	SS	1	0	FQ	SD	8	1326	1080	+1	0	127	182
2021	03	29	MW	UG	1	0	FQ		23	1349	1457	+7	−8	121	91
2021	06	13	TZ	MW	2	0	F		13	1308	1336	0	−3	133	125
2021	07	09	MW	ZW	2	2	CSF	ZA	3	1339	1390	+1	0	125	105
2021	07	11	MZ	MW	2	0	CSF	ZA	35	1310	1304	+7	−9	132	134
2021	07	13	MW	NA	1	1	CSF	ZA	5	1309	1392	+2	−1	132	105
2021	07	14	SN	MW	2	1	CSF	ZA	4	1706	1305	+1	−1	39	133
2021	09	03	CM	MW	2	0	WQ		7	1572	1298	+1	−1	66	133
2021	09	07	MW	MZ	1	0	WQ	ZA	22	1320	1306	+4	−5	129	132
2021	10	08	CI	MW	3	0	WQ	ZA	9	1651	1311	+1	−2	50	129
2021	10	11	CI	MW	2	1	WQ	BJ	5	1656	1306	−1	0	50	130
2021	11	13	CM	MW	4	0	WQ	ZA	13	1588	1293	+4	−4	63	135
2021	11	16	MZ	MW	1	0	WQ	BJ	21	1305	1272	+6	−5	132	139
2021	12	31	MW	KM	2	1	F	SA	9	1281	1244	+2	−4	137	149
2022	01	10	GN	MW	1	0	AR	CM	17	1414	1264	+3	−6	99	143
2022	01	14	MW	ZW	2	1	AR	CM	28	1292	1278	+9	−6	134	138
2022	01	18	MW	SN	0	0	AR	CM	20	1312	1670	+4	−3	130	46
2022	01	25	MA	MW	2	1	AR	CM	3	1765	1309	0	0	30	130
2022	06	05	MW	ET	2	1	FQ		15	1324	1302	+7	−8	124	132
2022	06	09	GN	MW	1	0	FQ		12	1388	1312	+4	−8	106	129
2022	07	06	LS	MW	2	1	CSF	ZA	25	1241	1287	+3	−8	152	138
2022	07	08	SW	MW	1	1	CSF	ZA	0	1279	1287	0	0	139	138
2022	07	10	MW	MU	2	0	CSF	ZA	7	1294	941	−1	0	139	193
2023	02	25	MW	LS	1	1	F		-5	1289	1225	0	+2	140	155
2023	02	26	MW	LS	0	1	F		-14	1275	1239	−2	+1	142	154
2023	03	15	BD	MW	1	1	F	SA	8	857	1267	0	0	205	142
2023	03	24	EG	MW	2	0	FQ		3	1663	1264	+1	−2	49	143
2023	03	28	MW	EG	0	4	FQ		-11	1253	1674	−2	+2	145	48
2023	06	14	MZ	MW	1	1	F		-4	1307	1257	−1	+1	134	145
2023	06	20	ET	MW	0	0	FQ	MZ	-3	1307	1260	+1	−2	131	148
2023	07	06	MW	ZM	1	0	CSF	ZA	32	1292	1474	+12	−10	136	89
2023	07	09	MW	SC	2	0	CSF	ZA	5	1297	875	0	−1	136	203
2023	07	11	MW	KM	2	0	CSF	ZA	26	1323	1227	+10	−6	126	156
2023	07	14	LS	MW	1	1	CSF	ZA	6	1225	1317	+1	−2	157	129
2023	07	16	ZA	MW	0	0	CSF		-15	1522	1332	−3	+8	74	121
2023	09	09	MW	GN	2	2	FQ		-1	1331	1416	−1	+1	123	99
2023	11	17	LR	MW	0	1	WQ		-24	1269	1355	−6	+6	147	117
2023	11	21	MW	TN	0	1	WQ		-7	1348	1738	−2	+2	118	36
2024	03	23	MW	KE	0	4	FT		-36	1312	1382	−16	+11	134	108
2024	03	26	MW	ZM	1	2	FT		-13	1299	1482	−4	+4	139	87
2024	06	06	MW	ST	3	1	WQ		8	1307	1056	+2	−1	137	180
2024	06	10	GQ	MW	1	0	WQ		5	1551	1302	+2	0	72	137
2024	09	05	MW	BI	2	3	FQ		-26	1276	1315	−5	+6	146	137
2024	09	10	BF	MW	3	1	FQ	ML	13	1512	1263	+5	−1	79	146
2024	10	11	SN	MW	4	0	FQ		2	1756	1261	0	0	32	146
2024	10	15	MW	SN	0	1	FQ		-4	1257	1760	−2	+1	148	31
2024	11	14	BI	MW	0	0	FQ	CI	-1	1282	1258	−1	−2	144	151
2024	11	18	MW	BF	3	0	FQ		51	1309	1481	+15	−8	135	84
2025	03	20	MW	NA	0	1	WQ		-25	1284	1344	−4	+9	140	126
2025	03	24	TN	MW	2	0	WQ		5	1611	1279	+1	−1	58	143
2025	06	05	LS	MW	1	0	CSF	ZA	22	1259	1257	+4	−6	150	151
2025	06	08	MW	NA	0	0	CSF	ZA	6	1263	1356	+2	−3	148	122
2025	06	10	AO	MW	1	0	CSF	ZA	7	1545	1256	0	−3	74	151
2025	07	06	MW	BW	1	1	IPC		0	1256	1352	0	0	151	121
2025	09	05	MW	NA	2	1	WQ	BW	27	1283	1353	+7	−6	144	119
2025	09	08	MW	LR	2	2	WQ		-7	1276	1264	−2	+2	146	149
2025	10	13	ST	MW	1	0	WQ	TN	32	1056	1244	+4	−5	179	150
2025	11	15	LS	MW	0	0	F	ZA	1	1225	1243	−1	−1	154	150
2025	11	18	MW	LS	1	0	F	ZA	9	1252	1216	+1	−2	149	156
2026	03	31	BW	MW	1	0	MKR		11	1267	1241	+1	−1	147	150