1921	10	22	EI	EN	1	1	BC		7	1707	1926	ŌłÆ	0	16	5
1922	03	04	SQ	EI	2	1	BC		6	1903	1701	0	ŌłÆ2	7	18
1922	04	01	EI	WA	1	1	BC		-6	1695	1706	ŌłÆ2	+2	19	16
1922	05	25	NO	EI	2	1	F		10	1590	1685	+1	ŌłÆ1	28	20
1922	10	21	EN	EI	2	0	BC		8	1912	1677	0	0	6	20
1923	03	03	EI	SQ	0	1	BC		-12	1665	1942	ŌłÆ2	0	23	3
1923	04	14	WA	EI	0	3	BC		-48	1656	1713	ŌłÆ6	+7	23	16
1923	10	20	EI	EN	2	1	BC		26	1739	1901	0	ŌłÆ3	16	7
1924	03	01	SQ	EI	2	0	BC		11	1909	1728	+2	0	5	16
1924	03	15	EI	WA	0	1	BC		-25	1703	1760	ŌłÆ1	0	18	16
1924	09	24	EI	ZA	1	2	F		-11	1692	1793	ŌłÆ1	+2	21	13
1924	10	22	EN	EI	3	1	BC		10	1889	1682	0	ŌłÆ4	6	25
1925	02	28	EI	SQ	0	3	BC		-21	1661	1945	ŌłÆ1	0	25	4
1925	04	18	WA	EI	0	0	BC		-9	1730	1670	0	+1	18	24
1925	10	24	EI	EN	0	0	BC		9	1679	1925	+2	0	23	5
1926	02	13	EI	WA	3	0	BC		28	1707	1680	+6	ŌłÆ6	19	25
1926	02	27	SQ	EI	4	0	BC		8	1995	1699	+1	ŌłÆ2	2	21
1926	10	20	EN	EI	3	3	BC		-13	1855	1712	ŌłÆ2	+1	9	21
1927	02	26	EI	SQ	0	2	BC		-14	1698	2035	ŌłÆ3	+1	22	1
1927	04	09	WA	EI	2	2	BC		-7	1721	1705	ŌłÆ1	+2	18	20
1927	10	22	EI	EN	2	0	BC		39	1744	1878	+2	0	16	7
1928	02	04	EI	WA	1	2	BC		-25	1719	1788	ŌłÆ1	+2	18	14
1928	02	21	FR	EI	4	0	F		21	1589	1698	+5	ŌłÆ2	30	20
1928	02	25	SQ	EI	0	1	BC		-36	1956	1734	0	+3	4	17
1928	10	22	EN	EI	2	1	BC		10	1846	1724	0	ŌłÆ1	10	18
1929	02	02	WA	EI	2	2	BC		-7	1750	1731	0	0	16	17
1929	02	23	EI	SQ	3	7	BC		-20	1711	2021	ŌłÆ2	0	19	3
1929	10	19	EI	EN	0	3	BC		-24	1687	1944	ŌłÆ3	+2	20	5
1930	02	01	EI	WA	7	0	BC		37	1724	1686	+3	ŌłÆ3	17	20
1930	02	22	SQ	EI	3	1	BC		5	2059	1719	0	0	2	17
1930	10	20	EN	EI	5	1	BC		8	1999	1711	0	0	4	18
1931	02	21	EI	SQ	0	0	BC		10	1721	2000	0	0	18	4
1931	04	22	WA	EI	3	2	BC		16	1701	1705	+1	0	19	18
1931	09	19	SQ	EI	3	1	BC		6	1998	1699	0	ŌłÆ1	3	19
1931	10	17	EI	EN	2	6	BC		-20	1679	1991	ŌłÆ2	+1	21	4
1931	12	05	EI	WA	4	0	BC		28	1707	1658	+3	ŌłÆ4	18	24
1932	09	17	EI	SQ	0	4	BC		-20	1687	2008	ŌłÆ3	+2	21	3
1932	10	17	EN	EI	1	0	BC		3	2035	1684	0	ŌłÆ1	2	22
1932	12	07	WA	EI	4	1	BC		21	1755	1663	+3	ŌłÆ3	14	27
1933	09	16	SQ	EI	1	2	BC		-36	1926	1699	ŌłÆ1	+6	7	20
1933	10	14	EI	EN	0	3	BC		-15	1684	2036	ŌłÆ3	0	23	2
1933	11	04	EI	WA	1	1	BC		0	1684	1778	0	0	23	12
1934	10	20	EI	SQ	2	1	BC		26	1710	1859	+1	ŌłÆ2	18	10
1935	02	06	EN	EI	2	1	BC		3	2035	1707	0	0	2	18
1935	03	27	WA	EI	3	1	BC		17	1790	1690	0	0	13	18
1935	10	19	EI	EN	1	3	BC		-14	1676	2004	ŌłÆ4	+1	24	3
1935	11	13	SQ	EI	2	1	BC		4	1951	1672	0	0	6	25
1936	03	11	EI	WA	3	2	BC		23	1695	1805	+4	ŌłÆ1	20	13
1936	10	31	EI	SQ	1	3	BC		-16	1679	1981	0	0	22	4
1936	11	18	EN	EI	3	1	BC		7	1927	1672	0	ŌłÆ1	7	23
1937	03	17	WA	EI	4	1	BC		11	1870	1661	0	ŌłÆ1	11	24
1937	10	23	EI	EN	1	5	BC		-19	1642	1970	ŌłÆ3	0	28	4
1937	11	10	SQ	EI	1	1	BC		-17	1951	1659	0	+1	4	27
1938	03	16	EI	WA	1	0	BC		27	1686	1853	+5	ŌłÆ3	23	12
1938	10	08	EI	SQ	0	2	BC		-14	1672	2010	ŌłÆ3	0	25	3
1938	11	16	EN	EI	7	0	BC		10	1952	1662	+2	ŌłÆ4	4	28
1939	03	15	WA	EI	3	1	BC		8	1883	1654	0	ŌłÆ2	9	30
1945	09	15	EI	EN	0	1	BC		-9	1645	1967	ŌłÆ2	0	35	4
1946	02	02	EI	SQ	2	3	BC		-7	1638	2011	ŌłÆ1	0	36	3
1946	05	04	WA	EI	0	1	BC		-35	1850	1673	ŌłÆ1	+11	10	25
1946	09	28	EI	EN	2	7	BC		-24	1649	1945	ŌłÆ8	+1	34	5
1946	11	27	SQ	EI	0	0	BC		-17	1973	1666	ŌłÆ1	+4	4	31
1947	04	16	EI	WA	2	1	BC		26	1692	1840	+7	ŌłÆ1	24	10
1947	10	04	EI	SQ	2	0	BC		44	1736	1919	+6	0	18	5
1947	11	05	EN	EI	2	2	BC		-16	1995	1752	0	+1	3	17
1948	03	10	WA	EI	2	0	BC		15	1855	1737	+1	0	12	18
1948	08	11	EI	US	5	0	F		7	1744	1564	0	ŌłÆ3	19	45
1948	10	09	EI	EN	2	6	BC		-17	1727	2069	ŌłÆ1	0	20	2
1948	11	17	SQ	EI	3	2	BC		8	1881	1719	0	ŌłÆ1	9	22
1949	03	09	EI	WA	0	2	BC		-31	1688	1841	ŌłÆ4	+1	27	11
1949	10	01	EI	SQ	2	8	WQB		-25	1663	1968	ŌłÆ2	0	30	6
1949	11	16	EN	EI	9	2	WQB		6	2029	1657	0	ŌłÆ1	2	31
1950	03	08	WA	EI	0	0	WQB		-11	1755	1668	0	+2	15	29
1950	10	07	EI	EN	1	4	BC		-16	1652	1998	ŌłÆ3	0	32	3
1950	11	01	SQ	EI	6	1	BC		6	1987	1646	0	ŌłÆ1	4	32
1951	03	07	EI	WA	1	2	BC		-21	1625	1748	ŌłÆ3	+5	34	16
1951	05	12	EI	FR	2	2	F		0	1625	1723	0	0	34	22
1951	10	06	EI	SQ	0	3	BC		-12	1613	2005	ŌłÆ3	0	38	3
1951	11	14	EN	EI	2	0	BC		4	1975	1609	+1	0	4	38
1952	03	19	WA	EI	3	0	BC		11	1812	1598	0	ŌłÆ2	14	39
1952	10	04	EI	EN	2	2	BC		15	1613	2002	+1	0	37	4
1952	11	05	SQ	EI	1	1	BC		-17	1940	1630	0	+3	5	35
1952	11	11	FR	EI	3	1	F		6	1792	1624	0	0	15	35
1953	04	15	EI	WA	2	3	BC		-17	1607	1801	ŌłÆ3	0	39	14
1953	10	03	EI	SQ	1	3	WQB		-13	1594	1947	ŌłÆ2	0	42	5
1953	11	11	EN	EI	3	1	WQB		3	2027	1591	0	0	3	42
1954	03	31	WA	EI	1	2	WQB		-33	1735	1624	ŌłÆ3	+6	19	39
1954	10	02	EI	EN	0	2	BC		-12	1612	1985	ŌłÆ1	0	41	5
1954	11	03	SQ	EI	2	2	BC		-14	1814	1626	ŌłÆ1	+1	13	40
1955	04	20	EI	WA	2	3	BC		-22	1604	1714	ŌłÆ2	+2	42	23
1955	10	08	EI	SQ	2	1	BC		27	1631	1809	+3	ŌłÆ2	39	13
1955	11	02	EN	EI	3	0	BC		6	1962	1625	+1	ŌłÆ1	5	39
1956	04	11	WA	EI	1	1	BC		-10	1709	1635	ŌłÆ1	+1	23	38
1956	10	06	EI	EN	1	1	BC		13	1648	1985	+4	0	35	4
1956	11	07	SQ	EI	1	0	BC		7	1834	1641	0	ŌłÆ1	12	38
1957	01	16	PT	EI	1	1	WQ		-8	1688	1649	ŌłÆ2	0	27	38
1957	04	10	EI	WA	0	0	BC		-3	1646	1707	ŌłÆ1	0	37	24
1957	04	25	IT	EI	1	0	WQ		5	1879	1641	+1	ŌłÆ1	9	38
1957	05	01	EI	PT	3	0	WQ		29	1670	1651	+6	ŌłÆ6	32	35
1957	10	05	EI	SQ	1	1	BC		5	1675	1858	+1	ŌłÆ1	32	12
1957	11	06	EN	EI	2	3	BC		-37	1998	1712	0	+5	3	26
1957	12	04	EI	IT	2	2	F		0	1712	1806	0	0	26	14
1958	01	15	EI	IT	2	1	WQ		21	1733	1801	+3	0	22	14
1958	04	16	WA	EI	1	1	BC		-5	1718	1738	ŌłÆ1	+1	25	21
1958	06	08	EI	CS	1	0	WC	SE	43	1781	1851	+5	ŌłÆ3	17	12
1958	06	11	AR	EI	3	1	WC	SE	21	2005	1760	+1	ŌłÆ1	4	18
1958	06	15	EI	WG	2	2	WC	SE	16	1776	1958	+1	+1	17	4
1958	06	17	EI	CS	2	1	WC	SE	44	1820	1901	+3	ŌłÆ4	14	9
1958	06	19	FR	EI	4	0	WC	SE	47	1926	1773	+5	ŌłÆ4	5	18
1958	10	04	EI	EN	3	3	BC		5	1778	1950	0	0	18	4
1958	10	15	ES	EI	6	2	F		9	1878	1769	+2	ŌłÆ1	10	19
1958	11	05	SQ	EI	2	2	BC		-8	1809	1777	0	0	14	18
1959	04	22	EI	WA	4	1	BC		24	1801	1740	+3	ŌłÆ5	14	24
1959	10	03	EI	SQ	0	4	BC		-47	1754	1855	ŌłÆ5	+2	21	11
1959	11	18	EN	EI	2	1	BC		8	1909	1746	0	ŌłÆ1	7	24
1960	04	06	WA	EI	3	2	BC		14	1769	1732	+4	0	18	25
1960	10	08	EI	EN	2	5	BC		-29	1703	1917	ŌłÆ7	+2	31	8
1960	10	26	EI	WG	3	4	WQ		-17	1686	1879	ŌłÆ1	0	31	11
1960	11	09	SQ	EI	5	2	BC		17	1796	1669	+1	ŌłÆ3	17	35
1961	04	12	EI	WA	1	5	BC		-35	1634	1824	ŌłÆ5	+2	40	14
1961	04	25	IT	EI	3	2	F		4	1789	1630	0	0	16	40
1961	05	03	GR	EI	2	1	WQ		24	1487	1606	+2	ŌłÆ5	73	45
1961	05	10	WG	EI	2	1	WQ		5	1867	1601	+1	ŌłÆ2	11	46
1961	10	07	EI	SQ	1	6	BC		-24	1577	1870	ŌłÆ2	0	48	13
1961	10	17	EI	GR	2	0	WQ		15	1592	1472	+2	ŌłÆ1	46	73
1961	11	22	EN	EI	1	1	BC		-17	1922	1609	ŌłÆ1	+2	9	44
1962	04	11	WA	EI	4	0	BC		12	1810	1597	+1	ŌłÆ2	15	46
1962	05	09	NL	EI	4	0	F		9	1694	1588	+1	ŌłÆ2	29	48
1962	10	10	PL	EI	0	2	EQ		-47	1670	1635	ŌłÆ8	+7	32	40
1962	10	20	EI	EN	1	3	BC		-17	1618	1917	ŌłÆ3	0	43	9
1962	11	07	SQ	EI	5	1	BC		8	1907	1610	0	ŌłÆ1	10	44
1962	11	28	EI	PL	2	0	EQ		26	1636	1640	+6	ŌłÆ5	38	37
1963	04	03	EI	WA	1	4	BC		-32	1604	1793	ŌłÆ6	+2	48	19
1963	05	30	ES	EI	1	1	EQ		-16	1874	1620	ŌłÆ1	+5	12	42
1963	10	12	EI	SQ	2	1	BC		31	1651	1902	+3	ŌłÆ3	38	10
1963	10	30	EI	ES	0	1	EQ		-14	1637	1866	ŌłÆ4	0	41	13
1963	11	20	EN	EI	8	3	BC		7	1947	1630	0	ŌłÆ1	4	42
1964	04	15	WA	EI	2	3	BC		-31	1718	1661	ŌłÆ1	+8	26	34
1964	04	29	EI	UY	3	0	F		23	1684	1854	+3	0	31	13
1964	10	03	EI	EN	3	4	BC		-13	1671	1923	ŌłÆ2	+1	34	8
1964	10	14	EI	CH	1	0	WQ		9	1680	1556	+2	ŌłÆ4	32	56
1964	11	14	CH	EI	2	1	WQ		21	1577	1659	+4	ŌłÆ3	50	36
1964	11	25	SQ	EI	3	2	BC		5	1911	1654	0	ŌłÆ2	9	38
1965	03	17	EI	NL	2	1	WQ		17	1671	1679	+2	ŌłÆ2	35	32
1965	03	31	EI	WA	0	5	BC		-49	1622	1743	ŌłÆ8	+7	42	23
1965	04	07	NL	EI	0	0	WQ		-8	1671	1630	ŌłÆ1	+2	33	40
1965	05	07	EI	AL	4	1	WQ		13	1643	1461	+4	ŌłÆ5	35	80
1965	10	02	EI	SQ	3	2	BC		29	1672	1882	+3	ŌłÆ2	36	9
1965	11	10	EN	EI	2	1	BC		5	1928	1667	+1	+1	5	35
1965	11	24	AL	EI	1	1	WQ		6	1467	1661	+2	ŌłÆ1	78	36
1966	03	30	WA	EI	1	4	BC		-53	1709	1714	ŌłÆ3	+9	29	28
1966	05	07	EI	WG	0	2	F		-10	1704	1949	ŌłÆ1	+1	30	6
1966	06	22	EI	MX	4	1	F		22	1726	1878	+1	ŌłÆ2	28	10
1966	10	22	EI	EN	0	2	EQB		-11	1715	2093	ŌłÆ1	0	29	1
1966	11	16	SQ	EI	2	1	EQB		10	1811	1705	0	0	16	29
1967	04	12	EI	WA	0	0	EQB		-6	1699	1698	0	0	31	32
1967	10	21	EI	SQ	1	0	EQB		23	1722	1832	+3	ŌłÆ2	28	13
1967	11	22	EN	EI	2	0	EQB		4	2080	1718	0	0	1	27
1968	02	28	WA	EI	2	0	EQB		25	1703	1693	+4	ŌłÆ5	30	33
1968	09	10	IL	EI	2	3	F		-8	1509	1701	ŌłÆ1	+1	67	32
1968	10	23	EI	TR	4	1	WQ		20	1721	1627	+2	ŌłÆ4	28	43
1968	12	11	TR	EI	0	3	WQ		-36	1591	1757	ŌłÆ11	+5	52	22
1969	05	03	EI	EN	1	3	BC		-15	1742	2068	ŌłÆ1	0	25	1
1969	05	06	SQ	EI	1	1	BC		-12	1881	1754	ŌłÆ1	0	10	25
1969	05	10	EI	WA	0	0	BC		-10	1744	1682	0	+1	25	33
1969	09	10	EI	SU	0	0	WQ		4	1748	1916	0	0	24	6
1969	10	22	SU	EI	2	0	WQ		10	1947	1738	0	ŌłÆ1	6	26
1970	04	18	EI	SQ	0	1	BC		-21	1717	1847	ŌłÆ2	+4	28	10
1970	04	21	EN	EI	3	1	BC		4	2075	1713	0	ŌłÆ1	1	29
1970	04	25	WA	EI	1	0	BC		16	1697	1697	+3	ŌłÆ4	33	33
1970	11	11	ES	EI	3	0	EQ		14	1858	1683	+1	ŌłÆ1	9	36
1971	02	03	CY	EI	0	3	EQ		-15	1346	1698	ŌłÆ4	+4	104	32
1971	04	21	EI	CY	5	0	EQ		6	1704	1340	+2	ŌłÆ2	31	106
1971	05	15	EI	EN	0	1	BC		-8	1696	2054	ŌłÆ2	+1	34	2
1971	05	18	SQ	EI	0	1	BC		-30	1756	1726	ŌłÆ2	+4	21	30
1971	05	22	EI	WA	1	0	BC		12	1738	1677	+3	0	27	37
1971	09	22	SU	EI	1	0	EQ		5	1962	1733	0	0	5	25
1971	10	13	EI	SU	1	1	EQ		7	1740	1955	ŌłÆ1	0	27	5
1972	02	16	EI	ES	1	1	EQ	EN	7	1747	1868	+1	ŌłÆ1	27	9
1972	05	20	SQ	EI	2	0	BC		20	1784	1727	+2	ŌłÆ4	21	30
1972	05	23	EN	EI	0	1	BC		-36	1993	1763	0	+4	3	25
1972	05	27	WA	EI	0	0	BC		1	1653	1762	0	0	41	25
1972	10	18	BG	EI	3	0	WQ		23	1810	1739	+1	0	20	26
1973	02	14	CY	EI	1	0	WQ		35	1333	1704	+11	ŌłÆ4	107	30
1973	03	28	EI	PT	1	1	WQ	EN	11	1715	1908	+3	0	27	9
1973	05	08	EI	CY	3	0	WQ	EN	7	1722	1326	0	ŌłÆ3	28	110
1973	05	12	EN	EI	2	1	BC		4	2014	1718	0	0	3	28
1973	05	16	SQ	EI	1	2	BC		-32	1817	1750	ŌłÆ6	+1	20	26
1973	05	19	EI	WA	1	0	BC	EN	16	1766	1658	+1	ŌłÆ3	25	39
1973	09	26	BG	EI	0	0	WQ	EN	-3	1812	1769	ŌłÆ1	0	19	25
1973	11	14	PT	EI	1	1	WQ		-11	1868	1780	ŌłÆ1	+2	13	23
1974	05	11	SQ	EI	0	1	BC		-27	1777	1807	ŌłÆ5	+4	24	19
1974	05	15	EN	EI	1	0	BC		6	1998	1801	0	0	4	19
1974	05	18	WA	EI	1	0	BC		24	1651	1777	+4	ŌłÆ3	36	22
1974	09	04	NO	EI	2	1	EQ		32	1466	1745	+10	ŌłÆ5	74	25
1974	10	30	SE	EI	0	2	EQ		-48	1836	1793	ŌłÆ3	+5	17	20
1975	04	16	EI	YU	1	0	EQ		21	1814	1888	+1	ŌłÆ1	20	9
1975	05	17	EI	EN	0	0	BC		4	1818	1989	0	0	20	5
1975	05	20	SQ	EI	3	0	BC		19	1909	1799	+2	0	8	20
1975	05	23	EI	WA	1	0	BC		12	1811	1739	0	ŌłÆ2	20	27
1975	09	03	EI	SE	1	2	EQ		-24	1787	1856	ŌłÆ1	+2	20	16
1975	10	29	EI	NO	3	0	EQ		6	1793	1464	0	ŌłÆ1	20	75
1975	11	19	YU	EI	1	0	EQ		7	1964	1786	0	0	6	20
1976	03	03	IL	EI	1	1	F		-1	1724	1787	0	0	27	21
1976	05	08	SQ	EI	3	0	BC		15	1926	1772	+2	ŌłÆ2	8	24
1976	05	11	EN	EI	4	0	BC		10	2006	1762	0	ŌłÆ3	4	27
1976	05	14	WA	EI	1	0	BC		17	1736	1745	+1	0	28	27
1976	10	13	NL	EI	2	2	WQ		-16	2030	1761	0	+1	3	24
1976	11	10	BE	EI	2	0	WQ		14	1877	1747	+3	ŌłÆ1	12	24
1977	04	27	WG	EI	5	0	F		2	2121	1745	0	0	1	25
1977	05	28	EI	EN	1	2	BC		-14	1731	1961	ŌłÆ2	0	27	6
1977	06	01	SQ	EI	3	0	BC		10	1948	1721	0	ŌłÆ1	6	28
1977	06	03	EI	WA	1	1	BC		0	1721	1819	0	0	28	19
1977	06	11	IS	EI	1	0	WQ		32	1404	1689	+6	ŌłÆ4	91	32
1977	09	21	EI	IS	2	0	WQ		6	1695	1400	0	ŌłÆ1	33	92
1977	10	12	EI	NL	0	1	WQ		-7	1688	2071	0	+1	33	2
1977	11	16	EI	BE	3	0	WQ		41	1729	1805	+7	ŌłÆ2	27	19
1978	05	13	SQ	EI	1	1	BC		-16	1984	1745	0	+1	4	26
1978	05	16	EN	EI	1	0	BC		6	1962	1739	0	0	6	26
1978	05	19	WA	EI	1	0	BC		12	1806	1727	+1	ŌłÆ1	20	27
1978	09	20	IE	EI	0	0	EQ		-5	1714	1732	0	0	30	28
1978	10	25	EI	DK	2	1	EQ		10	1742	1638	+3	ŌłÆ1	25	42
1978	11	29	BG	EI	0	2	EQ		-39	1712	1781	ŌłÆ7	+4	31	21
1979	02	07	EN	EI	4	0	EQ		10	2011	1771	0	ŌłÆ1	5	23
1979	05	02	EI	BG	2	0	EQ		18	1789	1712	0	ŌłÆ3	23	30
1979	05	19	EI	EN	0	2	BC		-20	1769	2031	0	+3	23	3
1979	05	22	SQ	EI	1	0	BC		10	1863	1759	0	ŌłÆ1	15	24
1979	05	25	EI	WA	1	1	BC		-1	1758	1844	0	0	24	16
1979	06	06	DK	EI	4	0	EQ		41	1664	1717	+8	ŌłÆ5	37	29
1979	10	17	EI	EN	1	5	EQ		-17	1700	2048	ŌłÆ3	0	30	3
1979	11	21	EI	IE	1	0	EQ		17	1717	1724	+3	ŌłÆ2	28	26
1980	03	26	IL	EI	0	0	WQ		-6	1714	1723	ŌłÆ2	+1	29	28
1980	05	16	EI	SQ	1	0	BC		20	1743	1801	+3	ŌłÆ2	25	18
1980	05	20	EN	EI	1	1	BC		-16	2010	1759	0	+2	4	23
1980	05	23	WA	EI	0	1	BC		-30	1819	1789	ŌłÆ1	+3	17	20
1980	06	11	AU	EI	1	2	F		-10	1668	1799	ŌłÆ3	0	37	19
1980	06	15	AU	EI	1	1	F		1	1669	1798	0	0	37	19
1980	06	18	AU	EI	1	2	F		-9	1660	1807	ŌłÆ2	+1	40	18
1980	10	15	EI	SE	3	0	WQ		13	1820	1632	ŌłÆ1	ŌłÆ1	18	42
1980	11	19	PT	EI	1	0	WQ		15	1827	1805	+1	ŌłÆ1	18	19
1981	03	25	SQ	EI	1	1	WQ		-6	1808	1811	ŌłÆ1	+2	20	19
1981	04	29	EI	PT	1	0	WQ		16	1827	1819	+2	ŌłÆ4	18	21
1981	05	19	SQ	EI	2	0	BC		24	1827	1803	+5	ŌłÆ5	17	22
1981	06	03	SE	EI	1	0	WQ		25	1646	1778	+4	0	40	22
1981	10	14	EI	SQ	0	0	WQ		-1	1777	1870	0	+2	22	14
1981	11	18	EI	IL	1	0	WQ		10	1787	1687	+2	ŌłÆ1	20	33
1982	02	23	EN	EI	4	0	BC		17	1915	1770	+3	ŌłÆ3	8	22
1982	03	24	FR	EI	4	0	F		8	1916	1762	+2	0	8	22
1982	04	28	EI	SQ	1	1	BC		-1	1761	1847	ŌłÆ1	0	24	16
1982	05	27	WA	EI	3	0	BC		20	1839	1741	0	ŌłÆ5	17	28
1982	06	17	EI	YU	0	0	WC	ES	14	1755	1903	+2	ŌłÆ1	24	10
1982	06	21	HN	EI	1	1	WC	ES	11	1635	1744	+2	0	41	24
1982	06	25	ES	EI	0	1	WC		-48	1844	1792	ŌłÆ6	+3	17	20
1982	07	01	AT	EI	2	2	WC	ES	-9	1891	1801	ŌłÆ1	+1	11	19
1982	07	04	FR	EI	4	1	WC	ES	37	1942	1764	+3	ŌłÆ2	6	21
1982	10	13	AT	EI	2	0	EQ		13	1907	1751	+1	ŌłÆ2	9	24
1982	11	17	EI	WG	1	0	EQ		30	1781	2013	+2	ŌłÆ2	22	4
1982	12	15	AL	EI	0	0	EQ		12	1440	1769	+1	0	86	22
1983	03	30	EI	TR	2	1	EQ		5	1774	1522	0	ŌłÆ1	22	64
1983	04	27	EI	AL	1	0	EQ		3	1777	1434	+1	0	21	87
1983	05	24	SQ	EI	0	0	BC		-8	1814	1785	0	+1	17	20
1983	05	28	EI	EN	0	0	BC		7	1792	2012	0	0	20	3
1983	05	31	EI	WA	0	1	BC		-24	1768	1845	ŌłÆ3	+1	23	16
1983	09	21	EI	AT	3	1	EQ		34	1802	1882	+3	0	20	10
1983	10	12	TR	EI	1	0	EQ		30	1546	1772	+5	ŌłÆ3	61	23
1983	11	16	WG	EI	0	1	EQ		-36	1996	1808	ŌłÆ2	+2	3	23
1983	12	13	EI	SQ	2	0	BC		26	1834	1835	+3	ŌłÆ5	20	17
1984	04	04	EN	EI	1	0	BC		8	1994	1826	0	ŌłÆ1	3	20
1984	05	22	WA	EI	1	1	BC		-6	1834	1832	ŌłÆ1	0	19	20
1984	05	27	FI	EI	1	0	WQ		33	1482	1799	+7	ŌłÆ3	76	23
1984	09	12	EI	RO	3	2	WQ		14	1813	1778	+3	ŌłÆ1	18	23
1984	10	16	EI	IL	3	0	F		8	1821	1702	0	ŌłÆ1	18	34
1984	11	14	EI	FI	2	1	WQ		3	1824	1492	0	0	19	72
1985	02	27	EI	EN	0	1	WQ		-17	1807	1987	ŌłÆ2	+1	20	3
1985	03	27	ES	EI	0	0	F		-5	1886	1812	0	ŌłÆ1	8	21
1985	05	01	EI	TR	2	0	WQ		6	1818	1523	+2	ŌłÆ1	18	65
1985	09	11	TR	EI	0	0	WQ		10	1540	1808	+2	ŌłÆ3	62	23
1985	10	16	RO	EI	0	1	WQ		-25	1774	1833	ŌłÆ2	+3	26	18
1985	11	13	EN	EI	0	0	WQ		-11	1935	1844	0	0	3	18
1986	02	26	FR	EI	0	0	F		-6	1984	1850	0	0	1	16
1986	03	26	EI	DK	1	1	F		-1	1849	1932	0	0	16	4
1986	04	23	EI	MA	2	1	F		3	1852	1642	+1	ŌłÆ2	15	39
1986	05	23	EI	SQ	6	6	F	US	1	1853	1874	+1	ŌłÆ1	14	11
1986	06	03	DZ	EI	1	1	WC	MX	18	1636	1835	+5	ŌłÆ5	40	18
1986	06	07	ES	EI	2	1	WC	MX	27	1900	1808	+3	ŌłÆ5	7	23
1986	06	12	BR	EI	3	0	WC	MX	32	1985	1776	+3	ŌłÆ6	3	26
1986	10	15	EN	EI	3	0	EQ		12	1965	1764	0	ŌłÆ1	6	25
1986	11	12	TR	EI	0	0	EQ		8	1524	1756	+1	ŌłÆ3	67	29
1987	02	18	IL	EI	1	1	F		1	1611	1755	0	ŌłÆ1	47	29
1987	04	01	EI	EN	0	2	EQ		-18	1737	2016	0	0	29	3
1987	04	29	EI	YU	1	2	EQ		-20	1717	1859	ŌłÆ3	+1	32	14
1987	10	14	YU	EI	3	0	EQ		15	1859	1702	+2	0	14	32
1987	11	11	EI	TR	1	0	EQ		8	1710	1544	0	ŌłÆ2	32	65
1988	02	17	GR	EI	3	2	F		8	1671	1702	+1	ŌłÆ1	36	32
1988	03	23	EI	PL	1	1	F		-1	1701	1769	0	0	32	25
1988	04	27	EI	FR	0	0	F		2	1703	1880	0	0	33	10
1988	05	21	EI	MT	3	0	WQ		7	1710	1419	0	ŌłÆ2	33	86
1988	09	14	EI	IE	0	0	WQ		3	1713	1855	+1	ŌłÆ1	33	12
1988	10	19	HU	EI	1	0	WQ		11	1784	1702	+2	ŌłÆ1	25	35
1988	12	21	ES	EI	4	0	WQ		12	1899	1690	+2	0	7	36
1989	02	08	EI	ES	0	2	WQ		-20	1670	1925	ŌłÆ4	0	38	7
1989	04	26	MT	EI	0	2	WQ		-17	1397	1687	ŌłÆ4	+4	93	33
1989	05	26	EI	CL	0	1	F		-10	1677	1796	ŌłÆ1	+2	34	22
1989	09	06	EI	HU	1	2	WQ		-23	1654	1753	ŌłÆ6	+2	40	26
1989	10	11	IE	EI	3	0	WQ		10	1882	1644	+4	+1	12	40
1990	03	27	EI	NO	2	3	F		-12	1632	1668	ŌłÆ3	+1	42	36
1990	05	18	EI	UY	1	0	RSC		22	1654	1878	+4	ŌłÆ4	38	15
1990	09	12	EI	YU	0	2	EQ		-17	1637	1938	ŌłÆ5	0	43	7
1990	10	17	EI	DK	1	1	EQ		9	1646	1899	+3	0	39	9
1990	11	14	AT	EI	0	0	EQ		-8	1677	1654	ŌłÆ1	+1	35	39
1991	02	05	EI	PL	3	1	F		17	1671	1778	+2	ŌłÆ2	36	22
1991	03	27	YU	EI	4	1	EQ		6	1981	1665	0	ŌłÆ1	4	37
1991	05	01	EI	FO	1	1	EQ		-18	1647	1275	ŌłÆ2	+5	39	122
1991	09	11	EI	FO	5	0	EQ	SE	9	1656	1273	+1	0	42	126
1991	10	16	EI	AT	2	1	EQ		14	1670	1630	+3	ŌłÆ3	38	47
1991	11	13	DK	EI	2	1	EQ		6	1884	1664	+1	ŌłÆ2	12	41
1992	02	19	SQ	EI	1	0	F		5	1760	1659	0	ŌłÆ1	27	42
1992	04	28	EI	LT	2	2	WQ		-18	1641	1284	ŌłÆ2	+4	44	129
1992	06	02	DE	EI	1	1	F		-9	2067	1650	0	+2	1	41
1992	09	09	EI	AL	3	0	WQ		11	1661	1444	+5	ŌłÆ4	37	90
1992	10	14	EI	ES	0	0	WQ		4	1665	1830	+1	+1	38	16
1992	11	18	EI	DK	0	1	WQ		-13	1652	1912	ŌłÆ5	+1	41	8
1993	02	17	AL	EI	1	2	WQ		-14	1430	1666	ŌłÆ1	+3	93	36
1993	03	31	IE	EI	3	0	WQ		9	1902	1657	+1	ŌłÆ1	10	36
1993	04	28	ES	EI	3	1	WQ		11	1831	1646	+1	ŌłÆ3	16	41
1993	05	25	LT	EI	0	1	WQ		-12	1381	1658	ŌłÆ4	+4	108	35
1993	06	02	LV	EI	1	2	WQ		-10	1361	1668	ŌłÆ4	+3	115	33
1993	09	08	EI	LV	2	0	WQ		6	1674	1367	+1	ŌłÆ2	33	111
1993	10	13	DK	EI	1	0	WQ		4	1948	1670	+1	0	4	34
1993	11	17	EI	IE	1	1	WQ		4	1674	1842	0	ŌłÆ1	35	18
1994	03	23	EI	RO	2	0	F		18	1692	1827	+1	ŌłÆ2	33	21
1994	04	20	EI	LI	4	1	EQ		1	1693	1109	0	ŌłÆ1	34	171
1994	06	03	CO	EI	2	0	F	US	6	1938	1687	0	0	5	34
1994	06	11	MX	EI	3	0	F	US	10	1855	1677	+1	ŌłÆ2	18	36
1994	09	07	EI	PT	1	2	EQ		-17	1660	1854	ŌłÆ4	+1	38	18
1994	10	12	AT	EI	1	2	EQ		-24	1610	1684	ŌłÆ11	+4	53	34
1994	11	16	EI	IE	0	4	EQ		-31	1653	1873	ŌłÆ5	+5	38	15
1995	03	29	IE	EI	1	1	EQ		-15	1866	1668	ŌłÆ4	+1	19	35
1995	04	26	LV	EI	0	1	EQ		-9	1336	1677	ŌłÆ1	0	122	35
1995	05	22	CA	EI	2	0	CAN		21	1614	1656	+5	ŌłÆ2	51	36
1995	05	25	CL	EI	2	1	CAN	CA	12	1734	1644	+1	ŌłÆ4	28	40
1995	06	07	EI	LV	1	2	EQ		-36	1608	1402	ŌłÆ13	+13	52	105
1995	09	03	PT	EI	1	1	EQ		-15	1847	1623	ŌłÆ4	+4	20	47
1995	10	11	LI	EI	0	4	EQ		-6	1095	1629	0	+3	172	44
1995	11	15	EI	AT	5	3	EQ		26	1655	1654	+8	ŌłÆ3	37	38
1996	03	27	EI	NO	0	2	F		-13	1642	1815	ŌłÆ2	+1	43	22
1996	04	24	EI	SE	1	2	F		-7	1635	1858	ŌłÆ3	+2	45	15
1996	05	29	EI	DE	1	1	F		7	1642	2050	0	0	42	2
1996	08	31	EI	UA	0	1	WQ		-27	1615	1634	ŌłÆ9	+11	50	42
1996	10	05	EI	AM	1	1	WQ		-16	1599	1326	ŌłÆ4	+2	54	124
1996	11	09	DE	EI	1	1	WQ		-19	2087	1618	0	+6	1	50
1996	12	14	EI	AL	2	0	WQ		10	1628	1426	+2	ŌłÆ1	46	96
1997	01	22	IT	EI	2	0	F		2	1978	1626	0	0	5	48
1997	02	11	EI	BE	3	0	F		19	1645	1737	+2	ŌłÆ3	46	28
1997	03	29	EI	PT	0	0	WQ		7	1652	1864	+1	0	44	14
1997	04	02	UA	EI	2	1	WQ		14	1682	1638	0	ŌłÆ3	38	47
1997	04	30	AM	EI	0	0	WQ		11	1338	1627	+4	ŌłÆ2	120	50
1997	05	21	TH	EI	0	0	F		3	1421	1624	+4	ŌłÆ1	97	52
1997	08	20	EI	DE	1	3	WQ		-7	1617	2079	ŌłÆ3	0	51	2
1997	09	10	AL	EI	1	0	WQ	CH	32	1412	1585	+9	ŌłÆ9	103	58
1997	10	11	PT	EI	1	0	WQ		4	1886	1581	0	0	11	58
1998	03	25	EI	SK	1	0	F		11	1592	1721	0	ŌłÆ2	58	35
1998	04	22	EI	CH	1	0	F		10	1602	1670	+1	ŌłÆ1	57	42
1998	06	03	ES	EI	4	1	F		2	2039	1600	0	0	3	57
1998	09	05	TR	EI	3	0	EQ		20	1682	1580	+4	ŌłÆ3	42	60
1998	10	10	EI	FI	1	0	EQ		13	1593	1540	+1	0	58	64
1998	11	18	EI	MD	2	2	EQ		-14	1579	1403	ŌłÆ2	+5	60	104
1999	03	27	EI	DE	0	3	EQ		-12	1567	1958	ŌłÆ1	0	61	6
1999	03	31	MD	EI	0	0	EQ		3	1410	1564	0	0	104	62
1999	04	27	EI	CA	1	1	F		-4	1560	1537	ŌłÆ1	+1	64	71
1999	05	29	IE	EI	0	1	F		-17	1754	1577	ŌłÆ4	+5	24	59
1999	08	18	EI	FR	0	1	F		-2	1575	2042	ŌłÆ1	0	62	2
1999	09	04	EI	TR	0	3	EQ		-32	1543	1732	ŌłÆ4	+6	67	32
1999	09	08	DE	EI	4	0	EQ		6	1885	1537	0	ŌłÆ2	16	69
1999	10	09	FI	EI	4	1	EQ		24	1571	1513	+4	ŌłÆ3	62	72
2000	02	23	LU	EI	1	3	F		-6	1183	1519	ŌłÆ2	0	159	74
2000	03	28	MT	EI	0	3	F		-9	1236	1528	ŌłÆ1	+5	147	69
2000	04	26	EI	HU	0	1	F		-11	1517	1616	ŌłÆ1	+2	73	55
2000	08	16	EI	YU	1	2	F		-3	1514	1907	0	+1	74	9
2000	09	02	EI	MT	1	0	WQ		4	1518	1223	+1	ŌłÆ2	73	149
2000	10	07	EI	DK	1	1	WQ		9	1527	1778	0	0	73	22
2000	10	11	IS	EI	1	0	WQ		11	1599	1516	+2	ŌłÆ1	59	74
2001	02	28	EI	NO	0	4	F		-9	1507	1827	ŌłÆ1	0	74	16
2001	03	24	EI	CZ	0	1	WQ		-6	1501	1916	ŌłÆ1	0	75	8
2001	03	28	BG	EI	4	3	WQ		6	1713	1495	+2	0	36	76
2001	06	02	EI	BG	0	1	WQ		-14	1481	1721	ŌłÆ4	+2	80	35
2001	06	06	CZ	EI	3	1	WQ		3	1881	1478	0	ŌłÆ1	11	82
2001	09	01	DK	EI	1	1	WQ		-17	1804	1495	ŌłÆ1	+5	21	79
2001	09	05	EI	IS	3	0	WQ		41	1536	1614	+13	ŌłÆ3	66	53
2001	10	06	MT	EI	0	1	WQ		-8	1193	1544	0	+1	155	65
2002	02	13	PL	EI	4	1	F	CY	8	1760	1536	+1	ŌłÆ1	29	66
2002	03	27	LI	EI	0	0	F		8	1057	1528	+1	ŌłÆ4	182	70
2002	04	17	EI	ES	0	5	F		-5	1523	1963	ŌłÆ3	0	73	6
2002	08	21	EI	CY	0	0	F		-3	1520	1502	+1	+2	70	73
2002	10	12	ES	EI	3	0	EQ		2	2002	1518	0	0	3	69
2002	10	16	EI	UA	0	0	EQ		4	1522	1692	0	ŌłÆ1	69	40
2003	02	12	EI	FI	0	1	F		-9	1513	1683	ŌłÆ1	+3	71	42
2003	03	29	AM	EI	1	0	EQ		20	1436	1493	+6	ŌłÆ7	100	79
2003	04	02	EI	GR	0	2	EQ		-22	1471	1713	ŌłÆ8	+2	87	38
2003	06	03	IT	EI	2	0	F		1	1905	1470	0	0	10	87
2003	06	11	EI	ES	0	0	EQ		16	1486	1948	+5	ŌłÆ2	79	6
2003	09	06	UA	EI	0	0	EQ		-14	1672	1500	ŌłÆ2	+5	45	76
2003	09	10	EI	AM	0	1	EQ		-29	1471	1451	ŌłÆ8	+7	84	92
2003	10	11	GR	EI	1	0	EQ		3	1790	1468	0	ŌłÆ3	22	88
2004	02	18	EI	NO	1	4	F		-9	1459	1773	ŌłÆ3	+1	86	26
2004	03	31	EE	EI	0	1	F		-11	1388	1470	ŌłÆ4	+2	111	85
2004	04	28	EI	RM	1	1	F		4	1474	1721	+1	ŌłÆ1	84	34
2004	05	30	BB	EI	1	1	F		0	1380	1474	ŌłÆ1	0	114	85
2004	06	02	KN	EI	0	2	F		-14	1332	1488	ŌłÆ2	+5	126	79
2004	06	06	TT	EI	0	3	F		-20	1419	1508	ŌłÆ4	+4	101	76
2004	08	18	CH	EI	0	0	F		-7	1680	1515	ŌłÆ2	0	37	79
2004	09	04	EI	PL	0	3	WQ		-24	1491	1756	ŌłÆ3	+1	82	30
2004	09	08	WA	EI	2	2	WQ		-13	1650	1504	ŌłÆ4	+1	49	81
2004	10	09	AZ	EI	0	0	WQ		1	1388	1503	+2	0	108	81
2004	10	13	EI	AT	3	3	WQ		3	1506	1648	+1	0	80	49
2005	02	09	EI	CA	0	1	F		-11	1495	1573	ŌłÆ2	+1	83	68
2005	03	26	EN	EI	4	0	WQ		3	1976	1492	+1	0	3	82
2005	03	30	PL	EI	1	0	WQ		4	1785	1488	+1	ŌłÆ2	25	85
2005	06	04	EI	DE	1	4	F		-5	1483	1894	ŌłÆ2	0	87	13
2005	08	17	MT	EI	1	1	F		4	1238	1479	+1	ŌłÆ2	144	89
2005	09	03	EI	AZ	2	0	WQ		13	1492	1344	+3	ŌłÆ4	86	116
2005	09	07	EI	EN	1	0	WQ		36	1528	1942	+12	ŌłÆ3	74	6
2005	10	08	EI	WA	2	3	WQ		-23	1505	1598	ŌłÆ9	+2	82	60
2005	10	12	AT	EI	2	0	WQ		11	1668	1494	+1	ŌłÆ3	49	85
2005	11	15	EI	PT	1	1	F		7	1501	1910	0	0	84	9
2006	03	01	EI	EE	1	0	F		5	1506	1420	ŌłÆ1	0	79	100
2006	05	21	UY	EI	1	0	F	US	3	1819	1503	0	ŌłÆ2	21	80
2006	05	26	RO	EI	2	0	F	US	4	1847	1499	0	ŌłÆ2	15	81
2006	08	16	FI	EI	1	2	F		-16	1619	1515	ŌłÆ3	+3	55	80
2006	09	02	EI	IS	0	3	EQ		-46	1469	1549	ŌłÆ11	+10	91	72
2006	09	06	EI	ES	3	2	EQ		36	1505	1914	+7	ŌłÆ2	84	10
2006	10	07	DK	EI	0	0	EQ		-18	1899	1523	ŌłÆ1	+6	9	78
2006	10	11	EI	LV	1	0	EQ		13	1536	1487	+1	ŌłÆ2	76	89
2007	02	06	EI	WA	0	0	F		-2	1534	1579	0	+1	76	62
2007	03	24	LI	EI	1	4	EQ		-10	1104	1544	ŌłÆ2	+3	173	75
2007	03	28	EI	SE	2	1	EQ		30	1574	1794	+7	ŌłÆ3	66	20
2007	08	22	EI	LI	3	1	EQ		3	1577	1150	ŌłÆ1	0	64	168
2007	09	08	LV	EI	1	0	EQ		24	1427	1553	+6	ŌłÆ5	100	69
2007	09	12	IS	EI	2	1	EQ		18	1506	1535	+6	ŌłÆ3	79	73
2007	10	17	SE	EI	1	1	EQ		-16	1809	1551	0	+3	17	70
2007	11	17	EI	DK	2	1	EQ		30	1581	1818	+7	ŌłÆ2	63	16
2007	11	21	ES	EI	1	0	EQ		2	1964	1579	+1	+1	5	61
2008	02	06	EI	BG	0	1	F		-7	1572	1796	ŌłÆ2	+2	63	23
2008	03	26	EI	GE	4	1	F		10	1582	1506	+1	ŌłÆ6	62	86
2008	08	20	SQ	EI	0	0	F		-7	1746	1589	ŌłÆ1	0	33	60
2008	09	06	SK	EI	2	1	WQ		13	1622	1576	+1	ŌłÆ2	54	62
2008	09	10	EI	CZ	0	0	WQ		10	1586	1862	0	0	62	12
2008	10	11	SI	EI	2	0	WQ		22	1599	1564	+7	ŌłÆ5	58	67
2008	10	15	EI	SM	4	0	WQ		1	1565	922	0	0	67	196
2008	11	19	EI	HU	0	2	F		-18	1547	1621	ŌłÆ4	+3	70	54
2009	02	11	SM	EI	0	3	WQ		-3	918	1550	0	+1	197	71
2009	03	28	EI	PL	3	2	WQ		26	1576	1728	+7	ŌłÆ5	64	35
2009	04	01	EI	SI	1	0	WQ		15	1591	1565	+2	ŌłÆ7	61	69
2009	06	06	IT	EI	3	0	F		2	1990	1589	0	0	5	61
2009	08	12	EI	IL	1	1	F		1	1590	1732	+1	ŌłÆ2	61	38
2009	09	05	PL	EI	1	1	WQ		-12	1714	1602	0	0	39	61
2009	09	09	EI	SK	0	2	WQ		-35	1567	1676	ŌłÆ5	+6	66	45
2009	10	14	CZ	EI	0	0	WQ		-15	1798	1582	0	0	20	65
2009	11	14	EI	RS	0	1	F		-6	1576	1824	ŌłÆ1	0	64	15
2010	03	03	AL	EI	1	0	F		9	1506	1567	+1	ŌłÆ3	88	68
2010	05	26	TR	EI	2	0	F	US	6	1808	1561	0	ŌłÆ4	17	72
2010	05	30	CL	EI	1	0	F		2	1876	1559	+1	0	10	73
2010	08	11	ME	EI	2	0	F		8	1637	1551	+2	ŌłÆ4	50	77
2010	09	03	SI	EI	0	1	EQ		-33	1681	1584	ŌłÆ6	+12	44	65
2010	10	08	EI	IT	0	0	EQ		9	1593	1835	+1	ŌłÆ1	63	13
2010	10	12	FO	EI	1	1	EQ		14	1210	1579	+3	ŌłÆ2	153	66
2010	11	17	EI	MA	1	1	F		-3	1576	1568	ŌłÆ1	+2	65	69
2011	02	09	SQ	EI	3	0	NTC	IE	20	1677	1556	+3	ŌłÆ7	43	72
2011	03	25	RS	EI	2	1	EQ		6	1763	1550	+1	ŌłÆ1	25	73
2011	03	29	EI	SI	0	0	EQ		2	1552	1680	+1	ŌłÆ1	71	42
2011	05	24	IE	EI	5	0	NTC		9	1752	1543	+3	ŌłÆ4	28	75
2011	05	27	WA	EI	2	0	NTC	IE	24	1543	1519	+10	ŌłÆ10	75	85
2011	08	10	EI	FO	4	0	EQ		7	1526	1226	+2	ŌłÆ1	81	149
2011	09	02	EI	RS	0	1	EQ		-13	1513	1759	ŌłÆ2	+4	83	28
2011	09	06	EE	EI	4	1	EQ		28	1512	1485	+9	ŌłÆ9	83	93
2011	10	07	EI	EE	1	2	EQ		-24	1461	1536	ŌłÆ3	+8	96	75
2011	10	11	IT	EI	3	0	EQ		3	1883	1458	0	0	9	98
2012	02	29	EI	NO	0	3	F		-8	1450	1767	ŌłÆ2	+1	99	28
2012	06	02	NL	EI	6	0	F		1	2060	1449	0	0	3	97
2012	08	15	EI	FI	3	3	F		2	1451	1623	+1	+1	98	54
2012	09	07	RU	EI	2	0	WQ		3	1845	1448	0	0	15	98
2012	09	11	EI	LU	1	1	WQ		-16	1432	1162	ŌłÆ5	+4	103	164
2012	10	16	PT	EI	1	1	WQ		-19	1911	1451	ŌłÆ2	+6	9	97
2012	11	14	EI	AZ	1	1	WQ		-8	1443	1409	ŌłÆ2	+1	99	107
2013	02	06	MT	EI	0	0	F		3	1243	1440	+1	ŌłÆ2	145	102
2013	03	26	EI	IL	0	2	WQ		-22	1418	1656	ŌłÆ7	+1	106	48
2013	08	14	EI	RU	1	0	WQ		36	1454	1842	+7	ŌłÆ7	98	17
2013	09	06	EI	PT	2	4	WQ		-7	1447	1918	ŌłÆ1	0	99	9
2013	09	10	LU	EI	3	2	WQ		28	1218	1419	+9	ŌłÆ5	153	104
2013	10	11	AZ	EI	2	0	WQ		22	1440	1397	+4	ŌłÆ3	101	107
2013	10	15	IL	EI	1	1	WQ		-16	1640	1413	ŌłÆ5	ŌłÆ1	53	108
2013	11	15	TR	EI	1	0	F		2	1708	1411	ŌłÆ1	0	37	108
2014	03	05	CY	EI	0	0	F		-2	1386	1413	ŌłÆ1	ŌłÆ1	112	110
2014	05	30	UY	EI	1	0	F		1	1915	1412	0	0	10	110
2014	06	04	CL	EI	2	0	F		1	1920	1411	0	0	8	110
2014	09	07	HU	EI	1	2	EQ		-36	1638	1447	ŌłÆ8	+7	50	102
2014	10	11	EI	FO	2	0	EQ		7	1454	1190	ŌłÆ1	ŌłÆ1	99	159
2014	10	14	GR	EI	0	2	EQ		-55	1728	1509	ŌłÆ6	+16	29	83
2014	11	14	RO	EI	2	0	EQ		7	1776	1502	0	ŌłÆ1	24	85
2015	03	25	SQ	EI	1	0	F		3	1725	1499	+2	+1	35	83
2015	03	29	EI	FI	2	1	EQ		22	1521	1609	+5	ŌłÆ4	76	58
2015	05	31	EI	QA	1	1	F	EN	1	1522	1547	0	0	76	68
2015	06	04	IE	EI	0	0	F		-7	1719	1529	ŌłÆ3	+1	36	75
2015	06	13	EI	RO	0	0	EQ		9	1538	1778	+3	ŌłÆ1	70	23
2015	09	04	FO	EI	1	3	EQ		-16	1243	1554	ŌłÆ4	+5	144	68
2015	09	07	EI	HU	1	1	EQ		1	1555	1679	0	0	67	45
2015	10	08	EI	GR	3	1	EQ		28	1583	1601	+5	ŌłÆ7	63	61
2015	10	11	FI	EI	1	1	EQ		-7	1602	1590	ŌłÆ3	0	60	63
2015	11	13	EI	LV	1	0	F		4	1594	1450	+1	0	61	98
2016	03	24	WA	EI	1	1	F		-5	1667	1599	ŌłÆ1	0	43	59
2016	03	28	EI	SI	1	0	F		8	1607	1614	+3	ŌłÆ2	57	55
2016	05	27	EI	BY	3	0	F		11	1618	1567	+5	ŌłÆ5	53	68
2016	06	04	SK	EI	0	0	F		-6	1765	1624	ŌłÆ2	+1	27	52
2016	06	12	PL	EI	1	0	EC	FR	15	1780	1609	+2	ŌłÆ3	24	56
2016	06	16	EI	UA	2	0	EC	FR	58	1667	1760	+9	ŌłÆ8	47	26
2016	06	21	DE	EI	1	0	EC	FR	5	2041	1662	0	0	2	47
2016	06	25	WA	EI	1	0	EC	FR	20	1750	1642	+5	ŌłÆ2	28	49
2016	09	04	CZ	EI	0	0	WQ		-10	1712	1652	ŌłÆ4	0	40	49
2016	10	08	EI	SM	4	0	WQ		0	1652	879	0	0	49	203
2016	10	11	DE	EI	2	0	WQ		4	2037	1648	ŌłÆ1	ŌłÆ1	3	50
2016	11	11	EI	AZ	4	0	WQ		11	1659	1424	+2	ŌłÆ2	48	101
2016	11	15	EI	HR	0	3	F		-12	1647	1886	ŌłÆ3	0	52	15
2017	03	26	EI	NO	2	0	WQ		16	1663	1560	+1	ŌłÆ6	50	71
2017	06	02	EI	NZ	1	0	F		5	1668	1560	+1	0	50	68
2017	06	10	AZ	EI	0	1	WQ		-13	1423	1681	ŌłÆ1	+5	101	45
2017	09	01	SM	EI	0	3	WQ		-1	857	1682	0	+1	205	43
2017	09	04	EI	CZ	2	0	WQ		22	1704	1669	+6	ŌłÆ6	37	46
2017	10	05	EI	DE	1	3	WQ		-9	1695	2115	ŌłÆ1	+1	40	1
2017	10	08	NO	EI	1	0	WQ		21	1600	1674	+7	ŌłÆ4	61	45
2017	11	09	EI	CH	0	1	WQ		-15	1659	1880	ŌłÆ2	+1	47	13
2017	11	12	CH	EI	0	0	WQ		-15	1865	1674	ŌłÆ2	+2	14	46
2018	03	24	EI	KR	2	1	F		10	1684	1749	0	ŌłÆ3	47	28
2018	05	29	PA	EI	0	0	F		-2	1665	1686	0	0	48	45
2018	06	03	CR	EI	3	0	F		10	1753	1676	+4	ŌłÆ1	27	45
2018	09	08	EI	BA	1	2	ENB		-22	1654	1766	ŌłÆ3	+6	49	26
2018	09	11	EI	IL	3	0	F		7	1661	1505	+2	ŌłÆ1	48	80
2018	10	12	AT	EI	1	0	ENB		10	1754	1651	+5	ŌłÆ2	28	50
2018	10	15	BA	EI	2	0	ENB		13	1795	1638	+1	ŌłÆ1	22	51
2018	11	15	IE	EI	0	0	F		-4	1690	1642	ŌłÆ1	ŌłÆ1	43	52
2018	11	18	EI	AT	1	2	ENB		-20	1622	1765	+1	+4	50	28
2019	03	21	EI	EE	2	0	EQ		12	1634	1475	+1	ŌłÆ2	50	87
2019	03	24	EI	BY	2	1	EQ		10	1644	1525	+1	ŌłÆ5	49	77
2019	06	08	EE	EI	1	2	EQ		-16	1462	1660	ŌłÆ2	0	90	49
2019	06	11	BY	EI	0	1	EQ		-18	1499	1678	ŌłÆ4	+3	82	46
2019	09	05	EI	LU	1	0	F		2	1680	1354	ŌłÆ1	0	48	118
2019	09	09	EI	DE	0	2	EQ		-18	1662	1950	ŌłÆ3	+2	49	9
2019	10	10	NL	EI	3	1	EQ		4	2025	1658	0	ŌłÆ1	5	49
2019	10	14	CZ	EI	2	3	F		-15	1754	1673	ŌłÆ4	0	32	46
2019	11	16	EI	NL	0	0	EQ		13	1686	2015	+1	ŌłÆ1	44	5
2019	11	19	DE	EI	6	1	EQ		8	1964	1678	0	ŌłÆ1	11	45
2020	09	04	RO	EI	1	1	ENB		-7	1694	1685	ŌłÆ1	+1	43	44
2020	09	07	EI	NO	1	5	ENB		-47	1638	1744	ŌłÆ6	+11	50	29
2020	10	08	BA	EI	1	1	EQ		-8	1670	1646	ŌłÆ1	ŌłÆ1	44	51
2020	10	11	EI	AT	0	1	ENB		-20	1626	1762	ŌłÆ2	+5	52	27
2020	10	14	NO	EI	1	0	ENB		9	1755	1617	+5	ŌłÆ5	31	57
2020	11	12	EI	SK	1	2	EQ		-24	1593	1665	ŌłÆ3	+4	59	45
2020	11	15	AT	EI	2	1	ENB		6	1794	1587	+1	ŌłÆ2	23	61
2020	11	18	EI	RO	1	1	ENB		-1	1586	1666	0	+3	62	43
2021	03	25	IT	EI	2	0	WQ		3	2000	1583	0	+1	6	61
2021	03	28	EI	US	1	2	F		-8	1575	1765	ŌłÆ2	+4	62	30
2021	03	31	EI	BG	0	0	WQ		-10	1565	1498	ŌłÆ4	+4	66	78
2021	05	30	EI	MT	3	0	F	AT	4	1569	1222	+1	ŌłÆ2	66	154
2021	06	03	UA	EI	1	0	F		2	1812	1567	0	ŌłÆ1	21	67
2021	09	02	LT	EI	1	4	WQ		-21	1297	1588	ŌłÆ5	+4	134	62
2021	09	05	EE	EI	0	1	F		-8	1394	1596	ŌłÆ1	+1	102	61
2021	09	08	EI	CH	0	0	WQ		11	1607	1908	+3	ŌłÆ1	57	14
2021	10	09	CH	EI	2	0	WQ		5	1913	1602	0	ŌłÆ3	14	60
2021	10	12	BG	EI	2	1	WQ		21	1513	1581	+2	ŌłÆ2	80	64
2021	11	12	EI	LT	1	0	WQ		5	1586	1324	+1	ŌłÆ1	64	124
2021	11	15	EI	IT	0	0	WQ		16	1602	2030	+3	ŌłÆ2	62	7
2022	03	25	LU	EI	1	3	F		-11	1396	1613	ŌłÆ2	+2	102	59
2022	03	29	EI	HU	0	1	F		-10	1603	1726	ŌłÆ2	+3	61	36
2022	06	02	EI	GR	0	1	ENC		-22	1581	1693	ŌłÆ2	+7	64	42
2022	06	05	CY	EI	0	0	ENC		9	1320	1572	+3	ŌłÆ1	126	65
2022	06	09	KO	EI	3	2	ENC		18	1526	1554	+1	ŌłÆ2	77	68
2022	06	12	EI	CY	2	2	ENC		-15	1539	1331	ŌłÆ4	+6	72	120
2022	09	24	EI	KO	2	1	ENC		13	1552	1503	+1	ŌłÆ1	72	79
2022	09	27	GR	EI	3	1	ENC		12	1701	1540	+1	ŌłÆ4	41	74
2023	03	23	SM	EI	0	2	EQ		-1	782	1541	0	0	210	70
2023	03	26	EI	FI	0	1	EQ		-19	1522	1672	ŌłÆ6	+3	77	48
2023	06	16	DK	EI	1	0	EQ		3	1857	1519	0	0	17	77
2023	06	19	EI	KZ	0	1	EQ		-30	1489	1449	ŌłÆ7	+8	83	92
2023	09	07	SI	EI	4	2	EQ		10	1672	1479	0	ŌłÆ2	47	88
2023	09	10	KZ	EI	1	0	EQ		17	1454	1462	+3	ŌłÆ2	91	89
2023	10	14	EI	SM	3	0	EQ		1	1463	778	+1	0	89	212
2023	10	17	EI	SI	0	1	EQ		-12	1451	1712	ŌłÆ3	+5	91	41
2023	11	17	FI	EI	4	0	EQ		13	1641	1438	+4	ŌłÆ3	50	95
2023	11	20	EI	DK	2	0	EQ		53	1491	1825	+14	ŌłÆ5	83	20
2024	03	22	RO	EI	1	1	F		-7	1667	1498	ŌłÆ2	+2	47	83
2024	03	26	SQ	EI	0	1	F		-18	1775	1516	ŌłÆ2	+6	26	76
2024	06	08	ES	EI	5	1	F		1	2020	1515	0	0	4	77
2024	06	11	EI	AD	2	0	F	ES	3	1518	1110	0	0	77	171
2024	09	05	EI	LU	2	0	ENC		21	1539	1490	+2	ŌłÆ6	76	85
2024	09	08	BG	EI	1	0	ENC		17	1502	1522	+4	ŌłÆ5	82	79
2024	10	12	BY	EI	0	0	ENC	HU	3	1467	1519	0	ŌłÆ3	88	79
2024	10	15	EI	BG	5	0	ENC		26	1545	1468	+7	ŌłÆ4	73	88
2024	11	15	EI	BY	2	0	ENC		16	1561	1451	+1	ŌłÆ1	72	89
2024	11	18	LU	EI	2	2	ENC		1	1445	1560	+1	+1	90	72
2025	03	21	EI	CH	1	1	F		4	1564	1810	0	0	68	21
2025	03	25	SE	EI	5	1	F		7	1736	1557	0	ŌłÆ2	37	70
2025	06	07	DK	EI	2	1	F		2	1864	1555	0	ŌłÆ2	14	72
2025	06	10	EI	IS	1	0	F		7	1562	1550	+4	ŌłÆ2	68	72
2025	09	04	LU	EI	1	3	WQ		-29	1426	1591	ŌłÆ5	+6	95	63
2025	09	07	DE	EI	3	1	WQ		6	1877	1585	0	ŌłÆ2	14	65
2025	10	10	EI	SK	2	0	WQ		33	1618	1684	+4	ŌłÆ9	59	49
2025	10	13	EI	DE	0	1	WQ		-11	1607	1891	ŌłÆ1	0	60	15
2025	11	14	SK	EI	1	0	WQ		10	1700	1597	+2	0	44	63
2025	11	17	EI	LU	1	0	WQ		6	1603	1395	0	ŌłÆ1	63	106
2026	03	26	IT	EI	2	0	WQ		7	1866	1596	0	0	19	63
2026	03	31	WA	EI	1	1	F		-5	1698	1601	ŌłÆ1	ŌłÆ1	46	64