1957	10	20	LB	SA	1	1	PAR		1	1283	1399	ŌłÆ1	ŌłÆ	109	89
1957	10	22	JO	SA	1	0	PAR	LB	31	1212	1368	+3	ŌłÆ5	122	94
1957	10	24	SA	SY	3	1	PAR	LB	29	1397	1323	+5	ŌłÆ4	89	101
1961	09	03	RR	SA	13	0	PAR	MA	24	1661	1373	+2	ŌłÆ7	37	101
1961	09	04	LB	SA	7	1	PAR	MA	55	1325	1318	+10	ŌłÆ6	105	107
1961	09	06	MA	SA	13	1	PAR		7	1699	1311	+1	ŌłÆ1	30	108
1961	09	08	LY	SA	5	1	PAR	MA	29	1424	1282	+10	ŌłÆ6	85	114
1961	09	10	SA	KW	1	0	PAR	MA	19	1301	1239	+5	ŌłÆ3	109	121
1963	11	18	EG	SA	7	0	GNF	ID	6	1707	1295	+1	ŌłÆ2	29	114
1967	03	18	PK	SA	3	1	F		8	1369	1287	+1	ŌłÆ1	102	117
1967	03	21	PK	SA	2	4	F		-22	1347	1309	ŌłÆ2	+2	104	115
1967	03	25	PK	SA	2	2	F		-4	1343	1313	0	+1	104	115
1967	03	29	PK	SA	1	1	F		-4	1339	1317	ŌłÆ1	+3	106	112
1967	12	10	SA	TN	4	0	F		28	1345	1581	+6	ŌłÆ9	106	55
1969	01	17	SA	TR	1	2	F		-6	1339	1597	0	+1	106	51
1970	03	17	SA	JO	1	0	F		3	1342	1107	0	0	105	149
1970	03	28	KW	SA	3	1	GLF	BH	36	1312	1306	+9	ŌłÆ8	111	113
1970	03	30	BH	SA	0	0	GLF		5	1115	1301	+1	ŌłÆ1	148	114
1970	04	02	QA	SA	1	1	GLF	BH	12	1084	1289	0	ŌłÆ3	154	117
1972	03	16	SA	KW	2	2	GLF		-2	1287	1350	ŌłÆ1	+2	115	105
1972	03	19	SA	AE	4	0	GLF		13	1300	1103	+3	ŌłÆ3	112	153
1972	03	24	SA	QA	4	0	GLF		7	1307	985	0	ŌłÆ1	112	163
1972	03	28	SA	BH	2	1	GLF		9	1316	1178	+2	ŌłÆ1	110	140
1974	03	01	SA	MA	0	0	F		6	1322	1640	+2	ŌłÆ1	109	39
1974	03	16	SA	QA	2	0	GLF	KW	7	1329	965	0	0	109	163
1974	03	21	SA	BH	4	1	GLF	KW	17	1346	1120	+3	ŌłÆ3	106	146
1974	03	23	SA	AE	2	0	GLF	KW	12	1358	1097	+1	ŌłÆ3	105	153
1974	03	26	SA	QA	3	1	GLF	KW	6	1364	984	+2	0	103	163
1974	03	29	KW	SA	4	0	GLF		19	1471	1345	+7	ŌłÆ3	71	106
1975	08	22	SA	IQ	2	0	OQ	IR	49	1394	1554	+12	ŌłÆ6	94	54
1975	08	24	IR	SA	3	0	OQ		8	1657	1386	0	0	40	94
1975	08	27	KW	SA	4	2	OQ	IR	16	1583	1370	+2	ŌłÆ9	49	103
1975	08	29	SA	BH	1	0	OQ	IR	6	1376	1077	+4	0	99	154
1975	11	21	SA	AF	2	0	SQ	IQ	4	1380	897	0	0	100	171
1975	11	23	QA	SA	1	0	SQ	IQ	36	1025	1344	+5	ŌłÆ7	158	107
1975	11	25	IQ	SA	1	1	SQ		-14	1537	1358	ŌłÆ2	+2	57	105
1975	11	28	SA	AF	6	0	SQ	IQ	5	1363	878	+2	0	103	173
1975	11	30	SA	QA	2	1	SQ	IQ	5	1368	1031	+1	0	102	158
1975	12	02	IQ	SA	2	1	SQ		7	1547	1361	0	ŌłÆ1	58	103
1975	12	21	DY	SA	1	0	PAL	TN	29	1231	1332	+5	ŌłÆ8	127	111
1975	12	23	EG	SA	2	1	PAL	TN	5	1670	1327	+3	0	34	111
1976	02	20	SA	MA	0	2	F		-4	1323	1733	0	0	111	27
1976	03	26	QA	SA	1	0	GLF		30	1053	1293	0	ŌłÆ6	157	116
1976	03	29	SA	AE	2	0	GLF	QA	12	1305	1046	+2	ŌłÆ1	114	157
1976	04	01	IQ	SA	7	1	GLF	QA	14	1604	1291	+1	ŌłÆ2	48	116
1976	04	04	SA	OM	3	1	GLF	QA	4	1295	827	0	0	116	177
1976	04	08	BH	SA	2	1	GLF	QA	30	1127	1265	+5	ŌłÆ6	146	122
1976	04	11	KW	SA	3	1	GLF	QA	9	1585	1256	0	ŌłÆ2	51	124
1976	09	05	SA	IQ	0	0	F		4	1260	1501	0	0	123	62
1976	09	12	SA	MA	4	1	F		32	1292	1746	+9	ŌłÆ4	114	26
1976	09	15	SA	MA	2	0	F		27	1319	1719	+3	ŌłÆ4	111	30
1976	09	30	SA	TN	0	1	F		-5	1314	1619	0	+3	110	45
1976	10	08	SA	MR	4	1	PAR	SY	8	1322	953	0	0	110	165
1976	10	10	MA	SA	0	0	PAR	SY	-16	1707	1338	0	+3	29	107
1976	10	12	SA	PS	3	1	PAR	SY	20	1358	1200	+5	ŌłÆ4	102	135
1976	10	16	DY	SA	1	0	PAR	SY	26	1284	1332	+5	ŌłÆ6	117	108
1976	10	18	JO	SA	1	0	PAR	SY	31	1146	1301	+6	ŌłÆ5	142	113
1976	10	21	SY	SA	0	2	PAR		-49	1412	1350	ŌłÆ15	+8	93	105
1976	11	12	SA	SY	2	0	WQ		27	1377	1385	+7	ŌłÆ3	98	95
1976	11	26	SY	SA	2	1	WQ		14	1399	1363	+3	ŌłÆ4	92	102
1977	01	07	SA	IR	0	3	WQ		-14	1349	1718	ŌłÆ2	+3	105	27
1977	04	22	IR	SA	2	0	WQ		4	1725	1345	+1	ŌłÆ1	28	104
1978	05	03	SA	PK	6	0	SAT		17	1362	1249	+6	ŌłÆ3	98	124
1978	05	06	SA	KE	2	1	SAT		10	1372	1340	+2	ŌłÆ3	96	104
1978	11	16	CY	SA	2	2	F		0	1264	1372	0	0	120	95
1978	12	10	CN	SA	1	0	ASG	TH	8	1611	1364	+2	ŌłÆ1	45	96
1978	12	12	QA	SA	2	2	ASG	TH	13	1108	1351	+1	ŌłÆ7	149	103
1978	12	14	IQ	SA	1	1	ASG	TH	-14	1622	1365	ŌłÆ2	+7	44	96
1979	03	24	SA	AE	2	1	GLF	IQ	5	1370	1024	+2	ŌłÆ1	96	161
1979	03	27	SA	OM	4	0	GLF	IQ	3	1373	827	+1	0	95	178
1979	04	01	BH	SA	1	1	GLF	IQ	12	1150	1361	+1	ŌłÆ3	140	98
1979	04	03	SA	QA	7	0	GLF	IQ	23	1384	1149	+4	ŌłÆ2	94	140
1979	04	05	KW	SA	0	0	GLF	IQ	-12	1615	1396	0	+1	45	93
1979	04	08	IQ	SA	2	0	GLF		6	1691	1390	0	ŌłÆ1	33	94
1980	01	30	SA	KR	1	3	F		-4	1386	1828	ŌłÆ2	0	96	17
1980	02	01	SA	KR	0	0	F		8	1394	1820	+3	0	93	17
1980	03	12	MY	SA	3	0	F		11	1436	1383	+3	ŌłÆ3	83	96
1980	09	29	SA	MY	3	0	ILG	TR	44	1427	1429	+7	ŌłÆ9	87	86
1980	09	30	SA	NS	2	0	ILG	TR	33	1460	1430	+8	ŌłÆ7	79	86
1980	10	03	TR	SA	3	0	ILG		14	1615	1446	+2	ŌłÆ3	46	82
1980	10	04	LY	SA	2	0	ILG	TR	24	1545	1422	+4	ŌłÆ5	58	87
1980	10	12	SA	ID	2	0	F	TR	8	1430	1229	+1	ŌłÆ3	86	127
1981	02	24	SG	SA	1	1	F		2	1276	1428	ŌłÆ1	0	117	85
1981	03	08	SA	TN	1	2	F		-6	1422	1670	ŌłÆ2	0	88	36
1981	03	11	SA	JO	2	1	F		2	1424	1134	+1	0	87	145
1981	03	14	SA	JO	2	0	F		3	1427	1131	+1	0	86	145
1981	03	21	SA	IQ	1	0	WQ		30	1457	1694	+8	ŌłÆ4	78	31
1981	03	24	SA	SY	2	0	WQ		12	1469	1307	+3	ŌłÆ4	75	111
1981	03	28	SA	BH	1	0	WQ		4	1473	1167	0	0	75	141
1981	03	31	SA	QA	1	0	WQ		5	1478	1237	0	ŌłÆ1	75	125
1981	10	14	SA	KR	2	0	F		20	1498	1685	+3	ŌłÆ2	74	33
1981	10	28	SA	SE	1	2	F		-7	1491	1721	ŌłÆ1	0	74	31
1981	11	04	SA	KW	0	1	WQ		-18	1473	1649	ŌłÆ4	+1	78	41
1981	11	12	CN	SA	4	2	WQ	MY	18	1642	1455	+1	ŌłÆ2	42	80
1981	11	19	CN	SA	2	0	WQ	MY	15	1657	1440	+2	ŌłÆ6	40	87
1981	11	28	NZ	SA	2	2	WQ		-11	1535	1451	ŌłÆ3	+2	62	84
1981	12	07	KW	SA	2	0	WQ		8	1672	1443	+4	ŌłÆ1	35	85
1981	12	19	SA	NZ	0	5	WQ		-40	1403	1587	ŌłÆ5	+10	90	49
1982	03	05	SA	HN	0	0	F		3	1406	1611	0	0	90	44
1982	03	21	AE	SA	1	0	GLF		28	1191	1378	+5	ŌłÆ2	138	92
1982	03	24	IQ	SA	1	1	GLF	AE	-16	1721	1394	0	+2	29	90
1982	03	26	KW	SA	1	0	GLF	AE	7	1671	1387	+1	0	37	90
1982	03	29	SA	QA	1	0	GLF	AE	11	1398	1210	0	ŌłÆ5	90	136
1982	03	31	SA	OM	3	0	GLF	AE	3	1401	829	0	0	90	181
1982	04	02	BH	SA	2	2	GLF	AE	9	1240	1392	+3	0	127	90
1982	10	03	SA	MA	2	1	F		13	1405	1575	+1	ŌłÆ4	89	53
1982	10	12	SA	CM	0	0	F		5	1410	1673	0	0	89	37
1982	11	20	SA	TH	1	0	ASG	IN	15	1425	1312	0	ŌłÆ1	87	104
1982	11	22	SA	SY	1	1	ASG	IN	-8	1417	1288	0	+2	87	113
1982	11	24	KP	SA	2	2	ASG	IN	-9	1568	1426	ŌłÆ2	0	56	87
1982	11	27	IN	SA	0	1	ASG		-16	1242	1442	ŌłÆ2	+2	126	85
1982	12	01	IQ	SA	1	0	ASG	IN	7	1720	1435	+1	ŌłÆ1	29	86
1983	00	00	SA	CM	1	1	F		4	1439	1669	0	0	87	38
1983	10	01	IN	SA	1	2	OQ		-15	1227	1454	ŌłÆ4	+4	131	82
1983	10	06	ID	SA	1	1	OQ		8	1215	1446	+2	ŌłÆ3	135	85
1983	10	10	MY	SA	3	1	OQ		37	1297	1409	+9	ŌłÆ3	115	88
1983	10	14	SG	SA	0	3	OQ		-30	1233	1439	ŌłÆ3	+2	127	86
1983	11	06	SA	IN	5	0	OQ		14	1453	1258	+5	ŌłÆ4	81	125
1983	11	11	SA	MY	2	0	OQ		15	1468	1344	+5	ŌłÆ3	76	98
1983	11	17	SA	SG	5	0	OQ		8	1476	1187	0	ŌłÆ1	77	141
1983	11	23	SA	ID	3	0	OQ		5	1481	1141	+2	0	75	144
1983	12	02	SA	SO	1	0	ARQ		2	1483	1107	0	ŌłÆ1	75	150
1983	12	05	SA	DY	1	0	ARQ		4	1487	1215	+1	0	74	133
1983	12	09	SA	SD	3	0	ARQ		20	1507	1404	+5	ŌłÆ2	69	90
1984	02	21	SA	DZ	4	2	F		16	1523	1612	+4	ŌłÆ3	66	42
1984	03	10	QA	SA	2	1	GLF	OM	30	1360	1493	+8	ŌłÆ4	94	70
1984	03	15	OM	SA	1	3	GLF		-2	817	1495	0	+1	181	69
1984	03	17	IQ	SA	4	0	GLF	OM	20	1691	1475	+1	ŌłÆ7	34	76
1984	03	20	KW	SA	1	1	GLF	OM	-3	1530	1478	0	0	64	76
1984	03	23	SA	AE	2	0	GLF	OM	14	1492	1257	+6	ŌłÆ3	70	125
1984	03	26	SA	BH	2	0	GLF	OM	13	1505	1257	+2	ŌłÆ2	68	124
1984	04	15	SA	NZ	3	1	OQ	SG	40	1545	1585	+7	ŌłÆ8	62	49
1984	04	17	BH	SA	1	1	OQ	SG	14	1259	1531	+2	ŌłÆ2	124	64
1984	04	22	SA	KW	4	1	OQ	SG	37	1568	1516	+9	ŌłÆ7	56	67
1984	04	24	SA	KR	5	4	OQ	SG	25	1593	1628	+9	ŌłÆ3	47	40
1984	08	01	MA	SA	1	0	OG	US	26	1665	1567	+2	ŌłÆ8	37	55
1984	09	25	SA	IS	1	2	F		-15	1552	1503	ŌłÆ3	+7	59	68
1984	10	08	SA	TH	2	1	F		2	1554	1289	+1	0	58	116
1984	10	10	SA	TH	1	3	F		-27	1527	1316	ŌłÆ3	+8	61	108
1984	10	19	SA	NP	7	0	SQ		1	1528	909	+2	0	60	173
1984	10	22	SA	AE	1	0	SQ		4	1532	1253	0	ŌłÆ1	60	125
1984	10	24	SA	LK	5	0	SQ		2	1534	948	0	0	60	168
1984	10	26	SA	OM	6	0	SQ		1	1535	842	0	0	60	180
1984	11	20	SA	FI	2	1	F		6	1541	1486	+1	ŌłÆ4	58	76
1984	12	02	SA	KR	1	1	AC	SG	5	1546	1611	+1	0	58	43
1984	12	04	SA	SY	1	0	AC	SG	11	1557	1313	+1	ŌłÆ3	57	111
1984	12	08	QA	SA	1	1	AC	SG	6	1483	1551	+1	0	77	57
1984	12	11	SA	KW	1	0	AC	SG	26	1577	1538	+6	ŌłÆ3	51	59
1984	12	13	IR	SA	1	1	AC	SG	-10	1707	1587	ŌłÆ1	+4	33	48
1984	12	16	SA	CN	2	0	AC	SG	44	1631	1603	+7	ŌłÆ8	41	46
1985	03	15	SA	SY	0	0	F		-8	1623	1344	ŌłÆ1	+1	44	97
1985	03	17	SA	SY	3	0	F		4	1627	1340	0	0	44	97
1985	04	12	SA	AE	0	0	WQ		-17	1610	1335	ŌłÆ2	+8	45	99
1985	04	19	AE	SA	1	0	WQ		29	1364	1581	+4	ŌłÆ8	95	53
1985	07	03	SA	JO	4	0	ARC		3	1584	1151	0	0	51	145
1985	07	07	SA	QA	1	0	ARC		12	1596	1528	+2	ŌłÆ2	49	64
1985	07	10	SA	IQ	2	3	ARC		-25	1571	1640	ŌłÆ4	+5	53	41
1985	07	12	SA	QA	0	0	ARC		-8	1563	1528	ŌłÆ4	+3	57	64
1985	07	28	TN	SA	1	0	F		6	1629	1557	+3	ŌłÆ1	42	59
1985	08	05	SA	NY	2	0	PAR	MA	1	1558	822	+1	0	58	181
1985	08	08	SA	AE	1	0	PAR	MA	11	1569	1388	+1	ŌłÆ1	57	89
1985	08	11	SA	DZ	3	1	PAR	MA	39	1608	1636	+10	ŌłÆ5	47	41
1985	08	14	IQ	SA	2	1	PAR	MA	16	1699	1592	+1	ŌłÆ3	34	50
1985	09	08	SA	IQ	3	1	F		16	1608	1709	+1	ŌłÆ1	48	33
1985	09	11	SA	IQ	2	0	F		15	1623	1694	+4	ŌłÆ1	44	34
1985	09	15	CM	SA	4	1	AAC		35	1626	1588	+8	ŌłÆ8	43	51
1985	10	04	SA	CM	2	1	AAC		21	1609	1605	+5	ŌłÆ5	47	48
1986	00	00	SA	ZM	1	0	F		7	1616	1593	+1	ŌłÆ3	44	50
1986	02	17	SA	DZ	0	0	F		-2	1614	1650	ŌłÆ1	0	44	38
1986	02	21	SA	DZ	1	1	F		-2	1612	1652	0	0	44	38
1986	02	25	SA	WA	1	2	F		-8	1604	1800	ŌłÆ3	+1	47	24
1986	02	28	SA	FI	0	1	F		-15	1589	1550	ŌłÆ5	0	52	62
1986	03	12	SA	PY	0	0	F		3	1592	1799	+2	ŌłÆ1	50	25
1986	03	23	KW	SA	3	1	GLF	BH	37	1544	1555	+9	ŌłÆ9	63	60
1986	03	25	BH	SA	2	1	GLF		26	1373	1529	+1	ŌłÆ5	96	65
1986	03	28	SA	OM	3	1	GLF	BH	2	1531	896	0	0	65	175
1986	03	30	SA	IQ	2	1	GLF	BH	26	1557	1613	+5	ŌłÆ7	60	47
1986	04	02	AE	SA	2	0	GLF	BH	44	1431	1513	+7	ŌłÆ9	83	70
1986	04	05	SA	QA	2	0	GLF	BH	29	1542	1468	+7	ŌłÆ6	63	79
1986	09	07	SG	SA	0	4	F		-7	1194	1549	ŌłÆ2	+1	137	63
1986	09	21	SA	MY	3	1	ASG	KR	16	1565	1355	+5	ŌłÆ3	58	97
1986	09	25	SA	ID	2	0	ASG	KR	6	1571	1164	+1	0	58	144
1986	09	29	SA	QA	1	0	ASG	KR	14	1585	1452	+4	ŌłÆ4	54	82
1986	10	01	IQ	SA	1	1	ASG	KR	2	1548	1583	0	0	63	54
1986	10	03	KW	SA	2	2	ASG	KR	-3	1634	1586	0	0	39	54
1986	10	05	KR	SA	2	0	ASG		19	1638	1567	+6	ŌłÆ4	40	58
1987	03	08	SA	TN	1	2	F		-14	1553	1545	ŌłÆ5	+2	60	61
1987	04	18	SA	OM	1	0	OQ		1	1554	1003	0	0	60	165
1987	04	20	SA	BH	2	0	OQ		7	1561	1290	+3	ŌłÆ2	57	109
1987	04	24	SA	OM	3	0	OQ		2	1563	1035	ŌłÆ1	0	58	163
1987	04	26	SA	BH	2	1	OQ		4	1567	1252	+2	0	56	125
1987	12	04	SA	IQ	0	0	OQ		-4	1563	1602	ŌłÆ1	0	59	51
1987	12	11	KW	SA	1	0	OQ		11	1637	1552	0	ŌłÆ2	44	62
1987	12	18	SA	QA	1	1	OQ		-12	1540	1427	ŌłÆ2	+3	65	84
1988	01	01	IQ	SA	1	1	OQ	OM	-4	1609	1544	ŌłÆ1	0	49	64
1988	01	08	SA	KW	0	0	OQ		-1	1543	1621	0	ŌłÆ1	64	46
1988	01	15	QA	SA	1	0	OQ		21	1443	1522	+2	ŌłÆ3	80	67
1988	02	17	SA	SQ	2	2	F		5	1527	1793	0	ŌłÆ2	67	21
1988	03	02	SA	OM	2	0	GLF		2	1529	1045	0	0	67	159
1988	03	05	SA	QA	0	0	GLF		-10	1519	1458	0	+1	67	80
1988	03	09	SA	BH	1	0	GLF		5	1524	1260	0	ŌłÆ1	67	120
1988	03	13	SA	AE	2	2	GLF		-8	1516	1476	0	0	66	76
1988	03	16	SA	IQ	0	2	GLF		-26	1490	1689	ŌłÆ7	+4	74	35
1988	03	18	SA	KW	0	0	GLF		-4	1486	1523	ŌłÆ1	0	75	65
1988	06	21	NZ	SA	2	0	F	AU	14	1517	1472	+3	ŌłÆ3	66	76
1988	06	23	NZ	SA	3	2	F	AU	9	1526	1463	0	ŌłÆ3	66	79
1988	06	29	SA	HK	3	0	F	AU	10	1473	1290	+3	ŌłÆ2	76	109
1988	07	01	SA	HK	1	0	F	AU	5	1478	1285	0	ŌłÆ3	76	112
1988	07	06	AR	SA	2	2	AGC	AU	-12	1868	1490	ŌłÆ2	+3	11	73
1988	07	09	AU	SA	3	0	AGC		9	1684	1481	+2	+1	35	72
1988	07	09	EG	SA	0	0	ARC	JO	-10	1653	1491	ŌłÆ2	+1	40	72
1988	07	11	SA	TN	1	1	ARC	JO	-1	1490	1474	0	0	72	76
1988	07	13	BR	SA	4	1	AGC	AU	3	1968	1487	0	ŌłÆ7	4	79
1988	07	13	LB	SA	1	0	ARC	JO	32	1283	1455	+8	ŌłÆ7	114	79
1988	07	15	IQ	SA	2	0	ARC	JO	14	1678	1441	0	ŌłÆ2	37	81
1988	07	16	AR	SA	2	0	AGC	AU	4	1843	1437	+2	0	13	81
1988	11	00	SA	MY	6	0	F		7	1444	1234	+1	ŌłÆ4	80	127
1988	11	14	SA	EG	0	0	F		4	1448	1669	0	0	80	37
1988	11	16	SA	EN	1	1	F		8	1456	1884	+1	ŌłÆ1	79	9
1988	11	23	SA	TN	1	0	F		8	1464	1474	+2	ŌłÆ3	77	75
1988	12	02	SA	SY	2	0	AC	QA	43	1507	1469	+13	ŌłÆ12	64	76
1988	12	05	KW	SA	0	0	AC	QA	1	1494	1506	0	0	67	64
1988	12	09	BH	SA	1	1	AC	QA	8	1392	1498	0	ŌłÆ2	95	66
1988	12	12	SA	CN	1	0	AC	QA	34	1532	1599	+2	ŌłÆ3	64	47
1988	12	15	SA	IR	1	0	AC	QA	32	1564	1604	+6	ŌłÆ4	58	46
1988	12	18	SA	KR	0	0	AC	QA	11	1575	1723	+6	ŌłÆ1	52	32
1989	03	15	SA	SY	5	4	WQ		10	1585	1483	+4	ŌłÆ2	48	70
1989	03	20	NY	SA	0	1	WQ		-2	924	1587	0	0	175	48
1989	03	30	SY	SA	0	0	WQ		0	1484	1587	0	0	70	50
1989	04	05	SA	NY	1	0	WQ		0	1587	923	0	0	50	175
1989	10	12	CN	SA	2	1	WQ	SG	21	1597	1566	+3	ŌłÆ6	49	56
1989	10	16	QA	SA	1	1	WQ	SG	5	1481	1561	0	ŌłÆ2	71	58
1989	10	21	SA	AE	0	0	WQ	SG	-3	1558	1514	ŌłÆ2	0	60	66
1989	10	25	KR	SA	2	0	WQ	SG	16	1753	1542	+4	ŌłÆ5	26	63
1989	10	28	SA	KP	2	0	WQ	SG	31	1573	1518	+12	ŌłÆ5	51	65
1990	09	24	SA	BD	4	0	ASG	CN	4	1577	1067	ŌłÆ1	0	52	164
1990	09	28	SA	JP	2	0	ASG	CN	16	1593	1378	+1	ŌłÆ4	51	96
1990	10	01	KP	SA	0	0	ASG	CN	6	1482	1587	+1	0	70	51
1992	09	09	SA	PS	2	1	PGC	SY	5	1592	1229	+3	ŌłÆ2	56	145
1992	09	11	SY	SA	1	1	PGC		3	1448	1589	0	ŌłÆ1	89	57
1992	09	14	SA	KW	2	0	PGC	SY	22	1611	1473	+3	ŌłÆ5	54	80
1992	09	18	EG	SA	3	2	PGC	SY	19	1645	1592	+5	ŌłÆ3	44	57
1992	10	06	SA	CM	2	1	F		9	1601	1651	+3	ŌłÆ4	53	42
1992	10	15	SA	US	3	0	IC		40	1641	1634	+9	ŌłÆ13	45	48
1992	10	20	SA	AR	1	3	IC		-13	1628	2025	ŌłÆ5	0	50	1
1992	10	29	CN	SA	1	1	AC	JP	12	1455	1616	+6	ŌłÆ1	88	51
1992	10	31	QA	SA	1	1	AC	JP	10	1479	1606	+1	ŌłÆ2	80	53
1992	11	02	SA	TH	4	0	AC	JP	20	1626	1362	+3	ŌłÆ3	50	110
1992	11	06	SA	AE	2	0	AC	JP	27	1653	1497	+8	ŌłÆ3	41	75
1992	11	08	JP	SA	1	0	AC		29	1527	1624	+5	ŌłÆ8	69	49
1992	11	28	BH	SA	2	1	GLF	QA	33	1382	1591	+10	ŌłÆ7	105	55
1992	12	01	AE	SA	1	0	GLF	QA	27	1492	1564	+4	ŌłÆ5	80	61
1992	12	04	SA	OM	2	0	GLF	QA	4	1568	1078	0	ŌłÆ1	61	178
1992	12	06	SA	KW	2	1	GLF	QA	16	1584	1489	+2	ŌłÆ4	59	81
1992	12	10	QA	SA	0	1	GLF		-22	1494	1606	ŌłÆ5	+7	79	52
1993	04	09	SA	US	0	2	F		-18	1588	1661	ŌłÆ3	+9	56	35
1993	04	18	SA	NZ	3	1	F	SG	13	1601	1524	+1	ŌłÆ4	54	72
1993	04	22	SG	SA	0	3	F		-8	1269	1609	ŌłÆ2	0	134	54
1993	04	24	SA	NZ	1	0	F	SG	8	1617	1516	+4	ŌłÆ3	50	75
1993	05	01	SA	MO	6	0	WQ	MY	3	1620	1055	+2	ŌłÆ1	49	182
1993	05	03	MY	SA	1	1	WQ		12	1284	1608	+1	ŌłÆ5	133	54
1993	05	05	KW	SA	0	0	WQ	MY	7	1497	1601	+3	0	79	54
1993	05	14	SA	MO	8	0	WQ		2	1603	1032	0	0	54	183
1993	05	16	SA	MY	3	0	WQ		6	1609	1277	+2	0	52	134
1993	05	18	SA	KW	2	0	WQ		15	1624	1502	+6	ŌłÆ4	46	78
1993	09	17	SA	TH	4	0	F		5	1629	1406	+1	0	48	100
1993	09	20	SA	TH	3	0	F		5	1634	1401	+2	ŌłÆ2	46	102
1993	09	23	SA	CR	1	2	F		-14	1620	1619	ŌłÆ5	+3	51	52
1993	09	27	SA	CR	3	2	F		7	1627	1612	+3	ŌłÆ2	48	54
1993	10	06	SA	RU	4	2	F		21	1648	1864	+7	ŌłÆ1	40	15
1993	10	15	JP	SA	0	0	WQ	QA	2	1611	1646	+1	+1	56	39
1993	10	18	SA	KP	2	1	WQ	QA	17	1663	1574	+3	ŌłÆ2	36	63
1993	10	22	SA	KR	1	1	WQ	QA	0	1663	1667	0	0	36	35
1993	10	24	IQ	SA	1	1	WQ	QA	0	1655	1663	0	0	40	36
1993	10	28	SA	IR	4	3	WQ	QA	16	1679	1568	+1	ŌłÆ2	34	63
1994	01	23	SA	CN	1	0	F		4	1683	1510	0	ŌłÆ1	34	73
1994	01	26	SA	CN	1	1	F		-7	1676	1517	0	+1	34	72
1994	02	06	SA	CO	1	1	F		4	1680	1931	0	ŌłÆ1	34	6
1994	02	09	SA	CO	0	1	F		-6	1674	1937	0	+1	34	5
1994	03	27	SA	CL	0	2	F		-17	1657	1756	ŌłÆ4	0	39	27
1994	03	29	SA	CL	2	2	F		0	1657	1756	+1	0	38	27
1994	04	13	PL	SA	1	0	F	FR	9	1712	1648	0	ŌłÆ3	32	43
1994	04	18	TN	SA	2	0	F		16	1552	1632	+4	ŌłÆ5	67	48
1994	04	20	SA	IS	2	0	F	FR	13	1645	1566	+3	ŌłÆ1	45	64
1994	04	27	GR	SA	5	1	F		9	1745	1636	+1	0	28	45
1994	05	04	BO	SA	1	0	F	FR	8	1717	1628	+1	ŌłÆ4	31	49
1994	05	25	US	SA	0	0	F		-2	1601	1630	0	0	56	49
1994	06	04	SA	TT	3	2	F	US	7	1637	1519	+2	0	47	72
1994	06	20	NL	SA	2	1	WC	US	7	1998	1630	0	ŌłÆ2	2	49
1994	06	25	SA	MA	2	1	WC	US	32	1662	1617	+10	ŌłÆ9	40	53
1994	06	29	SA	BE	1	0	WC	US	47	1709	1837	+7	ŌłÆ8	30	21
1994	07	03	SE	SA	3	1	WC	US	19	1952	1690	0	ŌłÆ2	6	32
1994	10	01	UZ	SA	4	1	ASG	JP	38	1697	1652	+9	ŌłÆ9	30	40
1994	10	05	SA	TH	4	2	ASG	JP	10	1662	1357	+2	ŌłÆ4	38	117
1994	10	07	SA	MY	2	1	ASG	JP	4	1666	1255	+1	0	37	140
1994	10	09	SA	HK	2	1	ASG	JP	3	1669	1208	0	0	37	152
1994	10	11	CN	SA	2	0	ASG	JP	39	1604	1630	+10	ŌłÆ8	54	45
1994	10	19	SA	US	2	1	F		7	1637	1626	+5	ŌłÆ3	41	46
1994	10	26	SA	TT	1	0	F		4	1641	1515	+1	ŌłÆ2	40	74
1994	11	04	SA	OM	2	1	GLF	AE	5	1646	1300	0	ŌłÆ1	40	131
1994	11	06	AE	SA	1	1	GLF		2	1509	1644	+3	0	76	40
1994	11	10	SA	BH	3	1	GLF	AE	14	1658	1428	+2	ŌłÆ2	38	95
1994	11	12	SA	QA	2	1	GLF	AE	8	1666	1420	0	ŌłÆ3	38	98
1994	11	16	SA	KW	2	0	GLF	AE	17	1683	1485	+4	ŌłÆ2	33	81
1994	12	08	SA	PL	0	2	F		-19	1664	1705	ŌłÆ3	+1	36	30
1994	12	10	SA	PL	1	2	F		-12	1652	1717	ŌłÆ2	0	38	30
1994	12	17	SA	CR	1	3	F		-21	1631	1637	ŌłÆ8	+9	45	42
1994	12	29	SA	ZM	1	0	F		8	1639	1646	+4	ŌłÆ4	42	38
1995	01	06	SA	MX	0	2	IC		-24	1615	1895	ŌłÆ8	+4	50	13
1995	01	08	SA	DK	0	2	IC		-19	1596	1923	ŌłÆ6	+3	56	7
1995	10	08	US	SA	4	3	F		4	1715	1592	0	ŌłÆ2	31	56
1995	10	11	MX	SA	2	1	F	US	4	1835	1588	ŌłÆ1	ŌłÆ1	22	57
1995	10	24	JP	SA	2	1	ADC		10	1621	1578	+2	ŌłÆ4	47	61
1995	10	28	JP	SA	2	1	ADC		9	1630	1569	+3	ŌłÆ1	44	62
1995	10	31	KR	SA	1	1	F		-4	1617	1573	ŌłÆ1	+1	49	61
1995	12	29	SA	KZ	3	0	F		13	1586	1574	+5	ŌłÆ6	58	63
1996	01	05	SA	GH	1	1	F		-1	1585	1661	0	0	59	38
1996	01	24	SA	KG	3	0	SQ		4	1589	1187	0	ŌłÆ4	59	159
1996	01	28	SA	YE	4	0	SQ		5	1594	1210	+1	ŌłÆ1	57	152
1996	01	31	SA	KG	2	0	SQ		3	1597	1165	+1	0	56	161
1996	02	04	SA	YE	1	0	SQ		2	1599	1174	0	0	56	161
1996	09	22	SA	ZM	2	1	F		8	1607	1619	+1	ŌłÆ1	54	45
1996	09	25	SA	ZM	1	3	F		-19	1588	1638	ŌłÆ2	+2	56	43
1996	10	03	SA	NZ	3	0	F		9	1597	1482	+2	ŌłÆ2	54	82
1996	10	09	SA	AU	0	0	F		0	1597	1687	0	+1	55	35
1996	10	15	OM	SA	0	1	GLF		-9	1281	1606	ŌłÆ1	+4	135	51
1996	10	19	QA	SA	2	2	GLF	OM	7	1493	1599	+1	ŌłÆ4	80	55
1996	10	21	SA	BH	3	1	GLF	OM	15	1614	1399	+4	ŌłÆ4	51	107
1996	10	24	KW	SA	1	0	GLF	OM	25	1549	1589	+4	ŌłÆ7	67	58
1996	10	27	SA	AE	2	2	GLF	OM	-3	1586	1543	ŌłÆ1	+2	59	67
1996	11	06	SA	BG	1	0	F		14	1600	1811	+5	ŌłÆ2	54	20
1996	11	16	SA	SY	3	1	F		7	1607	1483	+3	ŌłÆ3	54	83
1996	11	19	SA	ML	1	3	F		-27	1580	1362	ŌłÆ6	+8	60	117
1996	11	29	SA	ID	4	1	F		2	1582	1230	0	ŌłÆ1	59	144
1996	12	05	SA	TH	6	0	AC	AE	39	1621	1448	+12	ŌłÆ13	47	93
1996	12	08	SA	IQ	1	0	AC	AE	29	1650	1655	+4	ŌłÆ6	43	42
1996	12	11	IR	SA	3	0	AC	AE	53	1632	1597	+17	ŌłÆ15	44	57
1996	12	16	SA	CN	4	3	AC	AE	23	1620	1552	+10	ŌłÆ4	48	66
1996	12	18	IR	SA	0	0	AC	AE	-4	1670	1624	0	0	38	48
1996	12	21	AE	SA	0	0	AC		-7	1620	1631	ŌłÆ2	+3	49	45
1997	03	02	SA	SY	3	0	F		6	1637	1467	0	ŌłÆ1	48	84
1997	03	05	SA	SY	1	1	F		-7	1630	1474	ŌłÆ1	+1	49	83
1997	03	09	SA	ID	4	0	F	SG	4	1634	1253	0	ŌłÆ2	49	138
1997	03	12	ID	SA	1	1	F	SG	8	1261	1626	+2	ŌłÆ1	136	50
1997	03	16	SA	TW	2	0	WQ	MY	2	1628	1019	0	0	50	186
1997	03	18	MY	SA	0	0	WQ		11	1319	1617	0	ŌłÆ2	128	52
1997	03	20	SA	BD	4	1	WQ	MY	2	1619	995	0	ŌłÆ1	52	190
1997	03	27	SA	BD	3	0	WQ		1	1620	994	0	0	52	190
1997	03	29	SA	MY	3	0	WQ		6	1626	1306	+1	0	51	128
1997	03	31	SA	TW	6	0	WQ		2	1628	1031	+1	0	50	184
1997	09	14	SA	KW	2	1	WQ		12	1640	1561	+2	ŌłÆ1	46	64
1997	09	19	IR	SA	1	1	WQ		-10	1715	1650	ŌłÆ1	0	35	46
1997	09	25	SA	ML	5	1	F		4	1654	1361	0	0	46	117
1997	10	03	CN	SA	1	0	WQ		16	1647	1638	+2	ŌłÆ1	46	47
1997	10	11	SA	QA	1	0	WQ		7	1645	1464	0	ŌłÆ5	47	87
1997	10	17	KW	SA	2	1	WQ		18	1597	1627	+4	ŌłÆ3	55	50
1997	10	24	SA	IR	1	0	WQ		21	1648	1723	+3	ŌłÆ5	47	33
1997	11	06	SA	CN	1	1	WQ		-7	1641	1624	0	0	46	50
1997	11	12	QA	SA	0	1	WQ		-21	1544	1662	ŌłÆ6	0	66	46
1997	12	07	SA	IS	0	0	F		-7	1655	1492	0	0	46	79
1997	12	12	SA	BR	0	3	CC		-8	1647	2163	0	0	46	1
1997	12	14	SA	MX	0	5	CC		-50	1597	1796	ŌłÆ8	+7	54	21
1997	12	16	SA	AU	1	0	CC		37	1634	1839	+5	ŌłÆ4	49	16
1998	02	22	SA	DE	0	3	F		-4	1630	2074	ŌłÆ3	0	51	2
1998	05	04	JM	SA	0	0	F	FR	0	1644	1630	0	0	48	52
1998	05	09	SA	TT	2	1	F	FR	6	1636	1476	+1	ŌłÆ1	51	80
1998	05	13	IS	SA	1	1	F	FR	4	1477	1632	+2	0	80	51
1998	05	17	SA	NA	2	1	F	FR	3	1635	1327	0	ŌłÆ1	51	126
1998	05	23	EN	SA	0	0	F		-9	1972	1644	0	+2	6	49
1998	05	27	NO	SA	6	0	F		5	1903	1639	0	ŌłÆ3	10	51
1998	06	03	MX	SA	0	0	F	FR	-5	1847	1644	0	+3	17	48
1998	06	12	DK	SA	1	0	WC	FR	12	1894	1632	+3	ŌłÆ2	9	50
1998	06	18	FR	SA	4	0	WC		7	2016	1625	0	ŌłÆ3	3	51
1998	06	24	SA	ZA	2	2	WC	FR	2	1627	1647	0	0	50	48
1998	09	11	SA	TZ	8	0	F		3	1630	1258	0	0	50	137
1998	09	14	SA	SD	2	1	F		3	1633	1396	0	ŌłÆ2	50	106
1998	09	17	SA	SN	3	2	F		3	1636	1440	0	0	50	94
1998	09	25	SA	DZ	3	0	ARC	QA	23	1659	1494	+3	ŌłÆ7	47	78
1998	09	27	SA	LB	4	1	ARC	QA	12	1671	1365	+2	0	45	115
1998	09	29	SA	KW	2	1	ARC	QA	19	1690	1628	+6	ŌłÆ2	39	51
1998	10	01	QA	SA	1	3	ARC		-28	1540	1718	ŌłÆ4	+8	65	31
1998	10	31	SA	KW	2	1	GLF	BH	16	1734	1634	+4	ŌłÆ2	29	51
1998	11	02	BH	SA	1	1	GLF		14	1347	1720	+2	ŌłÆ2	120	31
1998	11	05	SA	OM	1	0	GLF	BH	4	1724	1347	0	ŌłÆ1	31	119
1998	11	08	SA	AE	1	0	GLF	BH	12	1736	1555	+2	ŌłÆ4	29	65
1998	11	11	QA	SA	0	0	GLF	BH	13	1494	1723	+1	ŌłÆ2	80	31
1999	06	18	SA	JO	2	1	F		2	1725	1459	0	ŌłÆ2	33	88
1999	06	22	SA	JO	2	0	F		3	1728	1456	0	0	32	88
1999	06	24	SA	LT	0	1	F		-18	1710	1478	ŌłÆ4	+6	36	81
1999	07	09	SA	CA	2	0	F	US	8	1718	1533	+2	ŌłÆ3	34	72
1999	07	13	JM	SA	2	1	F	US	13	1617	1705	+4	ŌłÆ2	51	36
1999	07	15	SA	JM	4	0	F	US	14	1719	1603	+2	ŌłÆ4	34	55
1999	07	17	CR	SA	1	0	F	US	13	1618	1706	+3	ŌłÆ2	51	36
1999	07	25	MX	SA	5	1	CC		17	1890	1689	+2	ŌłÆ6	14	42
1999	07	27	BO	SA	0	0	CC	MX	3	1655	1686	0	ŌłÆ1	47	43
1999	07	29	SA	EG	5	1	CC	MX	47	1733	1641	+11	ŌłÆ7	32	49
1999	08	01	BR	SA	8	2	CC	MX	9	2153	1724	0	0	1	32
1999	08	03	US	SA	2	0	CC	MX	31	1817	1693	+2	ŌłÆ8	19	40
1999	08	16	LB	SA	2	1	PAR	JO	34	1419	1659	+5	ŌłÆ4	104	44
1999	08	18	SA	AE	1	1	PAR	JO	-7	1652	1547	0	0	44	69
1999	09	08	SA	ZM	0	0	F	ZW	-1	1651	1620	0	0	44	51
1999	09	11	SA	ZM	2	1	F	ZW	9	1660	1611	0	ŌłÆ1	44	52
1999	09	18	ZA	SA	1	0	AAC		22	1619	1638	+4	ŌłÆ3	51	47
1999	09	30	SA	ZA	0	0	AAC		-8	1630	1627	ŌłÆ1	0	48	51
2000	05	21	LB	SA	0	0	F		3	1418	1627	+1	0	102	53
2000	05	24	SK	SA	1	1	F		-5	1692	1632	0	+1	40	52
2000	05	31	HU	SA	2	2	F		-2	1614	1634	ŌłÆ1	0	56	52
2000	06	03	SI	SA	2	0	F		11	1632	1623	+2	ŌłÆ2	52	54
2000	09	24	SA	SY	2	1	F		5	1628	1537	0	ŌłÆ1	55	66
2000	09	26	SA	SY	3	0	F		9	1637	1528	+2	ŌłÆ4	53	70
2000	09	28	SA	AE	6	1	F		9	1646	1525	+2	ŌłÆ6	51	72
2000	10	02	JO	SA	1	0	F		13	1466	1633	+2	ŌłÆ3	84	54
2000	10	05	SA	CN	2	0	F	JO	18	1651	1692	+4	ŌłÆ4	50	39
2000	10	07	SA	KZ	1	0	F	JO	5	1656	1447	ŌłÆ1	ŌłÆ3	51	91
2000	10	14	JP	SA	4	1	AC	LB	42	1708	1614	+9	ŌłÆ6	38	57
2000	10	17	QA	SA	0	0	AC	LB	9	1499	1605	+4	0	77	58
2000	10	20	SA	UZ	5	0	AC	LB	35	1640	1459	+4	ŌłÆ4	54	84
2000	10	24	SA	KW	3	2	AC	LB	25	1665	1621	+7	ŌłÆ4	47	56
2000	10	26	SA	KR	2	1	AC	LB	32	1697	1738	+5	ŌłÆ7	42	30
2000	10	29	JP	SA	1	0	AC	LB	19	1799	1678	+1	ŌłÆ2	21	44
2001	01	30	SA	SY	1	0	F		4	1682	1513	+1	ŌłÆ2	45	75
2001	02	03	SA	UG	3	1	F		4	1686	1427	0	0	45	94
2001	02	08	SA	MN	6	0	WQ		0	1686	859	0	0	45	203
2001	02	10	SA	BD	3	0	WQ		1	1687	1030	+1	0	44	186
2001	02	12	SA	VN	5	0	WQ		3	1690	1241	0	ŌłÆ3	44	145
2001	02	15	SA	MN	6	0	WQ		0	1690	836	0	0	44	205
2001	02	17	SA	BD	6	0	WQ		1	1691	1029	0	0	44	186
2001	02	19	SA	VN	4	0	WQ		3	1694	1263	+3	+1	41	138
2001	07	10	SG	SA	0	3	F		-4	1242	1698	ŌłÆ1	0	146	36
2001	07	19	MY	SA	0	4	F		-5	1281	1703	ŌłÆ3	+1	136	38
2001	07	23	SA	KP	1	0	F	MY	4	1707	1456	+2	0	37	87
2001	08	01	SA	MK	1	1	F		-7	1700	1518	ŌłÆ1	+3	39	70
2001	08	05	SA	QA	1	2	F		-16	1684	1597	ŌłÆ4	+2	43	58
2001	08	08	SA	AE	1	0	F	QA	4	1688	1459	+2	ŌłÆ1	41	89
2001	08	17	SA	BH	1	1	WQ		-16	1672	1408	ŌłÆ5	+5	47	104
2001	08	24	IR	SA	2	0	WQ		17	1754	1655	+2	ŌłÆ3	28	50
2001	08	31	SA	IQ	1	0	WQ	BH	15	1670	1556	+3	ŌłÆ4	47	65
2001	09	07	SA	AE	0	2	F		-26	1644	1475	ŌłÆ5	+7	51	85
2001	09	15	TH	SA	1	3	WQ		-26	1477	1670	ŌłÆ7	+5	84	46
2001	09	21	BH	SA	0	4	WQ		-26	1435	1696	ŌłÆ7	+4	98	42
2001	09	28	SA	IR	2	2	WQ		-3	1693	1746	ŌłÆ1	0	43	30
2001	10	05	SA	IQ	2	1	WQ	JO	12	1705	1544	+2	ŌłÆ1	41	64
2001	10	21	SA	TH	4	1	WQ		8	1713	1437	+3	ŌłÆ2	39	98
2001	12	30	SA	ZW	0	2	F		-26	1687	1501	ŌłÆ3	+5	42	80
2002	01	10	SA	IS	1	0	F		5	1692	1596	0	ŌłÆ1	42	56
2002	01	16	SA	KW	1	1	GLF		-11	1681	1577	0	+3	42	61
2002	01	20	SA	BH	3	1	GLF		9	1690	1479	+1	ŌłÆ2	41	84
2002	01	24	SA	AE	1	0	GLF		5	1695	1465	+1	0	41	87
2002	01	27	SA	OM	2	0	GLF		7	1702	1428	0	ŌłÆ1	41	99
2002	01	30	SA	QA	3	1	GLF		14	1716	1580	+2	ŌłÆ2	39	59
2002	02	06	SA	BR	0	1	F		-9	1707	1847	ŌłÆ1	0	39	15
2002	02	13	SA	DK	0	1	F		-9	1698	1858	ŌłÆ1	0	41	14
2002	03	14	EE	SA	2	0	F	IT	27	1373	1671	+8	ŌłÆ4	113	45
2002	03	20	SA	ZA	1	0	F	IT	8	1679	1598	+1	0	44	54
2002	03	27	SA	UY	3	2	F		10	1689	1783	+1	0	43	25
2002	05	14	SA	SN	3	2	F		7	1696	1686	+2	ŌłÆ1	41	43
2002	06	01	DE	SA	8	0	WC	JP	38	1908	1658	+3	ŌłÆ6	8	47
2002	06	06	CM	SA	1	0	WC	JP	18	1828	1640	+2	ŌłÆ3	21	50
2002	06	11	IE	SA	3	0	WC	JP	22	1893	1618	+4	ŌłÆ3	11	52
2002	12	13	SA	LB	1	1	F		-7	1611	1400	ŌłÆ3	+2	54	108
2002	12	17	SA	BH	2	1	ARC	KW	11	1622	1435	+3	ŌłÆ7	51	101
2002	12	19	SA	LB	1	0	ARC	KW	9	1631	1391	+1	ŌłÆ3	50	110
2002	12	24	SA	SY	3	0	ARC	KW	17	1648	1417	+1	ŌłÆ3	49	104
2002	12	26	SA	YE	2	2	ARC	KW	-18	1630	1187	ŌłÆ1	+2	50	156
2002	12	28	SA	MA	2	0	ARC	KW	26	1656	1553	+1	ŌłÆ3	49	64
2002	12	30	SA	BH	1	0	ARC	KW	11	1667	1483	+2	ŌłÆ4	47	83
2003	04	30	LI	SA	1	0	F		19	1087	1648	+4	ŌłÆ2	176	48
2003	09	30	SA	SY	1	1	F		-7	1641	1427	ŌłÆ4	+1	52	101
2003	10	06	SA	YE	7	0	SQ		3	1644	1178	+1	ŌłÆ1	51	160
2003	10	08	SA	BT	6	0	SQ		0	1644	588	0	0	51	224
2003	10	10	SA	ID	5	0	SQ		8	1652	1362	+3	ŌłÆ1	48	117
2003	10	13	SA	YE	3	1	SQ		2	1654	1160	+2	0	47	161
2003	10	15	SA	BT	4	0	SQ		0	1654	584	0	0	47	224
2003	10	17	SA	ID	6	0	SQ		8	1662	1344	+1	ŌłÆ2	46	124
2003	12	17	SA	EE	1	1	F		-8	1654	1422	ŌłÆ1	+5	48	102
2003	12	20	SA	AZ	1	0	F		2	1656	1347	0	0	48	122
2003	12	26	SA	AE	2	0	GLF	KW	14	1670	1432	+4	ŌłÆ4	44	97
2003	12	29	QA	SA	0	0	GLF	KW	9	1521	1661	+6	ŌłÆ3	72	47
2004	01	01	SA	BH	1	0	GLF	KW	12	1673	1511	+3	ŌłÆ6	44	78
2004	01	04	KW	SA	1	1	GLF		3	1527	1670	0	0	73	44
2004	01	06	SA	OM	2	1	GLF	KW	13	1683	1524	+2	ŌłÆ4	42	74
2004	01	08	SA	YE	2	0	GLF	KW	3	1686	1162	0	ŌłÆ1	42	162
2004	02	18	SA	ID	3	0	WQ		5	1691	1337	+2	0	40	126
2004	03	31	LK	SA	0	1	WQ		-1	959	1692	ŌłÆ1	0	192	40
2004	06	09	SA	TM	3	0	WQ		9	1701	1453	+4	ŌłÆ4	38	91
2004	07	18	SA	TM	2	2	AC	CN	-15	1686	1468	ŌłÆ3	+9	36	88
2004	07	22	UZ	SA	1	0	AC	CN	35	1568	1651	+6	ŌłÆ12	65	48
2004	07	26	IQ	SA	2	1	AC	CN	34	1558	1617	+6	ŌłÆ9	69	57
2004	09	01	SA	KW	1	1	F		-6	1611	1461	0	+1	59	91
2004	09	08	TM	SA	0	1	WQ		-15	1413	1626	ŌłÆ1	+2	102	56
2004	10	06	SA	SY	2	2	F		-6	1620	1482	ŌłÆ4	+2	60	86
2004	10	12	ID	SA	1	3	WQ		-13	1287	1633	ŌłÆ2	+4	132	52
2004	11	17	SA	LK	3	0	WQ		1	1634	983	0	0	52	191
2004	12	11	KW	SA	2	1	GLF	QA	26	1549	1608	+6	ŌłÆ7	69	60
2004	12	14	SA	YE	2	0	GLF	QA	6	1614	1209	+2	ŌłÆ2	58	152
2004	12	17	BH	SA	3	0	GLF	QA	42	1584	1572	+7	ŌłÆ10	64	67
2005	01	25	SA	TJ	3	0	F		5	1577	1362	0	ŌłÆ2	68	113
2005	01	29	SA	TM	1	0	F		3	1580	1364	0	ŌłÆ1	68	112
2005	01	30	SA	TM	1	2	F		-17	1563	1381	0	+6	68	106
2005	02	02	HU	SA	0	0	F	TR	-1	1607	1564	0	0	61	68
2005	02	09	UZ	SA	1	1	WQ		-8	1606	1572	ŌłÆ3	ŌłÆ1	60	69
2005	03	14	SA	EG	0	1	F		-10	1562	1689	0	+2	69	39
2005	03	18	SA	FI	1	4	F		-15	1547	1727	ŌłÆ1	+2	70	32
2005	03	25	SA	KR	2	0	WQ		35	1582	1676	+2	ŌłÆ9	68	44
2005	03	30	KW	SA	0	0	WQ		-3	1527	1585	ŌłÆ3	+1	74	66
2005	04	09	SA	YE	4	0	ILG		4	1589	1196	+2	ŌłÆ1	64	156
2005	04	11	SA	PS	3	0	ILG		6	1595	1270	0	ŌłÆ1	64	138
2005	04	16	SA	OM	2	1	ILG		17	1612	1617	+9	ŌłÆ1	55	54
2005	05	27	SA	BH	1	1	F		-3	1609	1612	ŌłÆ1	+1	56	55
2005	06	03	SA	KW	3	0	WQ		18	1627	1501	+2	ŌłÆ6	54	81
2005	06	08	SA	UZ	3	0	WQ		21	1648	1556	+2	ŌłÆ3	52	70
2005	08	17	KR	SA	0	1	WQ		-27	1648	1675	ŌłÆ7	+7	54	47
2005	11	14	SA	GH	1	3	F		-23	1652	1602	ŌłÆ5	+4	52	60
2005	12	03	SA	PS	2	0	WAG	QA	6	1658	1250	0	0	52	140
2005	12	05	IQ	SA	5	1	WAG	QA	50	1584	1608	+11	ŌłÆ3	62	55
2005	12	08	IQ	SA	2	0	WAG	QA	32	1616	1576	+7	ŌłÆ11	55	66
2005	12	10	IR	SA	2	1	WAG	QA	8	1828	1568	+1	0	19	66
2006	01	18	SA	SE	1	1	F		6	1574	1897	0	0	66	10
2006	01	21	SA	FI	1	1	LGC		-1	1573	1660	+1	+1	65	50
2006	01	25	SA	GR	1	1	LGC		5	1578	1801	+2	0	62	23
2006	01	27	SA	LB	1	2	F		-17	1561	1366	ŌłÆ6	+4	68	110
2006	02	14	SA	SY	1	1	F		-4	1557	1513	ŌłÆ1	0	69	78
2006	02	22	YE	SA	0	4	SQ		-14	1182	1571	ŌłÆ5	+4	161	65
2006	03	01	PT	SA	3	0	F	DE	4	1914	1567	0	ŌłÆ1	9	66
2006	03	15	SA	IQ	2	2	F		-3	1564	1571	ŌłÆ1	0	67	65
2006	03	28	SA	PL	1	2	F		-5	1559	1842	ŌłÆ1	+2	68	16
2006	05	11	BE	SA	2	1	F	NL	6	1705	1553	+1	ŌłÆ2	42	71
2006	05	14	SA	TG	1	0	F	NL	8	1561	1484	+2	ŌłÆ1	69	86
2006	05	26	CZ	SA	2	0	F	AT	3	1967	1558	0	ŌłÆ1	4	70
2006	05	31	TR	SA	1	0	F	DE	4	1825	1554	+1	ŌłÆ1	18	71
2006	06	14	SA	TN	2	2	WC	DE	12	1566	1691	+5	ŌłÆ1	67	46
2006	06	19	UA	SA	4	0	WC	DE	28	1788	1538	+5	ŌłÆ5	24	73
2006	06	23	ES	SA	1	0	WC	DE	4	2011	1534	0	ŌłÆ1	3	74
2006	08	09	SA	BH	1	0	F		6	1540	1486	+1	0	73	86
2006	08	16	IN	SA	0	3	SQ		-7	1056	1547	ŌłÆ1	+1	181	72
2006	08	27	SA	AE	1	0	F		7	1554	1522	+2	0	70	77
2006	09	03	SA	JP	1	0	SQ		25	1579	1719	+4	ŌłÆ8	66	40
2006	09	06	SA	IN	7	1	SQ		2	1581	1054	0	0	66	180
2006	10	11	SA	YE	5	0	SQ		5	1586	1211	+2	0	61	153
2006	11	08	SA	JO	2	1	F		6	1592	1522	0	0	61	78
2006	11	15	JP	SA	3	1	SQ		13	1726	1579	+2	0	40	61
2007	01	08	SA	GM	3	0	F		4	1583	1342	0	ŌłÆ1	61	120
2007	01	11	SA	SY	2	1	F		5	1588	1471	+1	ŌłÆ2	60	92
2007	01	18	SA	BH	2	1	GLF	AE	15	1603	1475	+3	ŌłÆ3	57	89
2007	01	21	QA	SA	1	1	GLF	AE	4	1532	1599	+1	ŌłÆ1	77	58
2007	01	24	SA	IQ	1	0	GLF	AE	21	1620	1588	+4	ŌłÆ6	55	61
2007	01	27	AE	SA	1	0	GLF		22	1501	1598	+5	ŌłÆ3	85	58
2007	06	15	KO	SA	1	0	F	TR	16	1390	1582	+3	ŌłÆ4	108	61
2007	06	24	SA	AE	2	0	F	SG	13	1595	1515	+2	ŌłÆ4	60	79
2007	06	27	SG	SA	1	2	FT		-8	1311	1603	ŌłÆ2	+2	128	58
2007	07	01	OM	SA	1	1	FT	SG	0	1597	1603	0	0	60	58
2007	07	04	KP	SA	1	1	F	SG	4	1474	1599	+2	0	89	57
2007	07	11	SA	KR	1	1	AC	ID	6	1605	1682	+1	0	58	43
2007	07	14	ID	SA	1	2	AC		-14	1329	1619	ŌłÆ4	+2	124	56
2007	07	18	SA	BH	4	0	AC	ID	29	1648	1454	+8	ŌłÆ5	48	92
2007	07	22	SA	UZ	2	1	AC	ID	22	1670	1584	+5	ŌłÆ2	43	61
2007	07	25	SA	JP	3	2	AC	VN	31	1701	1722	+1	ŌłÆ6	42	39
2007	07	29	IQ	SA	1	0	AC	ID	29	1674	1672	+9	ŌłÆ2	43	44
2007	09	11	SA	GH	5	0	F		20	1692	1754	+1	ŌłÆ2	43	30
2007	11	02	SA	NA	1	0	F		1	1693	1279	0	0	40	135
2007	11	09	SA	EE	2	0	F		3	1696	1378	0	0	40	111
2007	11	14	SA	SD	2	0	PAR	EG	11	1707	1417	0	ŌłÆ1	40	100
2007	11	18	LY	SA	2	1	PAR	EG	33	1483	1674	+8	ŌłÆ1	87	41
2007	11	21	SA	AE	1	1	PAR	EG	-11	1663	1471	ŌłÆ6	ŌłÆ7	47	99
2007	11	25	EG	SA	2	1	PAR		13	1699	1650	+1	ŌłÆ3	40	50
2008	01	30	SA	LU	2	1	F		0	1650	1038	0	0	49	185
2008	02	06	SA	SG	2	0	WQ		6	1656	1363	+3	0	46	114
2008	03	26	UZ	SA	3	0	WQ		33	1612	1623	+6	ŌłÆ7	55	53
2008	05	24	SA	SY	1	0	F		5	1628	1536	+2	0	51	75
2008	05	27	SA	KW	2	1	F		3	1631	1423	0	0	51	102
2008	06	02	SA	LB	4	1	WQ		6	1637	1313	+1	ŌłÆ3	49	124
2008	06	07	SA	LB	2	1	WQ		3	1640	1310	0	ŌłÆ2	49	126
2008	06	14	SG	SA	0	2	WQ		-15	1336	1655	ŌłÆ1	+2	119	47
2008	06	22	SA	UZ	4	0	WQ		26	1681	1619	+4	ŌłÆ3	43	53
2008	08	20	PY	SA	1	1	F	CH	-3	1799	1684	ŌłÆ1	+1	20	42
2008	08	30	SA	QA	2	1	F		3	1687	1501	0	0	42	87
2008	09	06	SA	IR	1	1	WQ		0	1687	1786	ŌłÆ1	+1	43	22
2008	09	10	AE	SA	1	2	WQ		-11	1403	1698	0	0	107	43
2008	11	08	SA	TH	1	0	F		2	1700	1419	+2	ŌłÆ3	41	103
2008	11	12	SA	BH	4	0	F		6	1706	1521	+1	ŌłÆ2	40	81
2008	11	19	SA	KR	0	2	WQ		-40	1666	1725	ŌłÆ7	+7	47	37
2008	12	23	BH	SA	1	0	F		12	1520	1654	+6	ŌłÆ2	81	49
2008	12	27	SA	SY	1	1	F		-6	1648	1535	ŌłÆ1	+4	50	74
2009	01	05	QA	SA	0	0	GLF	OM	8	1518	1640	+1	0	84	50
2009	01	08	SA	YE	6	0	GLF	OM	6	1646	1196	0	0	50	156
2009	01	11	SA	AE	3	0	GLF	OM	16	1662	1420	+3	ŌłÆ4	47	104
2009	01	14	SA	KW	1	0	GLF	OM	10	1672	1454	+2	ŌłÆ4	45	95
2009	01	17	OM	SA	0	0	GLF		-2	1607	1674	0	0	58	45
2009	02	05	SA	TH	2	1	F	JP	4	1678	1450	0	ŌłÆ1	45	94
2009	02	11	KP	SA	1	0	WQ		25	1521	1653	+6	ŌłÆ4	81	49
2009	03	22	SA	IQ	0	0	F		-6	1647	1533	0	+3	49	76
2009	03	28	IR	SA	1	2	WQ		-31	1736	1678	ŌłÆ4	+3	32	46
2009	04	01	SA	AE	3	2	WQ		4	1682	1405	0	ŌłÆ1	47	106
2009	05	26	QA	SA	2	1	F		13	1506	1669	+3	0	83	47
2009	06	04	CN	SA	1	4	F		-16	1532	1685	ŌłÆ6	+1	78	46
2009	06	10	KR	SA	0	0	WQ		-9	1734	1694	ŌłÆ2	+1	33	46
2009	06	17	SA	KP	0	0	WQ		-13	1681	1548	0	+6	46	71
2009	08	12	OM	SA	2	1	F		9	1611	1672	+1	0	57	46
2009	08	30	SA	MY	2	1	F		1	1673	1151	0	0	46	165
2009	09	05	BH	SA	0	0	WQ		-3	1626	1676	ŌłÆ1	0	54	46
2009	09	09	SA	BH	2	2	WQ		-8	1668	1634	ŌłÆ1	+2	47	51
2009	10	14	TN	SA	0	1	F		-13	1649	1681	ŌłÆ3	+1	51	45
2009	11	13	SA	BY	2	1	F		5	1686	1582	0	ŌłÆ1	45	63
2009	11	14	SA	BY	1	1	F		-5	1681	1587	+1	+1	44	62
2010	05	21	SA	CD	2	0	F	AT	5	1686	1414	+1	ŌłÆ2	42	109
2010	05	25	NG	SA	0	0	F	AT	-1	1703	1687	0	0	39	42
2010	05	29	ES	SA	3	2	F	AT	2	2107	1685	+1	0	1	42
2010	08	11	SA	TG	1	0	F		2	1687	1427	0	ŌłÆ1	42	105
2010	10	09	SA	UZ	4	0	F		6	1693	1486	0	ŌłÆ2	42	91
2010	10	12	BG	SA	2	0	F	TR	15	1715	1678	+2	+1	35	41
2010	10	12	SA	GA	1	0	F	TR	7	1685	1575	+1	ŌłÆ1	41	67
2010	11	16	SA	UG	0	0	F	AE	-4	1681	1560	ŌłÆ2	+1	43	72
2010	11	17	GH	SA	0	0	F	AE	-2	1741	1683	0	+1	28	42
2010	11	22	YE	SA	0	4	GLF		-17	1349	1700	ŌłÆ1	+3	120	39
2010	11	25	KW	SA	0	0	GLF	YE	8	1571	1692	+4	ŌłÆ1	67	40
2010	11	28	QA	SA	1	1	GLF	YE	10	1507	1682	+4	ŌłÆ2	87	42
2010	12	02	SA	AE	1	0	GLF	YE	10	1692	1470	+2	ŌłÆ2	40	95
2010	12	05	KW	SA	1	0	GLF	YE	26	1618	1666	+5	ŌłÆ5	56	45
2010	12	28	SA	IQ	0	1	F		-15	1651	1589	ŌłÆ5	+5	49	62
2010	12	31	BH	SA	0	1	F		-8	1468	1659	ŌłÆ4	+3	97	46
2011	01	04	SA	AO	0	0	F		-7	1652	1461	ŌłÆ3	+5	49	97
2011	01	09	SY	SA	2	1	AC	QA	34	1552	1618	+8	ŌłÆ6	75	56
2011	01	13	JO	SA	1	0	AC	QA	34	1524	1584	+10	ŌłÆ6	83	62
2011	01	17	JP	SA	5	0	AC	QA	25	1803	1559	+3	ŌłÆ9	17	72
2011	07	13	JO	SA	1	1	FT		-3	1518	1562	ŌłÆ1	+1	85	66
2011	07	16	KW	SA	1	0	FT	JO	14	1592	1548	+1	ŌłÆ5	60	71
2011	07	23	SA	HK	3	0	WQ		5	1553	1203	0	ŌłÆ2	71	156
2011	07	28	HK	SA	0	5	WQ		-15	1188	1568	ŌłÆ2	+4	158	67
2011	09	02	OM	SA	0	0	WQ		-5	1551	1573	ŌłÆ1	+1	72	66
2011	09	06	SA	AU	1	3	WQ		-18	1555	1837	ŌłÆ6	+2	72	14
2011	10	07	ID	SA	0	0	F	MY	6	1302	1549	+2	0	131	72
2011	10	11	TH	SA	0	0	WQ		1	1431	1548	+1	ŌłÆ1	101	73
2011	11	11	SA	TH	3	0	WQ		14	1562	1394	+2	ŌłÆ3	71	107
2011	11	15	SA	OM	0	0	WQ		-7	1555	1547	+1	0	70	74
2011	12	11	OM	SA	0	0	PAR	QA	0	1547	1555	0	ŌłÆ1	74	71
2011	12	17	KW	SA	2	0	PAR	QA	28	1606	1527	+7	ŌłÆ6	58	78
2012	02	29	AU	SA	4	2	WQ		6	1823	1521	0	ŌłÆ4	16	82
2012	06	22	SA	KW	4	0	ARC		33	1554	1545	+11	ŌłÆ10	72	75
2012	06	28	SA	PS	2	2	ARC		-16	1538	1291	ŌłÆ6	+3	79	137
2012	07	03	SA	LY	0	2	ARC		-36	1502	1599	ŌłÆ8	+10	87	61
2012	07	05	SA	IQ	0	1	ARC		-21	1481	1612	ŌłÆ5	+5	92	58
2012	09	07	ES	SA	5	0	F		0	2154	1481	0	ŌłÆ1	1	92
2012	09	11	GA	SA	1	0	F	FR	8	1559	1473	0	ŌłÆ1	71	92
2012	10	14	SA	CG	3	2	F		5	1478	1379	+1	ŌłÆ2	93	114
2012	11	14	SA	AR	0	0	F		8	1486	2000	+2	0	90	4
2012	12	05	SA	ZM	2	1	F		11	1497	1601	+3	ŌłÆ1	88	57
2012	12	09	IR	SA	0	0	WAH	KW	-9	1663	1506	ŌłÆ1	0	45	86
2012	12	12	SA	YE	1	0	WAH	KW	9	1515	1283	+5	0	81	140
2012	12	15	BH	SA	1	0	WAH	KW	22	1505	1493	+6	ŌłÆ8	86	89
2013	01	06	IQ	SA	2	0	GLF	BH	22	1613	1471	+6	ŌłÆ4	55	93
2013	01	09	SA	YE	2	0	GLF	BH	13	1484	1238	0	ŌłÆ5	92	148
2013	01	12	KW	SA	1	0	GLF	BH	20	1511	1464	+6	ŌłÆ3	82	94
2013	02	06	SA	CN	2	1	SQ		23	1487	1593	+2	ŌłÆ6	91	60
2013	03	17	MY	SA	1	4	F		-8	1181	1495	ŌłÆ2	+3	161	88
2013	03	23	ID	SA	1	2	SQ		-11	1218	1506	ŌłÆ1	+1	150	88
2013	09	05	SA	NZ	0	1	OSN		-16	1490	1602	ŌłÆ1	+3	88	58
2013	09	09	SA	TT	1	3	OSN		-31	1459	1478	ŌłÆ6	+6	96	92
2013	10	15	SA	IQ	2	0	SQ	JO	37	1496	1509	+8	ŌłÆ9	86	83
2013	11	15	SA	IQ	2	1	SQ		16	1512	1502	+4	ŌłÆ5	82	85
2013	11	19	CN	SA	0	0	SQ		-10	1592	1522	ŌłÆ1	+5	58	76
2013	12	28	PS	SA	0	0	WAH	QA	11	1318	1511	+1	ŌłÆ5	129	81
2013	12	31	QA	SA	4	1	WAH		29	1501	1482	+7	ŌłÆ9	86	90
2014	03	05	SA	ID	1	0	SQ		5	1487	1225	+1	ŌłÆ1	89	151
2014	05	24	MD	SA	4	0	F	ES	21	1457	1466	+7	ŌłÆ6	97	95
2014	05	29	GE	SA	2	0	F	ES	14	1511	1452	+4	ŌłÆ6	83	100
2014	09	08	AU	SA	3	2	F	EN	5	1666	1447	ŌłÆ1	0	45	100
2014	10	10	SA	UY	1	1	F		8	1455	1890	+1	ŌłÆ2	97	12
2014	10	14	SA	LB	1	1	F		-4	1451	1415	ŌłÆ1	+2	99	106
2014	11	06	SA	PS	2	0	F		6	1457	1321	+1	ŌłÆ1	99	127
2014	11	13	SA	QA	1	1	GLF		1	1458	1576	0	0	99	64
2014	11	16	SA	BH	3	0	GLF		27	1485	1450	+5	ŌłÆ6	90	99
2014	11	19	SA	YE	1	0	GLF		4	1489	1203	+1	0	89	158
2014	11	23	SA	AE	3	2	GLF		23	1512	1617	+6	ŌłÆ8	83	59
2014	11	26	SA	QA	1	2	GLF		-21	1491	1609	ŌłÆ6	+5	89	60
2014	12	30	BH	SA	4	1	F	AU	19	1475	1472	+5	ŌłÆ5	93	94
2015	01	04	KR	SA	2	0	F	AU	9	1642	1463	+3	ŌłÆ3	51	97
2015	01	10	CN	SA	1	0	AC	AU	17	1588	1446	+1	ŌłÆ2	66	99
2015	01	14	SA	KP	4	1	AC	AU	52	1498	1463	+12	ŌłÆ17	87	97
2015	01	18	UZ	SA	3	1	AC	AU	23	1658	1475	+4	ŌłÆ5	50	92
2015	03	30	SA	JO	2	1	F		8	1483	1487	+1	ŌłÆ4	90	89
2015	06	11	SA	PS	3	2	WQS		6	1489	1283	+2	0	86	134
2015	09	03	SA	TL	7	0	WQS		1	1490	724	+1	ŌłÆ1	86	218
2015	09	08	MY	SA	1	2	WQS		-8	1138	1498	ŌłÆ2	+2	173	85
2015	10	08	SA	AE	2	1	WQS		23	1521	1621	+7	ŌłÆ4	79	55
2015	11	09	PS	SA	0	0	WQS	JO	10	1335	1511	+2	ŌłÆ2	126	79
2015	11	17	TL	SA	0	10	WQS		-2	734	1513	0	0	215	81
2016	03	24	SA	MY	2	0	WQS		3	1516	1120	0	0	81	176
2016	03	29	AE	SA	1	1	WQS		-11	1631	1527	ŌłÆ2	+3	50	76
2016	08	24	SA	LA	4	0	F	QA	1	1528	794	ŌłÆ1	ŌłÆ1	76	210
2016	09	01	SA	TH	1	0	WQ		10	1538	1419	+2	ŌłÆ4	74	106
2016	09	06	IQ	SA	1	2	WQ	MY	-17	1460	1555	ŌłÆ8	+5	95	71
2016	10	06	SA	AU	2	2	WQ		4	1559	1730	+3	ŌłÆ2	68	35
2016	10	11	SA	AE	3	0	WQ		28	1587	1562	+7	ŌłÆ8	61	67
2016	11	15	JP	SA	2	1	WQ		7	1754	1580	+3	ŌłÆ3	30	65
2017	01	14	SA	KH	7	2	F	AE	0	1580	807	0	0	65	210
2017	03	23	TH	SA	0	3	WQ		-29	1393	1609	ŌłÆ6	+7	110	59
2017	03	28	SA	IQ	1	0	WQ		9	1618	1495	+2	0	57	84
2017	06	08	AU	SA	3	2	WQ		10	1723	1608	+1	ŌłÆ2	35	58
2017	08	29	AE	SA	2	1	WQ		18	1564	1590	+3	ŌłÆ6	70	63
2017	09	05	SA	JP	1	0	WQ		25	1615	1756	+3	ŌłÆ6	58	31
2017	10	07	SA	JM	5	2	F		11	1626	1564	+4	ŌłÆ3	55	71
2017	10	10	SA	GH	0	3	F		-24	1602	1617	ŌłÆ7	+6	62	57
2017	11	07	SA	LV	2	0	F	PT	6	1608	1369	0	ŌłÆ5	62	117
2017	11	10	PT	SA	3	0	F		2	2001	1606	0	0	5	61
2017	11	13	BG	SA	1	0	F	PT	10	1620	1596	+3	ŌłÆ4	55	64
2017	12	22	KW	SA	1	2	GLF		-18	1450	1614	ŌłÆ7	+10	95	55
2017	12	25	SA	AE	0	0	GLF	KW	-3	1611	1565	ŌłÆ2	+2	57	68
2017	12	28	OM	SA	2	0	GLF	KW	41	1516	1570	+9	ŌłÆ10	78	67
2018	02	26	SA	MD	3	0	F		4	1574	1326	+1	ŌłÆ1	67	123
2018	02	28	IQ	SA	4	1	F		13	1585	1561	+2	ŌłÆ4	66	71
2018	03	23	SA	UA	1	1	F	ES	5	1566	1733	0	ŌłÆ1	68	33
2018	03	27	BE	SA	4	0	F		2	1929	1564	0	0	9	67
2018	05	09	SA	DZ	2	0	F	ES	14	1578	1521	+2	ŌłÆ4	66	76
2018	05	15	SA	GR	2	0	F	ES	19	1597	1644	+3	ŌłÆ1	63	50
2018	05	28	IT	SA	2	1	F	CH	3	1900	1594	0	ŌłÆ1	12	64
2018	06	03	PE	SA	3	0	F	CH	5	1916	1589	0	ŌłÆ2	10	64
2018	06	08	DE	SA	2	1	F		1	2076	1588	0	0	2	64
2018	06	14	RU	SA	5	0	WC		30	1706	1558	+2	ŌłÆ5	43	69
2018	06	20	UY	SA	1	0	WC	RU	7	1910	1551	+2	ŌłÆ1	9	70
2018	06	25	SA	EG	2	1	WC	RU	35	1586	1569	+7	ŌłÆ10	63	67
2018	09	10	SA	BO	2	2	F		-1	1585	1662	0	0	61	47
2018	10	12	SA	BR	0	2	FT		-3	1582	2123	ŌłÆ1	0	61	1
2018	10	15	SA	IQ	1	1	FT		-5	1577	1565	0	+2	61	64
2018	11	16	SA	YE	1	0	F		1	1578	1196	+1	0	62	166
2018	11	20	JO	SA	1	1	F		0	1469	1578	ŌłÆ1	0	88	62
2018	12	31	SA	KR	0	0	F	AE	5	1583	1778	+1	ŌłÆ1	62	23
2019	01	08	SA	KP	4	0	AC	AE	28	1611	1403	+7	ŌłÆ3	55	103
2019	01	12	SA	LB	2	0	AC	AE	19	1630	1406	+7	ŌłÆ4	49	102
2019	01	17	QA	SA	2	0	AC	AE	42	1626	1588	+13	ŌłÆ13	50	62
2019	01	21	JP	SA	1	0	AC	AE	13	1774	1575	+3	ŌłÆ1	24	63
2019	03	21	AE	SA	2	1	F		10	1487	1565	+2	ŌłÆ2	85	65
2019	03	25	SA	GQ	3	2	F		3	1568	1332	+1	ŌłÆ2	64	125
2019	08	04	KW	SA	2	1	WAH	IQ	28	1458	1540	+5	ŌłÆ4	92	72
2019	08	07	BH	SA	0	0	WAH	IQ	5	1448	1535	+2	0	96	72
2019	08	10	JO	SA	3	0	WAH	IQ	42	1511	1493	+10	ŌłÆ12	76	84
2019	09	05	SA	ML	1	1	F		-1	1492	1542	0	0	84	71
2019	09	10	SA	YE	2	2	WQS	BH	-14	1478	1208	ŌłÆ2	+1	87	157
2019	10	10	SA	SG	3	0	WQS		5	1483	1144	0	0	87	172
2019	10	15	PS	SA	0	0	WQS		-3	1426	1486	ŌłÆ1	+3	98	84
2019	11	14	UZ	SA	2	3	WQS		-31	1570	1517	ŌłÆ6	+9	63	75
2019	11	19	SA	PY	0	0	F		3	1520	1738	ŌłÆ1	ŌłÆ1	76	33
2019	11	27	KW	SA	3	1	GLF	QA	38	1465	1482	+11	ŌłÆ10	89	86
2019	11	30	SA	BH	2	0	GLF	QA	32	1514	1479	+9	ŌłÆ9	77	86
2019	12	02	SA	OM	3	1	GLF	QA	32	1546	1504	+8	ŌłÆ7	69	78
2019	12	05	QA	SA	0	1	GLF		-32	1668	1578	ŌłÆ3	+5	46	64
2019	12	08	BH	SA	1	0	GLF	QA	24	1537	1554	+5	ŌłÆ4	72	68
2020	11	14	SA	JM	3	0	F		14	1568	1570	+4	ŌłÆ2	66	64
2020	11	17	SA	JM	1	2	F		-13	1555	1583	ŌłÆ3	+1	69	63
2021	03	25	SA	KW	1	0	F		4	1559	1401	+2	0	68	102
2021	03	30	SA	PS	5	0	WQS		16	1575	1399	+6	ŌłÆ3	62	103
2021	06	05	SA	YE	3	0	WQS		5	1580	1205	0	ŌłÆ2	64	158
2021	06	11	SA	SG	3	0	WQS		3	1583	1136	+1	ŌłÆ2	63	175
2021	06	15	SA	UZ	3	0	WQS		24	1607	1550	+4	ŌłÆ4	58	70
2021	09	02	SA	VN	3	1	WQ		10	1617	1412	+2	0	56	99
2021	09	07	OM	SA	0	1	WQ		-21	1519	1638	ŌłÆ4	+2	78	52
2021	10	07	SA	JP	1	0	WQ		20	1658	1723	+4	ŌłÆ2	48	35
2021	10	12	SA	CN	3	2	WQ		7	1665	1492	+3	ŌłÆ2	46	82
2021	11	11	AU	SA	0	0	WQ		-10	1747	1675	ŌłÆ1	+1	33	45
2021	11	16	VN	SA	0	1	WQ		-9	1359	1684	ŌłÆ2	+1	112	44
2021	12	01	JO	SA	1	0	ARC	QA	29	1542	1655	+5	ŌłÆ5	73	49
2021	12	04	PS	SA	1	1	ARC	QA	12	1431	1643	+5	ŌłÆ2	93	52
2021	12	07	MA	SA	1	0	ARC	QA	14	1764	1629	+3	ŌłÆ1	30	53
2022	01	27	SA	OM	1	0	WQ		9	1638	1517	+1	ŌłÆ3	53	76
2022	02	01	JP	SA	2	0	WQ		13	1780	1625	+1	ŌłÆ5	29	59
2022	03	24	CN	SA	1	1	WQ	AE	9	1473	1616	+1	ŌłÆ1	85	58
2022	03	29	SA	AU	1	0	WQ		19	1635	1679	+3	ŌłÆ2	54	46
2022	06	05	CO	SA	1	0	F	ES	4	1900	1631	+1	ŌłÆ2	13	55
2022	06	09	VE	SA	1	0	F	ES	9	1686	1622	+2	ŌłÆ1	45	56
2022	09	23	EC	SA	0	0	F	ES	-6	1841	1628	ŌłÆ1	+1	18	57
2022	09	27	SA	US	0	0	F	ES	5	1633	1796	+1	ŌłÆ1	55	25
2022	10	22	SA	NM	1	0	F	AE	8	1641	1556	+1	0	54	68
2022	10	26	AL	SA	1	1	F	AE	3	1544	1638	+1	0	72	54
2022	10	30	HN	SA	0	0	F	AE	5	1471	1633	+3	ŌłÆ1	84	55
2022	11	06	SA	IS	1	0	F	AE	8	1641	1558	+1	0	54	67
2022	11	10	PA	SA	1	1	F	AE	0	1645	1641	0	0	52	54
2022	11	16	SA	HR	0	1	F		-5	1636	1926	0	0	54	13
2022	11	22	SA	AR	2	1	WC	QA	57	1693	2086	+11	0	43	2
2022	11	26	PL	SA	2	0	WC	QA	30	1843	1663	+3	ŌłÆ6	19	50
2022	11	30	MX	SA	2	1	WC	QA	19	1812	1644	0	ŌłÆ3	24	53
2023	01	06	SA	YE	2	0	GLF	IQ	2	1646	1097	+1	ŌłÆ1	53	177
2023	01	09	IQ	SA	2	0	GLF		28	1597	1618	+6	ŌłÆ3	62	56
2023	01	12	OM	SA	2	1	GLF	IQ	22	1598	1596	+4	ŌłÆ7	62	63
2023	03	24	SA	VE	1	2	F		-10	1586	1695	ŌłÆ1	+1	65	44
2023	03	28	SA	BO	1	2	F		-12	1574	1618	ŌłÆ1	+5	67	56
2023	09	08	CR	SA	3	1	F	EN	12	1649	1562	+1	0	50	67
2023	09	12	KR	SA	1	0	F	EN	5	1765	1557	+1	0	30	67
2023	10	13	NG	SA	2	2	F	PT	-2	1615	1559	ŌłÆ1	0	58	67
2023	10	17	ML	SA	3	1	F	PT	13	1629	1546	+7	ŌłÆ2	52	69
2023	11	16	SA	PK	4	0	WQS		1	1547	837	ŌłÆ1	0	70	207
2023	11	21	JO	SA	0	2	WQS		-39	1516	1586	ŌłÆ8	+7	75	63
2024	01	04	SA	LB	1	0	F	QA	3	1589	1310	+1	ŌłÆ2	62	136
2024	01	09	PS	SA	0	0	F	QA	5	1410	1584	+2	0	101	62
2024	01	10	SA	HK	2	0	F	QA	2	1586	1080	0	0	62	175
2024	01	16	SA	OM	2	1	AC	QA	24	1610	1545	+3	ŌłÆ3	59	68
2024	01	21	SA	KG	2	0	AC	QA	8	1618	1237	+3	ŌłÆ1	56	156
2024	01	25	SA	TH	0	0	AC	QA	-13	1605	1431	ŌłÆ4	+2	60	100
2024	01	30	SA	KR	1	1	AC	QA	11	1616	1761	+2	ŌłÆ3	58	30
2024	03	21	SA	TJ	1	0	WQS		5	1621	1381	+3	0	57	108
2024	03	26	TJ	SA	1	1	WQS		8	1389	1613	0	ŌłÆ2	109	59
2024	06	06	PK	SA	0	3	WQS		-1	828	1614	0	+1	206	59
2024	06	11	SA	JO	1	2	WQS		-26	1588	1635	ŌłÆ3	+9	63	53
2024	09	05	SA	ID	1	1	WQ		-15	1573	1348	ŌłÆ5	+4	66	123
2024	09	10	CN	SA	1	2	WQ		-16	1380	1589	ŌłÆ4	+6	110	61
2024	10	10	SA	JP	0	2	WQ		-15	1574	1889	ŌłÆ7	0	68	14
2024	10	15	SA	BH	0	0	WQ		-11	1563	1478	ŌłÆ1	+3	69	85
2024	11	14	AU	SA	0	0	WQ		-13	1729	1576	ŌłÆ5	+1	39	68
2024	11	19	ID	SA	2	0	WQ		40	1393	1536	+12	ŌłÆ11	110	77
2024	12	17	SA	TT	3	1	F		6	1542	1394	+3	ŌłÆ2	74	109
2024	12	22	BH	SA	3	2	GLF	KW	25	1483	1517	+3	ŌłÆ4	85	78
2024	12	25	SA	YE	3	2	GLF	KW	3	1520	1088	0	0	78	176
2024	12	28	SA	IQ	3	1	GLF	KW	39	1559	1584	+8	ŌłÆ7	70	61
2024	12	31	OM	SA	2	1	GLF	KW	23	1535	1536	+3	ŌłÆ5	76	75
2025	03	20	SA	CN	1	0	WQ		9	1545	1416	+3	ŌłÆ3	72	99
2025	03	25	JP	SA	0	0	WQ		-17	1876	1562	0	+6	14	66
2025	05	30	SA	JO	2	0	F		14	1576	1619	+3	ŌłÆ1	65	55
2025	06	05	BH	SA	0	2	WQ		-32	1468	1608	ŌłÆ7	+6	88	58
2025	06	10	SA	AU	1	2	WQ		-17	1591	1776	ŌłÆ2	0	63	31
2025	06	15	SA	HT	1	0	CCH	US	18	1609	1480	+4	ŌłÆ2	59	84
2025	06	19	US	SA	1	0	CCH		12	1715	1597	+3	ŌłÆ4	41	63
2025	06	22	SA	TT	1	1	CCH	US	-13	1584	1407	ŌłÆ2	+6	65	99
2025	06	28	MX	SA	2	0	CCH	US	16	1827	1568	+2	ŌłÆ3	23	68
2025	09	04	SA	NM	2	1	F	CZ	12	1580	1622	+1	ŌłÆ4	67	57
2025	09	08	CZ	SA	1	1	F		-7	1761	1587	0	+2	33	65
2025	10	08	SA	ID	3	2	WQ		5	1592	1350	+1	ŌłÆ2	61	121
2025	10	14	SA	IQ	0	0	WQ		-7	1585	1580	ŌłÆ4	+1	67	68
2025	11	14	SA	CI	1	0	F		8	1593	1591	+2	ŌłÆ1	64	65
2025	11	18	SA	DZ	0	2	F		-15	1578	1717	ŌłÆ3	+3	67	40
2025	12	02	SA	OM	2	1	ARC	QA	14	1592	1461	+2	ŌłÆ3	65	88
2025	12	05	SA	KM	3	1	ARC	QA	14	1606	1373	+2	ŌłÆ2	63	111
2025	12	08	MA	SA	1	0	ARC	QA	9	1826	1597	+1	ŌłÆ1	22	65
2025	12	11	SA	PS	2	1	ARC	QA	14	1611	1469	+3	0	61	86
2025	12	15	JO	SA	1	0	ARC	QA	16	1701	1595	+5	ŌłÆ2	44	63
2025	12	18	SA	AE	0	0	ARC	QA	-3	1592	1540	0	0	64	76
2026	03	27	SA	EG	0	4	F		-21	1571	1680	ŌłÆ4	+2	68	51
2026	03	31	RS	SA	2	1	F		3	1769	1568	+1	ŌłÆ1	28	71