1956	05	13	SD	ET	5	1	F		4	1704	1446	ŌłÆ	ŌłÆ3	24	78
1956	11	16	ET	SD	2	1	F		14	1460	1690	+6	ŌłÆ4	75	27
1957	02	10	SD	EG	1	2	AR		-38	1652	1631	ŌłÆ9	+7	35	40
1957	02	17	SD	EG	3	4	F		-13	1639	1670	ŌłÆ4	+3	40	32
1957	03	08	SD	SY	1	0	WQ		3	1642	1311	+1	0	39	100
1957	05	24	SY	SD	1	1	WQ		12	1323	1630	0	ŌłÆ2	101	40
1957	07	21	CN	SD	4	1	F		20	1492	1610	+5	ŌłÆ2	66	44
1959	05	25	SD	ET	1	0	AR	RR	13	1623	1407	+1	ŌłÆ3	41	88
1959	05	29	RR	SD	2	1	AR		17	1661	1606	+5	ŌłÆ2	35	43
1959	11	23	SD	ET	3	1	OQ		11	1617	1427	+1	ŌłÆ1	43	83
1959	12	09	SD	UG	1	0	OQ		8	1625	1473	+1	ŌłÆ2	42	75
1959	12	20	ET	SD	1	1	OQ		6	1430	1619	+3	0	83	42
1960	01	03	UG	SD	0	1	OQ		-18	1458	1637	ŌłÆ3	+3	77	39
1960	02	14	SD	TN	1	0	OQ		10	1647	1540	+1	0	38	55
1960	02	26	SD	RR	0	1	OQ		-20	1627	1760	ŌłÆ4	+4	42	21
1960	04	17	TN	SD	2	0	OQ		29	1566	1598	+3	ŌłÆ3	53	45
1960	04	22	RR	SD	3	0	OQ		13	1766	1585	+2	ŌłÆ2	21	46
1963	00	00	ET	SD	4	0	F		18	1524	1567	+1	ŌłÆ4	66	54
1963	06	01	KE	SD	0	1	FQ		-18	1407	1585	ŌłÆ5	+4	91	51
1963	06	30	SD	KE	5	0	FQ		13	1598	1385	+2	ŌłÆ5	49	98
1963	09	18	BG	SD	1	1	F		-7	1769	1605	ŌłÆ1	+1	21	47
1963	11	26	EG	SD	2	2	AR	GH	-9	1734	1614	0	+3	25	45
1963	11	28	SD	NG	4	0	AR	GH	45	1659	1555	+11	ŌłÆ10	34	59
1963	12	01	GH	SD	3	0	AR		17	1823	1642	+1	ŌłÆ4	14	38
1964	03	15	LB	SD	1	1	TIF	LY	9	1418	1633	+1	ŌłÆ4	87	42
1964	03	17	LY	SD	1	0	TIF		19	1463	1614	+4	ŌłÆ3	78	45
1964	03	27	EG	SD	4	1	OQ		13	1777	1601	+2	ŌłÆ1	19	46
1964	04	17	SD	EG	3	3	OQ		4	1605	1773	+1	ŌłÆ1	45	20
1965	03	27	SD	ET	2	1	FQ		11	1616	1520	0	ŌłÆ3	44	65
1965	04	11	SD	KE	4	2	FQ		9	1625	1401	+1	ŌłÆ2	43	92
1965	04	12	SD	KE	4	3	F		3	1628	1398	0	ŌłÆ1	43	93
1965	04	18	ET	SD	1	0	FQ		20	1550	1608	+5	ŌłÆ4	57	46
1965	04	25	KE	SD	1	1	FQ		6	1404	1602	+1	0	92	46
1965	05	01	UG	SD	1	3	FQ		-21	1379	1623	ŌłÆ5	+3	98	43
1965	08	22	SD	UG	4	1	FQ		9	1632	1379	0	ŌłÆ2	41	99
1965	09	03	SD	LY	4	2	PAR	EG	19	1651	1481	+4	ŌłÆ5	37	76
1965	09	04	SD	OM	15	0	PAR	EG	2	1653	894	0	0	37	160
1965	09	07	SD	SY	2	0	PAR	EG	11	1664	1375	+2	ŌłÆ4	36	99
1965	09	09	SD	PS	2	1	PAR	EG	4	1668	1257	0	0	36	122
1965	09	11	EG	SD	0	0	PAR		-13	1811	1681	ŌłÆ2	+2	16	34
1966	07	02	SD	UG	2	1	EAC	ET	4	1685	1335	+1	ŌłÆ1	34	109
1966	07	04	ET	SD	1	1	EAC		4	1506	1681	+1	ŌłÆ1	66	35
1966	12	10	KE	SD	0	1	IND		-10	1449	1691	ŌłÆ7	+1	85	34
1966	12	12	KE	SD	3	2	IND		21	1470	1670	+8	ŌłÆ3	77	37
1967	01	29	SD	DD	1	2	F		-9	1661	1831	0	+1	36	13
1967	02	21	SD	TZ	1	0	EAC		2	1663	1260	0	0	36	125
1967	02	24	SD	ET	1	1	EAC		-9	1654	1535	ŌłÆ1	0	37	62
1967	02	26	SD	ET	5	3	EAC		10	1664	1525	+2	ŌłÆ1	35	63
1967	02	28	ET	SD	2	1	F		11	1536	1653	+4	ŌłÆ2	59	37
1967	03	07	LY	SD	1	1	TIF		4	1472	1649	+1	ŌłÆ1	76	38
1967	03	10	IQ	SD	2	2	TIF	LY	1	1632	1648	0	0	40	38
1967	03	18	CD	SD	3	2	FQ		15	1660	1633	+3	ŌłÆ2	36	40
1967	04	02	SD	CD	1	0	FQ		16	1649	1644	+2	ŌłÆ3	38	39
1967	08	13	CD	SD	2	1	FQ	UG	20	1662	1629	+4	ŌłÆ4	36	41
1967	11	05	NG	SD	1	0	OQ		19	1560	1610	+5	ŌłÆ6	56	46
1967	11	19	SD	NG	2	1	OQ		12	1622	1548	+4	ŌłÆ1	42	59
1968	10	27	ZM	SD	4	2	WQ		27	1579	1595	+2	ŌłÆ7	57	51
1968	11	08	SD	ZM	4	2	WQ		20	1615	1559	+6	ŌłÆ3	45	60
1968	12	12	KE	SD	1	1	IPC		5	1410	1610	+1	0	93	45
1969	01	08	SD	KE	1	0	EAC	ET	7	1617	1409	+1	ŌłÆ5	45	94
1969	01	10	SD	TZ	3	0	EAC	ET	4	1621	1167	+1	ŌłÆ1	44	142
1969	01	12	ET	SD	0	1	EAC		-18	1575	1639	ŌłÆ4	+3	55	41
1969	05	04	ET	SD	1	1	WQ		-1	1562	1640	0	0	58	42
1969	05	11	SD	ET	3	1	WQ		16	1656	1546	+5	ŌłÆ5	36	63
1969	09	13	NG	SD	2	2	WQ		-2	1587	1658	ŌłÆ1	0	51	37
1969	10	03	SD	NG	3	3	WQ		-10	1648	1586	ŌłÆ1	+1	40	52
1969	10	10	SD	MA	0	0	WQ		-5	1643	1668	0	+2	40	35
1969	10	26	MA	SD	3	0	WQ		23	1691	1620	0	ŌłÆ8	34	47
1969	11	02	EG	SD	3	1	F		7	1746	1613	0	0	26	47
1970	01	01	SD	KE	4	2	F		3	1616	1307	+1	0	46	111
1970	02	06	SD	ET	3	0	AR		23	1639	1517	+5	ŌłÆ5	41	69
1970	02	08	SD	CI	0	1	AR		-29	1610	1719	ŌłÆ6	+3	47	30
1970	02	10	SD	CM	2	1	AR		17	1627	1579	+5	ŌłÆ1	42	55
1970	02	14	SD	EG	2	1	AR		30	1657	1764	+4	ŌłÆ5	38	22
1970	02	16	SD	GH	1	0	AR		22	1679	1697	+3	ŌłÆ3	35	32
1970	06	27	SD	CD	0	3	F		-21	1658	1722	0	+3	37	29
1970	07	00	SD	DZ	2	0	EDT	LY	20	1678	1606	0	ŌłÆ6	37	50
1970	07	00	SD	PS	4	2	EDT	LY	3	1681	1185	0	0	37	136
1970	07	07	SD	LB	2	0	EDT	LY	8	1689	1411	0	ŌłÆ1	37	91
1970	07	12	LY	SD	0	1	EDT		-10	1469	1699	0	+4	72	33
1971	06	04	SD	UG	4	0	OQ		8	1707	1420	0	ŌłÆ4	33	90
1971	06	19	UG	SD	1	1	OQ		10	1430	1697	+3	ŌłÆ1	86	34
1971	06	24	KE	SD	3	3	F		7	1319	1690	+1	ŌłÆ2	111	36
1971	07	11	PS	SD	1	1	EDT	LY	13	1192	1677	+2	ŌłÆ1	138	37
1971	07	16	LY	SD	4	6	EDT		-15	1440	1692	ŌłÆ5	+2	80	35
1972	02	25	SD	ZR	1	1	AR	CM	3	1695	1728	0	ŌłÆ1	35	31
1972	02	27	MA	SD	1	1	AR	CM	2	1674	1693	0	0	37	35
1972	02	29	CG	SD	4	2	AR	CM	48	1639	1645	+15	ŌłÆ4	40	39
1972	04	30	ET	SD	0	0	OQ		4	1474	1641	+1	ŌłÆ1	69	41
1972	05	02	ET	SD	2	2	OQ		4	1478	1637	+1	0	68	41
1972	05	07	SD	MG	3	0	OQ		8	1645	1381	+1	ŌłÆ4	41	96
1972	05	21	SD	ET	1	0	OQ		7	1652	1472	ŌłÆ1	0	42	68
1972	07	04	TZ	SD	3	0	SBA		43	1342	1609	+5	ŌłÆ6	109	47
1972	07	09	UG	SD	4	0	F		25	1422	1584	+7	ŌłÆ5	85	52
1972	07	16	KE	SD	2	0	WQ		35	1461	1549	+9	ŌłÆ8	74	60
1972	07	23	SD	KE	1	0	WQ		10	1559	1451	+4	ŌłÆ2	56	76
1972	08	30	SU	SD	2	1	OG	WG	7	1932	1552	0	ŌłÆ1	5	58
1972	09	01	BU	SD	2	0	OG	WG	39	1634	1513	+9	ŌłÆ5	41	63
1973	00	00	SD	ET	1	0	F		6	1519	1476	0	0	61	67
1973	04	13	SD	NG	1	1	FQ		3	1522	1660	0	0	61	40
1973	04	21	NG	SD	2	1	FQ		8	1668	1514	+2	0	38	61
1974	09	28	SD	NY	6	0	KUN	SY	1	1515	859	0	0	66	175
1974	09	30	SD	PS	3	1	KUN	SY	7	1522	1200	+3	ŌłÆ1	63	134
1974	10	02	SY	SD	2	0	KUN		18	1517	1504	+4	ŌłÆ5	64	68
1974	10	04	SD	LY	3	1	KUN	SY	15	1519	1368	+5	ŌłÆ4	63	100
1974	10	07	MA	SD	2	0	KUN	SY	11	1722	1508	0	ŌłÆ4	28	67
1974	10	09	TN	SD	3	1	KUN	SY	13	1673	1495	+3	ŌłÆ2	34	69
1975	03	23	SD	KE	1	0	FQ		8	1503	1359	+1	ŌłÆ4	67	103
1975	04	06	KE	SD	0	2	FQ		-26	1333	1529	ŌłÆ4	+9	108	58
1975	05	02	EG	SD	1	1	OQ		-12	1670	1541	ŌłÆ2	+4	35	57
1975	05	30	SD	EG	1	0	OQ		22	1563	1648	+5	ŌłÆ4	52	38
1975	07	06	TN	SD	3	2	FQ		10	1666	1553	+2	ŌłÆ2	37	53
1975	08	15	SD	TN	2	1	FQ		21	1574	1645	+4	ŌłÆ3	51	41
1975	11	22	TZ	SD	1	0	OQ		25	1406	1549	+6	ŌłÆ4	92	56
1975	12	05	SD	TZ	2	0	OQ		12	1561	1394	+2	ŌłÆ3	54	95
1975	12	18	PS	SD	0	0	PAL	TN	15	1230	1546	+1	ŌłÆ3	128	57
1975	12	21	SD	PS	1	0	PAL	TN	6	1552	1224	+1	ŌłÆ2	56	130
1975	12	26	EG	SD	3	1	PAL	TN	20	1690	1532	+3	ŌłÆ2	31	58
1975	12	28	SD	SY	1	0	PAL	TN	18	1550	1475	+2	ŌłÆ4	56	73
1976	01	01	LY	SD	1	0	F		12	1392	1538	+5	ŌłÆ2	95	58
1976	03	01	MA	SD	2	2	AR	ET	-13	1720	1551	ŌłÆ1	+1	28	57
1976	03	04	NG	SD	1	0	AR	ET	16	1691	1535	0	ŌłÆ2	33	58
1976	03	06	SD	ZR	1	1	AR	ET	6	1541	1607	0	ŌłÆ1	58	47
1976	03	28	ZM	SD	2	2	OQ		-3	1486	1544	0	0	68	57
1976	04	04	SD	ZM	0	0	OQ		-9	1535	1495	0	+1	57	67
1977	11	14	SD	SO	2	0	AGQ	EG	5	1540	1126	0	ŌłÆ1	60	147
1977	11	16	EG	SD	1	0	AGQ		9	1663	1531	+1	ŌłÆ1	38	61
1978	01	26	SD	KE	3	0	FT		9	1540	1347	+1	0	60	102
1978	01	30	SD	CG	2	1	FT		12	1552	1551	+3	ŌłÆ6	57	59
1979	06	29	SD	CI	2	0	FQ		18	1570	1486	+5	ŌłÆ3	54	68
1979	07	06	CI	SD	4	0	FQ		36	1522	1534	+4	ŌłÆ7	65	62
1979	09	08	KR	SD	8	0	PRS		7	1823	1527	0	0	18	63
1979	09	10	SD	BD	4	1	PRS	KR	2	1529	954	0	0	63	165
1979	09	12	BH	SD	1	0	PRS	KR	27	1192	1502	+3	ŌłÆ4	135	67
1979	09	16	SD	LK	1	0	PRS	KR	1	1503	934	0	0	67	168
1979	11	07	MW	SD	4	0	CEC	KE	43	1492	1460	+14	ŌłÆ15	70	83
1979	11	09	SD	ZN	1	1	CEC	KE	-17	1443	1056	ŌłÆ1	+3	84	155
1980	11	14	SD	TZ	0	1	CEC		-25	1418	1475	ŌłÆ5	+5	88	76
1980	11	20	SD	SO	2	0	CEC		7	1425	1149	+2	ŌłÆ1	87	143
1980	11	25	SD	ZM	2	1	CEC		20	1445	1508	+6	ŌłÆ5	82	69
1980	11	28	SD	TZ	1	0	CEC		16	1461	1466	+1	ŌłÆ3	81	79
1980	12	12	DZ	SD	2	0	WQ		9	1678	1452	+2	ŌłÆ1	33	82
1980	12	28	SD	DZ	1	1	WQ		7	1459	1671	+3	ŌłÆ2	79	36
1981	04	19	ET	SD	1	1	F		-1	1381	1460	0	+1	94	77
1981	04	21	ET	SD	2	0	F		14	1395	1446	+2	ŌłÆ6	92	83
1981	11	15	SD	UG	2	2	CEC	TZ	0	1446	1443	0	0	84	86
1981	11	17	SD	ZW	0	0	CEC	TZ	4	1450	1508	ŌłÆ1	0	85	68
1981	11	21	ZM	SD	2	0	CEC	TZ	22	1572	1428	+4	ŌłÆ5	53	89
1982	11	14	KE	SD	2	0	CEC	UG	25	1510	1403	+6	ŌłÆ4	67	90
1982	11	18	ZN	SD	1	0	CEC	UG	35	1097	1368	+5	ŌłÆ3	153	92
1983	04	10	SD	ZM	2	1	FQ		30	1398	1622	+4	ŌłÆ1	89	40
1983	04	24	ZM	SD	0	0	FQ		-15	1607	1413	ŌłÆ3	0	43	89
1983	06	04	SD	EG	0	0	OQ		7	1420	1624	0	0	89	40
1983	06	09	NZ	SD	1	1	PRS	KR	-8	1628	1428	0	0	40	89
1983	06	13	GH	SD	3	1	PRS	KR	7	1720	1421	+1	0	30	89
1983	07	08	QA	SD	3	1	F		18	1261	1403	+1	0	121	89
1983	07	10	QA	SD	2	0	F		17	1278	1386	+3	0	118	89
1983	07	29	EG	SD	2	1	OQ		5	1629	1381	+1	0	40	89
1983	08	14	CM	SD	5	0	FQ		10	1627	1371	0	ŌłÆ4	42	93
1983	08	28	SD	CM	2	0	FQ		43	1414	1584	+5	ŌłÆ8	88	49
1983	11	14	UG	SD	2	1	CEC	KE	17	1482	1397	+4	ŌłÆ1	74	90
1983	11	16	SD	TZ	1	0	CEC	KE	20	1417	1373	+1	ŌłÆ2	89	93
1983	11	19	SD	ET	2	0	CEC	KE	23	1440	1311	+2	ŌłÆ9	87	107
1983	11	21	KE	SD	1	0	CEC		11	1519	1429	+1	0	66	87
1983	12	02	SD	DY	1	0	ARQ	SA	10	1439	1219	0	ŌłÆ3	87	133
1983	12	05	SO	SD	1	1	ARQ	SA	15	1122	1424	+3	ŌłÆ1	147	88
1983	12	09	SA	SD	3	0	ARQ		20	1507	1404	+5	ŌłÆ2	69	90
1984	10	13	TZ	SD	1	1	WQ		-6	1404	1410	ŌłÆ1	+1	90	89
1984	10	27	SD	TZ	0	0	WQ		-6	1404	1410	ŌłÆ1	+1	90	89
1985	02	22	SD	LY	0	0	WQ		4	1408	1563	0	0	90	58
1985	03	08	LY	SD	4	0	WQ		14	1577	1394	+4	ŌłÆ2	53	92
1987	03	29	SD	TZ	1	0	FQ		12	1406	1334	+2	ŌłÆ1	88	101
1987	04	11	TZ	SD	1	1	FQ		-1	1319	1407	0	0	104	88
1987	06	28	SD	DZ	1	1	OQ		8	1415	1648	+1	0	86	40
1987	07	05	CM	SD	2	0	FQ		6	1719	1409	0	ŌłÆ1	33	87
1987	07	10	DZ	SD	3	1	OQ		7	1655	1402	+1	ŌłÆ1	41	88
1987	07	18	SD	CM	1	0	FQ		31	1433	1695	+5	ŌłÆ3	82	36
1988	08	07	AO	SD	0	0	WQ		-9	1503	1442	ŌłÆ1	+4	68	80
1988	11	11	SD	AO	1	2	WQ		-24	1418	1504	ŌłÆ8	+7	89	66
1989	04	07	SD	KE	1	0	FQ		13	1431	1383	+3	0	84	94
1989	04	23	KE	SD	1	0	FQ		17	1400	1414	+1	ŌłÆ3	93	89
1990	08	19	SD	MZ	1	0	FQ		13	1427	1371	+1	ŌłÆ6	82	100
1990	12	12	SD	KE	2	1	CEC	ZN	18	1445	1382	+4	ŌłÆ5	78	94
1990	12	14	SD	UG	2	2	CEC	ZN	4	1449	1511	+1	ŌłÆ2	77	66
1990	12	17	ZN	SD	0	1	CEC		-11	1165	1460	ŌłÆ3	+2	145	75
1990	12	20	UG	SD	2	0	CEC	ZN	27	1526	1433	+3	ŌłÆ3	63	78
1991	03	09	UG	SD	0	1	F		-15	1511	1448	ŌłÆ3	+2	66	77
1991	04	07	SD	UG	1	1	F		-1	1447	1512	ŌłÆ1	0	78	66
1991	04	14	SD	KE	1	0	FQ		11	1458	1371	+3	ŌłÆ1	76	97
1991	04	28	MZ	SD	1	0	FQ		21	1364	1437	+5	ŌłÆ2	102	78
1991	07	28	KE	SD	2	1	FQ		15	1434	1422	+3	ŌłÆ2	80	82
1991	11	24	SD	TZ	1	1	CEC	UG	-7	1415	1299	ŌłÆ2	+1	89	122
1991	11	27	UG	SD	2	0	CEC		17	1500	1398	+6	ŌłÆ6	69	94
1991	12	05	ZM	SD	3	2	CEC	UG	11	1569	1387	+1	ŌłÆ2	56	95
1991	12	07	UG	SD	3	1	CEC		16	1486	1371	+5	ŌłÆ8	73	103
1992	05	24	ET	SD	5	1	FT		17	1438	1354	+3	ŌłÆ3	86	110
1992	05	26	NG	SD	2	1	FT	ET	4	1668	1350	0	0	38	110
1992	06	26	SD	ER	1	1	FT		-9	1341	1209	ŌłÆ4	ŌłÆ	116	148
1992	06	30	SD	TD	1	0	FT		9	1350	1274	+4	ŌłÆ2	113	134
1992	08	15	SD	NG	0	0	FQ		10	1360	1622	+2	ŌłÆ1	111	49
1992	08	18	JO	SD	3	0	FT		23	1327	1337	+8	ŌłÆ3	120	115
1992	08	20	MD	SD	2	1	FT	JO	9	1501	1328	+2	ŌłÆ5	74	120
1992	08	22	SD	PK	4	0	FT	JO	8	1336	1002	+3	ŌłÆ2	117	184
1992	08	30	ET	SD	3	0	FQ		19	1426	1317	+6	ŌłÆ4	96	121
1993	04	10	SD	UG	1	1	FQ		5	1322	1504	+1	ŌłÆ1	120	78
1993	04	25	NG	SD	4	0	FQ		6	1662	1316	+1	ŌłÆ1	35	121
1993	05	26	ET	SD	1	1	F		-4	1364	1320	0	+1	114	120
1993	07	09	SD	ET	1	0	FQ		17	1337	1347	+1	ŌłÆ3	119	117
1993	07	24	UG	SD	1	0	FQ		7	1513	1330	+1	0	75	119
1994	09	04	SD	EG	0	0	FQ		10	1340	1603	0	ŌłÆ3	123	55
1994	09	17	QA	SD	2	0	IPC		11	1451	1329	+2	0	90	123
1994	09	19	OM	SD	1	1	IPC	QA	3	1251	1326	0	0	141	123
1994	10	14	DZ	SD	1	1	FQ		-16	1594	1342	ŌłÆ3	+1	57	122
1994	11	12	TZ	SD	2	0	FQ		22	1356	1320	+5	ŌłÆ4	116	124
1995	01	06	SD	UG	3	1	FQ		34	1354	1433	+5	ŌłÆ10	120	95
1995	01	22	ET	SD	2	0	FQ		22	1366	1332	+8	ŌłÆ5	113	123
1995	04	07	EG	SD	3	1	FQ		7	1598	1325	+5	ŌłÆ2	53	125
1995	04	24	SD	DZ	2	0	FQ		43	1368	1540	+10	ŌłÆ5	115	66
1995	06	03	SD	TZ	2	1	FQ		16	1384	1377	+8	ŌłÆ6	107	112
1995	07	15	UG	SD	2	0	FQ		16	1483	1368	+2	ŌłÆ8	83	117
1995	07	30	SD	ET	3	0	FQ		21	1389	1300	+8	ŌłÆ5	109	129
1996	06	01	SD	ZM	2	0	WQ		44	1433	1622	+10	ŌłÆ6	99	44
1996	06	12	TZ	SD	0	0	F		-2	1414	1435	ŌłÆ1	+3	104	96
1996	06	16	ZM	SD	3	0	WQ		11	1633	1424	+2	ŌłÆ4	42	100
1996	08	28	OM	SD	0	0	F		1	1296	1423	0	ŌłÆ3	131	103
1996	08	31	OM	SD	0	1	F		-9	1287	1432	ŌłÆ2	+4	133	99
1996	09	25	SY	SD	1	2	F		-14	1484	1446	ŌłÆ3	+3	81	96
1996	09	29	SY	SD	1	0	F		6	1490	1440	+1	ŌłÆ1	80	97
1996	10	06	SD	ZW	0	3	FQ		-37	1403	1553	ŌłÆ10	+8	106	66
1996	11	17	SD	UG	1	1	CEC		-9	1394	1336	0	+3	106	122
1996	11	24	SD	TZ	3	2	CEC		12	1406	1341	+1	ŌłÆ1	106	121
1996	11	29	SD	KE	1	1	CEC		-7	1399	1378	0	+1	106	113
1998	09	14	SA	SD	2	1	F		3	1633	1396	0	ŌłÆ2	50	106
1998	09	16	QA	SD	1	1	F		-6	1528	1402	ŌłÆ2	+3	69	103
1998	09	25	SD	MA	2	1	ARC	QA	36	1438	1763	+7	ŌłÆ1	96	22
1998	09	27	AE	SD	4	1	ARC	QA	25	1569	1413	+5	ŌłÆ4	61	100
1998	10	03	BH	SD	2	3	F		-11	1338	1424	ŌłÆ2	+3	122	99
1998	10	17	AE	SD	2	1	FRT		7	1533	1417	+1	ŌłÆ2	70	102
1998	10	19	LB	SD	1	1	FRT	AE	2	1373	1415	0	0	115	102
1998	10	21	SY	SD	3	2	FRT	AE	11	1510	1404	+2	ŌłÆ1	74	103
1999	07	27	ET	SD	0	0	CEC	RW	5	1316	1399	0	ŌłÆ2	129	106
1999	07	29	SD	ZN	1	1	CEC	RW	-11	1388	1191	ŌłÆ3	+2	110	157
1999	08	01	KE	SD	3	0	CEC	RW	33	1442	1355	+11	ŌłÆ8	94	117
2000	03	05	ET	SD	1	0	F		8	1324	1347	+5	ŌłÆ1	122	119
2000	03	10	QA	SD	3	0	F		9	1443	1338	+2	0	93	119
2000	04	09	SD	MZ	1	0	WQ		11	1349	1260	0	ŌłÆ3	120	140
2000	04	23	MZ	SD	2	1	WQ		20	1267	1329	+3	ŌłÆ2	140	122
2000	06	18	SD	LR	2	0	WQ		28	1357	1374	+7	ŌłÆ4	117	112
2000	07	02	SD	ER	5	1	FQ		13	1370	1180	+5	ŌłÆ5	112	161
2000	07	15	ER	SD	2	1	FQ		25	1205	1345	+8	ŌłÆ8	153	120
2000	09	10	LY	SD	1	0	FQ		10	1448	1335	+1	ŌłÆ2	91	121
2000	10	08	SD	EG	0	1	FQ		-8	1327	1682	ŌłÆ1	0	122	42
2001	01	20	CI	SD	2	0	FQ		7	1579	1320	0	ŌłÆ1	61	124
2001	01	27	NG	SD	3	0	WQ		4	1709	1316	+1	ŌłÆ1	39	124
2001	02	25	SD	GH	1	0	WQ		22	1338	1427	+5	ŌłÆ4	120	92
2001	03	10	SL	SD	0	2	WQ		-38	1298	1376	ŌłÆ10	+6	131	114
2001	03	25	SD	CI	0	0	FQ		7	1383	1601	+2	0	112	58
2001	04	05	OM	SD	0	1	F		-11	1311	1394	ŌłÆ1	+3	126	111
2001	04	07	OM	SD	1	1	F		0	1311	1394	0	+1	126	110
2001	04	22	LR	SD	2	0	WQ		15	1497	1379	+7	ŌłÆ4	74	114
2001	06	03	EG	SD	3	2	FQ		4	1658	1375	0	0	48	115
2001	06	17	SD	LY	1	0	FQ		16	1391	1387	+6	ŌłÆ5	109	111
2001	07	01	SD	NG	0	4	WQ		-19	1372	1702	ŌłÆ7	+6	116	35
2001	07	15	GH	SD	1	0	WQ		8	1528	1364	0	ŌłÆ1	70	116
2001	07	29	SD	SL	3	0	WQ		21	1385	1292	+5	ŌłÆ3	110	130
2002	07	26	SD	TD	2	0	FT		11	1396	1281	+4	ŌłÆ2	108	135
2002	07	28	SD	UG	2	1	FT		8	1404	1306	+3	ŌłÆ1	105	130
2002	07	30	SD	ET	3	0	FT		18	1422	1368	+3	ŌłÆ4	102	116
2002	08	19	JO	SD	0	0	F		-2	1386	1424	0	0	111	102
2002	08	23	EG	SD	3	0	F		5	1635	1419	0	ŌłÆ1	49	102
2002	09	08	SD	ZM	0	1	FQ		-24	1395	1467	ŌłÆ5	+8	110	84
2002	10	12	TZ	SD	1	2	FQ		-17	1229	1412	ŌłÆ2	+3	149	107
2002	12	02	TZ	SD	1	1	CEC		4	1253	1408	+2	0	143	107
2002	12	04	ER	SD	2	1	CEC	TZ	33	1179	1375	+4	ŌłÆ9	157	116
2002	12	07	SD	BI	2	1	CEC	TZ	17	1392	1297	+5	ŌłÆ1	111	131
2002	12	09	KE	SD	1	0	CEC	TZ	17	1456	1375	+10	ŌłÆ5	90	116
2002	12	18	KW	SD	1	0	ARC		8	1524	1367	+2	ŌłÆ3	69	119
2002	12	20	JO	SD	2	1	ARC	KW	12	1535	1355	+2	ŌłÆ2	68	121
2002	12	23	PS	SD	2	2	ARC	KW	5	1264	1350	0	ŌłÆ2	142	123
2002	12	25	SD	MA	1	0	ARC	KW	33	1383	1579	+10	ŌłÆ7	113	61
2003	03	04	SD	CD	1	3	F		-16	1367	1484	ŌłÆ8	+6	118	80
2003	03	29	SD	BJ	3	0	FQ		17	1384	1257	+8	ŌłÆ1	111	142
2003	05	21	UG	SD	0	0	F		-3	1388	1387	0	0	109	110
2003	05	24	SD	KE	1	1	F		0	1387	1503	0	0	110	76
2003	06	08	BJ	SD	3	0	FQ		39	1291	1348	+12	ŌłÆ13	132	124
2003	06	21	ZM	SD	1	1	FQ		-12	1478	1360	ŌłÆ5	+6	83	119
2003	09	17	YE	SD	3	2	F		12	1199	1348	+1	ŌłÆ6	155	123
2003	09	19	YE	SD	1	2	F		-9	1190	1357	0	+4	155	119
2003	10	12	SD	ER	3	0	WQA		11	1368	1152	+2	ŌłÆ1	118	163
2003	11	16	ER	SD	0	0	WQA		6	1158	1362	+1	ŌłÆ2	163	119
2003	11	30	SD	ZN	4	0	CEC		11	1373	1153	+4	ŌłÆ2	114	164
2003	12	04	SD	RW	3	0	CEC		23	1396	1330	+5	ŌłÆ5	109	126
2003	12	08	SD	UG	0	0	CEC		-6	1390	1394	ŌłÆ3	+3	112	110
2003	12	10	SD	KE	1	2	CEC		-20	1370	1503	ŌłÆ4	0	116	83
2004	04	19	SD	SY	1	2	F		-13	1357	1380	ŌłÆ3	+3	119	114
2004	04	21	SD	SY	0	0	F		-2	1355	1382	0	0	119	114
2004	05	22	SD	UG	2	1	F		9	1364	1410	+2	ŌłÆ2	116	105
2004	05	25	SD	ZM	0	2	F		-17	1347	1436	ŌłÆ5	+3	121	98
2004	06	06	SD	EG	0	3	WQA		-15	1332	1693	ŌłÆ2	+3	125	40
2004	06	20	BJ	SD	1	1	WQA		-4	1290	1336	ŌłÆ1	0	135	123
2004	07	03	SD	LY	0	1	WQA		-19	1317	1465	ŌłÆ3	+10	126	89
2004	09	05	CI	SD	5	0	WQA		6	1663	1311	+1	ŌłÆ2	45	127
2004	10	09	SD	CM	1	1	WQA		14	1325	1706	+2	ŌłÆ1	124	33
2004	12	12	KE	SD	2	2	CEC	ET	-8	1458	1333	ŌłÆ2	+1	92	123
2004	12	14	SD	UG	2	1	CEC	ET	21	1354	1327	+6	ŌłÆ3	116	122
2004	12	18	SD	SO	4	0	CEC	ET	11	1365	1033	+3	ŌłÆ2	113	183
2004	12	22	BI	SD	2	1	CEC	ET	23	1337	1342	+6	ŌłÆ9	123	121
2004	12	25	SD	KE	2	1	CEC	ET	26	1368	1426	+11	ŌłÆ2	110	97
2005	03	12	SD	ET	3	1	F		10	1378	1334	+4	ŌłÆ2	106	123
2005	03	27	CM	SD	2	1	WQA		3	1713	1375	+1	0	35	107
2005	05	23	SD	TD	4	1	F		10	1385	1308	+4	ŌłÆ3	104	128
2005	05	26	SD	TD	1	1	F		-5	1380	1313	ŌłÆ2	+1	106	127
2005	06	05	EG	SD	6	1	WQA		6	1717	1374	+2	ŌłÆ2	36	108
2005	08	17	SD	BJ	1	0	WQA		9	1383	1254	+3	ŌłÆ2	105	140
2005	09	02	LY	SD	0	0	WQA		-11	1497	1394	ŌłÆ4	0	84	105
2005	10	08	SD	CI	1	3	WQA		-16	1378	1680	ŌłÆ2	+2	106	46
2005	11	24	SD	ET	1	5	F		-26	1352	1360	ŌłÆ7	+9	112	109
2005	11	29	SD	SO	4	1	CEC	RW	10	1362	1034	+3	ŌłÆ2	109	183
2005	12	01	ET	SD	3	1	CEC	RW	30	1388	1332	+6	ŌłÆ10	104	119
2005	12	03	UG	SD	3	0	CEC	RW	34	1374	1298	+9	ŌłÆ11	108	130
2005	12	05	SD	DJ	4	0	CEC	RW	5	1303	843	+1	0	130	202
2006	06	04	DZ	SD	1	0	F		5	1412	1298	0	ŌłÆ1	102	132
2006	09	03	SD	SC	3	0	FQ		10	1308	1084	+5	ŌłÆ2	125	178
2006	10	01	LY	SD	1	0	F		4	1449	1304	+1	ŌłÆ2	98	127
2006	10	07	TN	SD	1	0	FQ		3	1634	1301	+2	ŌłÆ2	50	129
2006	11	27	UG	SD	2	1	CEC	ET	16	1390	1285	+5	ŌłÆ2	104	132
2006	11	30	SD	SO	3	0	CEC	ET	11	1296	990	+2	ŌłÆ1	131	188
2006	12	03	RW	SD	0	0	CEC	ET	1	1278	1295	0	0	134	131
2006	12	06	SD	BI	1	0	CEC	ET	19	1314	1257	+5	ŌłÆ6	126	142
2006	12	08	SD	UG	2	2	CEC	ET	5	1319	1398	+1	ŌłÆ1	125	104
2006	12	10	SD	ZM	0	0	CEC	ET	12	1331	1545	+5	ŌłÆ4	120	75
2006	12	21	SD	SO	6	1	ARQ	LB	10	1341	975	0	ŌłÆ1	120	190
2006	12	24	SD	MR	2	0	ARQ	LB	17	1358	1165	+7	ŌłÆ6	113	167
2006	12	27	LB	SD	0	0	ARQ		-5	1350	1363	ŌłÆ2	0	117	113
2007	03	25	MU	SD	1	2	FQ		-19	1235	1382	ŌłÆ1	+6	145	108
2007	05	21	ER	SD	1	0	F		14	1130	1368	0	ŌłÆ7	171	113
2007	05	26	ER	SD	1	1	F		4	1134	1364	0	0	171	113
2007	06	02	SD	MU	3	0	FQ		14	1378	1209	+5	ŌłÆ2	108	154
2007	06	16	SC	SD	0	2	FQ		-14	1063	1392	ŌłÆ2	+1	178	108
2007	08	22	SD	LY	1	0	F		8	1400	1416	0	ŌłÆ1	108	100
2007	09	09	SD	TN	3	2	FQ		28	1428	1620	+9	ŌłÆ4	99	56
2007	11	14	SA	SD	2	0	PAR	EG	11	1707	1417	0	ŌłÆ1	40	100
2007	11	16	EG	SD	5	0	PAR		8	1700	1409	0	ŌłÆ4	41	104
2007	11	18	AE	SD	2	0	PAR	EG	28	1460	1381	+7	ŌłÆ8	92	112
2007	11	24	LY	SD	3	0	PAR	EG	24	1521	1357	+4	ŌłÆ6	80	116
2007	11	30	SD	ER	1	0	F		3	1360	1178	0	0	116	164
2007	12	03	SD	ER	1	0	F		3	1363	1175	+1	ŌłÆ1	115	165
2007	12	09	SD	ZN	2	2	CEC	TZ	-8	1355	1233	ŌłÆ1	+4	117	144
2007	12	15	ET	SD	0	0	CEC	TZ	3	1310	1352	0	0	128	117
2007	12	17	TZ	SD	1	2	CEC		-26	1334	1378	ŌłÆ6	+6	122	111
2007	12	19	SD	BI	2	1	CEC	TZ	16	1394	1299	+3	ŌłÆ6	108	133
2007	12	22	RW	SD	2	2	CEC	TZ	4	1330	1390	0	ŌłÆ1	124	108
2008	01	09	NG	SD	2	0	F	ES	3	1753	1387	+1	ŌłÆ1	33	109
2008	01	11	GN	SD	6	0	F	ES	9	1621	1378	0	ŌłÆ2	58	111
2008	01	22	ZM	SD	3	0	AR	GH	22	1587	1356	+6	ŌłÆ6	60	116
2008	01	26	EG	SD	3	0	AR	GH	9	1752	1347	+2	ŌłÆ2	33	117
2008	01	30	CM	SD	3	0	AR	GH	9	1734	1338	+3	ŌłÆ1	37	118
2008	03	26	SD	LR	0	2	F		-23	1315	1253	ŌłÆ7	+5	126	143
2008	05	22	YE	SD	1	1	F		0	1211	1315	0	0	153	126
2008	06	08	CG	SD	1	0	WQA		10	1414	1305	+3	0	104	125
2008	06	14	SD	ML	3	2	WQA		30	1335	1557	+5	ŌłÆ7	120	68
2008	06	22	ML	SD	3	0	WQA		9	1566	1326	+1	0	67	122
2008	08	20	SD	EG	4	0	F		33	1359	1754	+3	ŌłÆ9	120	31
2008	09	06	TD	SD	2	1	WQ	EG	25	1292	1334	+9	ŌłÆ2	130	122
2008	09	10	SD	TD	3	1	WQ	EG	26	1360	1266	+5	ŌłÆ10	117	140
2008	10	11	SD	CG	2	0	WQA		27	1387	1401	+3	ŌłÆ7	114	108
2008	12	31	KE	SD	0	0	CEC	UG	0	1395	1387	0	0	112	116
2009	01	04	DJ	SD	1	1	CEC	UG	19	798	1368	+1	ŌłÆ3	208	118
2009	01	06	BI	SD	1	0	CEC	UG	26	1286	1342	+6	ŌłÆ3	135	121
2009	01	08	SD	ZM	2	0	CEC	UG	43	1385	1458	+6	ŌłÆ2	115	92
2009	03	07	SD	UG	0	2	F		-16	1369	1478	ŌłÆ3	+2	119	89
2009	03	28	SD	ML	1	1	WQA		4	1373	1544	+1	ŌłÆ2	118	74
2009	05	28	TN	SD	4	0	F		4	1640	1369	+3	0	50	118
2009	06	07	BJ	SD	1	0	WQA		13	1408	1356	+4	ŌłÆ4	105	120
2009	06	20	SD	GH	0	2	WQA		-10	1346	1742	ŌłÆ1	+1	121	35
2009	09	06	GH	SD	2	0	WQA		3	1750	1343	+2	0	32	121
2009	10	11	ML	SD	1	0	WQA		6	1553	1337	+1	0	73	123
2009	11	14	SD	BJ	1	2	WQA		-20	1317	1453	ŌłÆ3	+7	126	95
2010	06	04	SD	PS	1	1	F		-5	1312	1215	ŌłÆ1	+1	128	152
2010	06	20	SD	TN	2	6	F		-9	1303	1622	ŌłÆ4	0	132	53
2010	09	04	SD	CG	2	0	FQ		30	1333	1371	+8	ŌłÆ9	124	119
2010	10	10	GH	SD	0	0	FQ		-18	1743	1351	ŌłÆ2	+3	27	119
2010	11	28	ZN	SD	2	0	CEC	TZ	34	1342	1317	+9	ŌłÆ10	121	129
2010	12	01	RW	SD	0	0	CEC	TZ	-4	1377	1321	ŌłÆ5	+2	118	125
2010	12	05	CI	SD	3	0	CEC	TZ	6	1738	1315	+2	ŌłÆ2	31	127
2011	01	05	KE	SD	1	0	NBT	EG	17	1290	1298	+4	ŌłÆ4	135	132
2011	01	11	CD	SD	2	1	NBT	EG	11	1414	1287	+2	ŌłÆ3	108	135
2011	01	16	SD	TZ	2	0	NBT	EG	29	1316	1363	+7	ŌłÆ5	128	118
2011	03	27	SD	SZ	3	0	FQ		12	1328	1128	+5	ŌłÆ1	123	172
2011	05	28	ET	SD	1	2	F		-12	1303	1340	ŌłÆ1	+1	131	122
2011	06	01	ET	SD	1	1	F		-2	1301	1342	0	0	131	122
2011	06	05	SZ	SD	1	2	FQ		-14	1124	1356	ŌłÆ1	+5	172	118
2011	06	25	KE	SD	1	2	F		-11	1269	1367	ŌłÆ1	+2	136	116
2011	08	19	ER	SD	0	3	F		-13	1163	1380	ŌłÆ2	+1	164	113
2011	08	26	BH	SD	1	0	F		5	1462	1375	+1	ŌłÆ1	94	114
2011	09	04	CG	SD	0	1	FQ		-25	1339	1400	ŌłÆ5	+5	122	108
2011	10	01	ET	SD	1	2	F		-10	1299	1410	ŌłÆ1	+3	131	106
2011	10	08	SD	GH	0	2	FQ		-12	1398	1771	ŌłÆ3	+4	108	25
2011	11	11	CM	SD	3	1	LGC	MA	9	1653	1389	+2	ŌłÆ2	48	110
2011	11	13	SD	UG	0	0	LGC	MA	6	1395	1538	+3	ŌłÆ3	107	76
2011	11	28	ET	SD	1	1	CEC	TZ	5	1308	1390	+2	ŌłÆ1	130	108
2011	11	30	MW	SD	0	0	CEC	TZ	-3	1433	1393	0	0	101	109
2011	12	03	SD	KE	1	0	CEC	TZ	17	1410	1316	+4	ŌłÆ3	105	129
2011	12	05	SD	BI	2	0	CEC	TZ	18	1428	1244	+3	ŌłÆ2	102	143
2011	12	08	RW	SD	2	1	CEC	TZ	20	1450	1408	+1	ŌłÆ3	100	105
2011	12	10	TZ	SD	0	1	CEC		-18	1259	1426	ŌłÆ3	+3	140	102
2011	12	11	SD	LY	1	0	PAR	QA	26	1452	1505	+1	ŌłÆ7	101	84
2011	12	14	JO	SD	0	0	PAR	QA	-6	1557	1458	ŌłÆ1	+3	71	98
2011	12	17	PS	SD	2	0	PAR	QA	48	1262	1410	+11	ŌłÆ6	140	104
2012	01	09	TN	SD	3	0	F	AE	10	1587	1400	+5	ŌłÆ3	62	108
2012	01	12	SN	SD	1	0	F		3	1622	1397	+1	0	55	108
2012	01	16	GA	SD	0	0	F		-6	1545	1403	0	+1	73	107
2012	01	22	CI	SD	1	0	AR	GQ	5	1777	1398	0	ŌłÆ1	24	108
2012	01	26	AO	SD	2	2	AR	GQ	-9	1516	1407	ŌłÆ3	+3	82	105
2012	01	30	SD	BF	2	1	AR	GQ	30	1437	1452	+3	ŌłÆ8	102	100
2012	02	04	ZM	SD	3	0	AR	GQ	29	1590	1408	+12	ŌłÆ2	60	104
2012	06	02	SD	ZM	2	0	WQ		41	1449	1598	+9	ŌłÆ8	97	59
2012	06	10	LS	SD	0	0	WQ		11	1149	1438	+1	ŌłÆ3	168	100
2012	06	24	EG	SD	1	1	ARC	SA	-14	1713	1452	ŌłÆ2	+2	35	98
2012	06	27	SD	LB	2	0	ARC	SA	18	1470	1283	+3	ŌłÆ5	95	139
2012	06	30	IQ	SD	1	1	ARC	SA	-8	1612	1478	ŌłÆ2	+1	58	93
2012	08	26	LY	SD	3	0	F	TN	12	1614	1466	+5	ŌłÆ2	57	94
2012	09	08	SD	ET	5	3	FQ		12	1478	1317	+2	ŌłÆ4	93	127
2012	10	14	ET	SD	2	0	FQ		35	1352	1443	+8	ŌłÆ5	121	98
2012	11	25	TZ	SD	2	0	CEC	UG	42	1342	1401	+11	ŌłÆ11	125	109
2012	11	28	SD	SO	1	0	CEC	UG	2	1403	881	+2	0	108	204
2012	12	01	BI	SD	1	0	CEC	UG	26	1313	1377	+9	ŌłÆ7	131	115
2013	03	24	GH	SD	4	0	WQ		7	1672	1370	0	ŌłÆ1	44	118
2013	05	25	ET	SD	2	0	F		13	1332	1357	+2	ŌłÆ2	127	119
2013	06	02	SD	TZ	0	0	F	ET	1	1358	1403	0	0	120	109
2013	06	07	SD	GH	1	3	WQ		-14	1344	1686	ŌłÆ5	+1	126	42
2013	06	15	ZM	SD	1	1	WQ		-14	1532	1358	ŌłÆ4	+7	77	119
2013	09	08	SD	LS	1	3	WQ		-50	1308	1234	ŌłÆ11	+15	132	147
2013	11	29	SD	ER	3	0	CEC	KE	20	1328	1124	+5	ŌłÆ3	128	174
2013	12	02	SD	RW	1	0	CEC	KE	19	1347	1296	+3	ŌłÆ6	125	135
2013	12	05	UG	SD	1	0	CEC	KE	11	1517	1336	+4	ŌłÆ1	80	126
2013	12	08	SD	ET	2	0	CEC	KE	37	1373	1381	+8	ŌłÆ10	118	116
2013	12	10	SD	ZM	2	1	CEC	KE	28	1401	1484	+8	ŌłÆ8	110	90
2013	12	12	KE	SD	2	0	CEC		20	1438	1381	+2	ŌłÆ5	104	115
2014	08	31	ZM	SD	3	1	F		7	1490	1374	+4	ŌłÆ2	86	116
2014	09	05	SD	ZA	0	3	FQ		-25	1349	1603	ŌłÆ8	+5	124	59
2014	09	10	CG	SD	2	0	FQ		16	1438	1333	+5	0	102	124
2014	10	11	SD	NG	1	0	FQ		33	1366	1660	+7	ŌłÆ8	117	46
2014	10	15	NG	SD	3	1	FQ		6	1666	1360	+1	ŌłÆ2	45	119
2014	11	15	ZA	SD	2	1	FQ		5	1618	1355	+1	ŌłÆ1	57	119
2014	11	19	SD	CG	0	1	FQ		-23	1332	1431	ŌłÆ8	+3	126	105
2015	06	14	SD	SL	1	0	FQ		14	1346	1319	+4	ŌłÆ2	124	129
2015	09	05	GA	SD	4	0	F		8	1489	1338	+3	ŌłÆ2	89	126
2015	11	11	SD	ZM	0	1	WQ		-18	1320	1495	ŌłÆ7	+5	132	86
2015	11	15	ZM	SD	2	0	WQ		10	1505	1310	+3	0	84	132
2015	11	23	MW	SD	2	1	CEC	ET	18	1369	1292	+5	ŌłÆ1	118	133
2015	11	25	SS	SD	0	0	CEC	ET	11	1097	1281	+3	ŌłÆ1	177	135
2015	11	27	SD	DJ	4	0	CEC	ET	4	1285	756	ŌłÆ1	ŌłÆ1	136	214
2015	12	01	SS	SD	0	0	CEC	ET	8	1155	1277	0	ŌłÆ1	172	137
2015	12	03	RW	SD	1	1	CEC	ET	-4	1349	1281	ŌłÆ2	+1	122	136
2015	12	05	ET	SD	1	1	CEC		-5	1273	1286	ŌłÆ2	+1	140	135
2016	03	25	CI	SD	1	0	FQ		2	1735	1284	+2	ŌłÆ2	32	136
2016	03	29	SD	CI	1	1	FQ		15	1299	1720	+4	ŌłÆ5	130	37
2016	05	31	KE	SD	1	1	F		-3	1316	1302	0	+1	126	130
2016	06	04	SL	SD	1	0	FQ		13	1351	1289	+3	ŌłÆ1	118	131
2016	09	02	SD	GA	1	2	F		-8	1281	1454	ŌłÆ4	+1	138	97
2017	06	09	SD	MG	1	3	FQ		-40	1241	1306	ŌłÆ10	+12	149	132
2018	09	08	GQ	SD	1	0	FQ		10	1333	1231	+3	ŌłÆ3	124	154
2018	10	13	SN	SD	3	0	FQ		2	1747	1229	+3	0	30	154
2018	10	16	SD	SN	0	1	FQ		-3	1226	1750	+2	+1	152	29
2018	11	18	MG	SD	1	3	FQ		-49	1338	1275	ŌłÆ12	+10	121	141
2019	03	22	SD	GQ	1	4	FQ		-43	1232	1335	ŌłÆ9	+13	151	125
2019	09	05	TD	SD	1	3	WQ		-40	1213	1272	ŌłÆ10	+7	156	143
2019	09	10	SD	TD	0	0	WQ		-9	1263	1222	ŌłÆ2	+2	145	152
2019	11	13	SD	ST	4	0	FQ		14	1277	1092	+3	0	141	180
2019	11	17	ZA	SD	1	0	FQ		5	1531	1272	+1	ŌłÆ1	71	141
2019	12	08	SD	ZN	1	1	CEC	UG	5	1277	1363	+1	0	138	115
2019	12	10	KE	SD	2	1	CEC	UG	14	1404	1263	+2	ŌłÆ4	106	142
2019	12	14	SD	TZ	0	0	CEC	UG	3	1266	1321	+1	0	141	127
2020	01	25	ER	SD	0	1	F		-10	1139	1276	ŌłÆ2	+3	176	138
2020	09	23	TD	SD	2	3	F		-11	1199	1287	ŌłÆ3	+1	157	137
2020	09	25	TD	SD	0	2	F		-16	1183	1303	ŌłÆ6	+6	163	131
2020	10	09	TN	SD	3	0	F		3	1622	1300	+1	ŌłÆ1	56	132
2020	10	12	SD	TG	1	1	F	TN	0	1300	1313	0	0	132	129
2020	11	06	ET	SD	2	2	F		-2	1258	1302	ŌłÆ1	+1	145	131
2020	11	12	GH	SD	2	0	FQ		5	1635	1297	0	ŌłÆ1	50	133
2020	11	17	SD	GH	1	0	FQ		32	1329	1603	+7	ŌłÆ8	125	58
2021	03	24	ST	SD	0	2	FQ		-18	1065	1347	0	+6	183	118
2021	03	28	SD	ZA	2	0	FQ		36	1383	1478	+14	ŌłÆ9	107	85
2021	06	11	SD	ZM	3	2	F		10	1393	1480	+3	ŌłÆ3	104	84
2021	06	13	SD	ZM	0	1	F		-10	1383	1490	ŌłÆ3	+3	107	82
2021	06	19	SD	LY	1	0	ARQ	QA	18	1401	1327	+4	ŌłÆ3	103	127
2021	08	22	NE	SD	2	1	F	AE	15	1245	1386	+1	ŌłÆ3	148	105
2021	08	26	SD	NE	3	0	F	AE	11	1397	1234	+3	ŌłÆ1	102	149
2021	09	02	MA	SD	2	0	WQ		6	1687	1391	+2	ŌłÆ1	41	104
2021	09	07	SD	GW	2	4	WQ		-41	1350	1397	ŌłÆ16	+17	119	102
2021	10	06	GN	SD	1	1	WQ	MA	-5	1426	1355	ŌłÆ1	0	95	119
2021	10	09	GN	SD	2	2	WQ	MA	-4	1422	1359	ŌłÆ1	+3	97	115
2021	11	12	MA	SD	3	0	WQ		5	1713	1354	+1	ŌłÆ1	37	116
2021	11	15	GW	SD	0	0	WQ	MA	-2	1388	1356	0	+2	104	113
2021	12	01	DZ	SD	4	0	ARC	QA	7	1757	1349	0	ŌłÆ3	32	116
2021	12	04	EG	SD	5	0	ARC	QA	13	1646	1336	+3	ŌłÆ2	50	118
2021	12	07	LB	SD	1	0	ARC	QA	18	1384	1318	+5	ŌłÆ10	105	129
2021	12	30	ET	SD	3	2	F	CM	9	1346	1309	+1	ŌłÆ2	118	131
2022	01	02	SD	ZW	0	0	F	CM	0	1309	1311	0	0	131	130
2022	01	11	GW	SD	0	0	AR	CM	-6	1382	1315	ŌłÆ2	+1	105	129
2022	01	15	NG	SD	3	1	AR	CM	9	1678	1306	+2	ŌłÆ2	45	131
2022	01	19	EG	SD	1	0	AR	CM	6	1648	1300	0	ŌłÆ2	51	135
2022	03	26	CF	SD	0	0	FT	TZ	2	1256	1298	0	+1	145	135
2022	03	29	TZ	SD	1	1	FT		-5	1317	1303	ŌłÆ2	+3	128	132
2022	05	29	SS	SD	0	0	F	MA	5	1109	1298	+1	ŌłÆ1	177	134
2022	06	04	MR	SD	3	0	FQ		22	1353	1276	+8	ŌłÆ7	113	140
2022	06	08	SD	CD	2	1	FQ		25	1301	1446	+5	ŌłÆ6	135	91
2022	09	23	ET	SD	1	1	F		-4	1352	1305	0	+1	118	134
2022	09	26	ET	SD	2	2	F		-4	1348	1309	ŌłÆ1	0	119	135
2022	11	17	RW	SD	0	0	F		-2	1270	1311	0	0	142	133
2022	11	19	RW	SD	1	0	F		8	1278	1303	+1	ŌłÆ3	141	136
2023	03	23	GA	SD	1	0	FQ		7	1494	1296	0	ŌłÆ2	81	138
2023	03	27	SD	GA	1	0	FQ		25	1321	1469	+10	ŌłÆ4	128	85
2023	06	20	MR	SD	3	0	FQ	MA	30	1401	1291	+7	ŌłÆ7	107	136
2023	09	09	CD	SD	2	0	FQ		8	1524	1283	+4	ŌłÆ4	73	143
2023	10	15	SD	TZ	1	1	F	SA	2	1285	1340	0	ŌłÆ1	144	121
2023	10	17	SD	TD	1	0	F	SA	7	1292	1179	+3	0	141	163
2023	10	20	TD	SD	1	1	F	SA	3	1182	1289	0	ŌłÆ2	163	143
2023	11	11	LY	SD	2	1	F		6	1331	1283	+3	ŌłÆ2	125	145
2023	11	16	SD	TG	1	1	WQ	LY	6	1289	1381	0	+1	145	108
2023	11	19	SD	CD	1	0	WQ	LY	32	1321	1497	+10	ŌłÆ6	132	79
2024	03	10	BD	SD	0	0	F	SA	8	948	1313	0	ŌłÆ2	193	133
2024	03	14	SD	BD	3	0	F	SA	4	1317	944	0	0	133	193
2024	03	22	SD	GW	1	0	F	MA	11	1328	1350	+5	ŌłÆ2	128	116
2024	03	25	GW	SD	2	1	F	MA	9	1359	1319	+4	ŌłÆ4	113	131
2024	05	15	SD	TZ	2	1	F	SA	11	1330	1342	+4	ŌłÆ4	127	121
2024	05	19	SD	TZ	1	1	F	SA	0	1330	1342	0	0	127	121
2024	06	06	MR	SD	0	2	WQ		-43	1350	1373	ŌłÆ10	+17	117	110
2024	06	11	SS	SD	0	3	WQ		-23	1127	1396	ŌłÆ3	+4	168	108
2024	08	30	ET	SD	2	0	F		16	1300	1380	+4	ŌłÆ1	140	110
2024	09	04	SD	NE	1	0	FQ	SS	12	1392	1226	+1	ŌłÆ3	109	156
2024	09	09	AO	SD	2	1	FQ		7	1583	1385	+1	ŌłÆ2	64	110
2024	10	10	GH	SD	0	0	FQ		-11	1488	1396	ŌłÆ1	+2	86	106
2024	10	15	SD	GH	2	0	FQ	LY	38	1434	1450	+9	ŌłÆ7	97	92
2024	11	14	NE	SD	4	0	FQ	TG	57	1288	1377	+13	ŌłÆ15	141	112
2024	11	18	AO	SD	0	0	FQ	LY	-11	1569	1388	ŌłÆ4	+5	71	110
2025	03	13	OM	SD	0	0	F		-6	1508	1394	0	+2	80	110
2025	03	22	SN	SD	0	0	WQ	LY	-16	1755	1410	ŌłÆ2	+8	32	100
2025	03	25	SS	SD	1	1	WQ	LY	14	1133	1396	+6	ŌłÆ5	166	105
2025	09	05	SN	SD	2	0	WQ		3	1788	1393	+3	ŌłÆ3	26	107
2025	09	09	TG	SD	1	0	WQ		17	1362	1376	+5	ŌłÆ2	117	108
2025	10	10	MR	SD	0	0	WQ	TZ	2	1345	1374	+1	ŌłÆ1	123	111
2025	10	14	CD	SD	1	0	WQ		6	1596	1368	ŌłÆ1	ŌłÆ3	65	113
2025	11	14	OM	SD	2	0	F		6	1509	1362	+1	ŌłÆ1	81	114
2025	11	26	SD	LB	2	1	ARQ	QA	19	1381	1333	+5	ŌłÆ10	109	126
2025	12	03	DZ	SD	0	0	ARC	QA	-15	1702	1396	ŌłÆ3	+4	43	105
2025	12	06	IQ	SD	2	0	ARC	QA	14	1620	1382	+4	ŌłÆ3	59	108
2025	12	09	BH	SD	3	1	ARC	QA	29	1418	1353	+5	ŌłÆ7	100	115
2025	12	24	DZ	SD	3	0	AR	MA	9	1734	1344	+2	ŌłÆ1	38	116
2025	12	28	SD	GQ	1	0	AR	MA	31	1375	1391	+8	ŌłÆ8	109	106
2025	12	31	BF	SD	2	0	AR	MA	20	1571	1355	+3	ŌłÆ6	70	115
2026	01	03	SN	SD	3	1	AR	MA	5	1812	1350	0	0	24	115