1915	08	17	UM	RG	0	5	F		-21	1379	1499	−	+1	27	22
1921	08	28	UM	RG	1	2	F		-9	1370	1508	0	0	33	29
1923	08	27	UM	RG	2	1	F		11	1381	1497	0	−1	45	38
1925	05	19	RG	UM	3	5	WTC		-33	1417	1414	−1	+2	44	45
1925	05	23	RG	UM	0	0	WTC		-4	1413	1418	−1	+1	45	44
1925	05	26	RG	UM	1	0	WTC		11	1424	1407	+1	−1	44	45
1927	08	28	UM	RG	0	2	WTC		-28	1379	1444	−2	0	49	46
1927	08	31	UM	RG	1	2	WTC		-17	1362	1461	−1	+1	50	45
1927	09	02	UM	RG	1	1	WTC		0	1362	1461	0	0	50	45
1928	10	04	RG	UM	2	1	WTC		8	1457	1354	+1	0	46	53
1928	10	09	RG	UM	0	1	WTC		-23	1434	1377	−1	+3	47	50
1928	10	12	RG	UM	4	0	WTC		16	1450	1361	0	−3	47	53
1929	09	05	UM	RG	3	0	F		17	1378	1433	+3	−1	51	48
1930	08	31	UM	RG	2	0	F		15	1393	1462	+1	0	52	45
1930	09	07	UM	RG	1	4	F		-19	1374	1481	−2	0	54	45
1930	09	08	UM	RG	2	0	F		15	1389	1466	+2	0	52	45
1931	08	30	UM	RG	1	2	WTC		-14	1375	1523	0	0	55	40
1931	09	01	UM	RG	1	0	WTC		17	1392	1506	0	−1	55	41
1931	09	03	UM	RG	2	0	WTC		23	1415	1483	+2	−6	53	47
1932	03	02	RG	UM	3	3	WTC		-7	1476	1422	−1	0	48	54
1932	03	05	RG	UM	1	2	WTC		-21	1455	1443	−1	+2	49	52
1932	03	07	RG	UM	3	1	WTC		15	1470	1428	+1	−1	48	53
1932	08	31	UM	RG	1	0	AMO		13	1441	1466	+1	0	53	50
1932	09	02	UM	RG	1	0	AMO		12	1453	1454	+2	0	51	50
1932	09	04	UM	RG	0	2	AMO		-29	1424	1483	−3	+1	54	49
1933	05	03	RG	UM	2	0	AMO		13	1496	1411	+1	−1	50	56
1933	05	05	RG	UM	0	1	AMO		-22	1474	1433	−2	+1	52	55
1933	05	08	RG	UM	1	0	AMO		9	1483	1424	+1	0	51	55
1933	08	27	UM	RG	2	1	WTC		13	1437	1470	0	−1	56	51
1933	08	31	UM	RG	1	2	WTC		-18	1419	1488	0	+2	56	49
1933	09	07	UM	RG	2	0	WTC		20	1439	1468	0	−1	56	50
1934	05	14	RG	UM	0	1	WTC		-20	1450	1459	−3	+5	54	52
1934	05	16	RG	UM	1	1	WTC		-4	1446	1463	−1	+1	55	51
1934	05	18	RG	UM	1	1	WTC		-4	1442	1467	−1	0	56	51
1934	07	22	CW	UM	3	1	FT		10	1598	1457	+1	0	36	53
1934	07	25	CW	UM	3	2	FT		6	1604	1451	0	0	36	53
1934	07	29	CW	UM	2	2	FT		-9	1595	1460	0	0	36	53
1934	07	31	AW	UM	1	1	F		2	1278	1458	0	0	71	53
1934	08	06	TT	UM	3	3	F		-5	1538	1463	0	0	42	53
1934	08	28	UM	RG	0	0	AMO		-5	1458	1447	0	+2	53	55
1934	08	31	UM	RG	1	0	AMO		10	1468	1437	+2	−3	51	58
1934	09	02	UM	RG	2	0	AMO		14	1482	1423	+1	0	50	58
1935	00	00	UM	TT	0	3	F		-20	1462	1558	−3	0	54	42
1935	05	10	RG	UM	0	1	AMO		-17	1401	1479	−1	+2	59	52
1935	05	15	RG	UM	4	0	AMO		26	1427	1453	+1	−2	58	54
1935	05	17	RG	UM	1	3	AMO		-27	1400	1480	−1	+2	59	52
1935	05	20	UM	CW	0	1	F		-9	1471	1611	−1	0	53	36
1935	05	22	UM	CW	4	1	GSC		29	1500	1582	+3	−3	50	39
1935	05	24	UM	CW	2	1	F		9	1509	1573	+3	−1	47	40
1935	08	29	UM	RG	0	1	WTC		-23	1486	1423	−7	+1	53	58
1935	08	31	UM	RG	4	0	WTC		16	1502	1407	+3	−1	50	59
1935	09	03	UM	RG	2	1	WTC		7	1509	1400	+3	0	46	59
1935	09	30	UM	AW	1	1	F		-8	1501	1277	−3	0	49	71
1935	10	02	UM	AW	0	0	WCO		-11	1490	1288	−3	+2	52	69
1935	12	29	GF	UM	1	3	FT		-17	1283	1507	−	+4	71	48
1936	05	06	RG	UM	1	1	WTC		0	1400	1507	0	0	58	48
1936	05	13	RG	UM	1	2	WTC		-15	1385	1522	−2	+4	60	45
1936	08	29	UM	RG	0	0	AMO		-9	1513	1394	−1	+2	47	58
1936	08	31	UM	RG	2	4	AMO		-35	1478	1429	−4	+1	51	57
1936	09	01	UM	RG	0	2	AMO		-32	1446	1461	−3	+4	54	53
1936	09	02	UM	RG	6	0	AMO		24	1470	1437	+2	−2	52	55
1937	01	04	UM	RG	8	0	FT		23	1493	1414	+2	−3	50	58
1937	01	06	UM	TT	1	1	FT		0	1493	1599	0	0	50	35
1937	01	08	UM	TT	3	3	FT		0	1493	1599	0	0	50	35
1937	01	09	UM	TT	2	2	FT		0	1493	1599	0	0	50	35
1937	05	11	RG	UM	1	1	AMO		0	1393	1493	0	0	58	50
1937	05	18	RG	UM	1	0	AMO		15	1408	1478	0	−1	58	51
1937	05	21	RG	UM	0	0	AMO		-1	1407	1479	0	+1	58	50
1937	08	31	UM	RG	1	0	WTC		8	1487	1399	0	0	51	57
1937	09	01	UM	RG	3	2	WTC		8	1495	1391	0	0	51	57
1937	09	02	UM	RG	2	1	WTC		7	1502	1384	+2	−3	49	60
1938	04	04	TT	UM	1	0	FT	RG	10	1628	1492	+3	−1	35	53
1938	04	05	UM	TT	3	0	FT	RG	36	1528	1592	+5	−5	48	40
1938	04	08	UM	TT	1	0	FT	RG	18	1546	1588	+2	−1	46	41
1938	04	11	RG	UM	1	1	WTC		4	1352	1542	+1	−1	66	47
1938	04	12	RG	UM	0	2	WTC		-17	1335	1559	−2	+2	68	45
1938	04	14	RG	UM	0	3	WTC		-17	1318	1576	−1	+2	69	43
1938	07	05	CW	UM	2	1	DNR		11	1572	1565	+1	−1	43	44
1938	07	07	CW	UM	1	0	GSC		11	1583	1554	0	0	43	44
1938	07	08	AW	UM	5	0	WCO		42	1342	1512	+6	−6	68	50
1938	07	10	CW	UM	4	1	F		10	1593	1502	+3	−1	40	51
1938	08	31	UM	RG	1	1	AMO		-10	1492	1328	−2	+2	53	69
1938	09	04	UM	RG	1	0	AMO		5	1497	1323	+2	−2	51	71
1938	09	09	UM	RG	1	0	AMO		5	1502	1318	0	0	51	71
1938	09	13	UM	RG	1	1	F		-7	1495	1325	−2	+1	53	70
1938	09	16	UM	RG	2	1	F		3	1498	1322	+2	−1	51	71
1941	08	31	UM	RG	4	1	F		6	1504	1316	+1	0	53	74
1941	09	04	UM	RG	4	3	F		3	1507	1313	0	0	53	74
1941	09	07	UM	RG	2	1	F		3	1510	1310	−1	−1	54	75
1943	11	15	RG	UM	2	0	BBC		29	1339	1481	+5	−2	73	57
1943	11	19	RG	UM	0	1	BBC		-13	1326	1494	−2	+1	75	56
1943	11	22	RG	UM	0	4	BBC		-23	1303	1517	−4	+3	79	53
1944	08	25	UM	CW	1	2	GBT		-20	1497	1521	−5	+5	58	52
1944	08	27	UM	AW	5	0	GBT		12	1509	1353	+2	−1	56	69
1944	08	31	UM	CW	0	2	GBS		-28	1481	1557	−3	+4	59	47
1944	09	05	UM	AW	2	3	GBT		-24	1457	1356	−1	+5	60	69
1945	08	26	UM	RG	3	1	BBC		10	1467	1331	0	−1	58	73
1945	08	31	UM	RG	4	1	BBC		11	1478	1320	+1	−1	57	74
1945	09	02	UM	RG	6	0	BBC		12	1490	1308	0	−2	57	76
1946	00	00	GF	UM	1	3	F		-11	1272	1501	−1	+2	85	55
1946	06	05	AW	UM	8	1	FT	CW	45	1421	1456	+3	−2	63	58
1946	06	10	CW	UM	6	0	FT		16	1566	1440	+1	−3	46	61
1946	10	21	RG	UM	3	0	BBC		29	1337	1411	+2	−2	73	64
1946	10	25	RG	UM	0	1	BBC		-16	1321	1427	−2	+1	75	63
1946	10	28	RG	UM	3	1	BBC		23	1344	1404	+3	−1	72	64
1947	03	02	UM	GF	9	0	F		10	1414	1262	0	0	65	86
1947	08	31	UM	CW	2	2	HEC		-1	1413	1500	0	0	65	54
1947	09	01	UM	RG	4	0	BBC		15	1428	1329	+3	−1	62	79
1947	09	03	UM	CW	3	3	HEC		-1	1427	1501	0	0	62	54
1947	09	05	UM	RG	0	0	BBC		-8	1419	1337	−2	+1	64	78
1947	09	07	UM	RG	1	0	BBC		8	1427	1329	+4	−1	60	79
1947	09	07	UM	CW	3	0	HEC		24	1451	1477	+4	−4	60	58
1948	03	12	UM	TT	1	0	F		9	1460	1506	+2	−3	59	54
1948	03	14	UM	TT	0	0	F		-2	1458	1508	0	0	59	54
1948	03	16	UM	TT	0	2	F		-17	1441	1525	−3	+3	62	51
1948	04	27	RG	UM	2	2	F		-1	1366	1442	0	0	77	63
1948	04	28	RG	UM	0	4	F		-20	1346	1462	−1	+4	78	59
1948	04	30	RG	UM	5	4	AMO		16	1362	1446	+1	−2	77	61
1948	05	02	RG	UM	0	2	AMO		-24	1338	1470	−1	+3	78	58
1948	05	03	RG	UM	3	0	AMO		29	1367	1441	+1	−5	77	63
1948	08	31	UM	CW	2	0	FT		16	1457	1430	+4	−3	60	65
1948	09	01	UM	RG	0	0	AMO		-7	1450	1374	−1	0	61	76
1948	09	04	UM	CW	2	1	FT		10	1460	1418	+1	−3	60	68
1948	09	05	UM	RG	6	0	AMO		16	1476	1360	+3	−1	57	76
1948	09	07	UM	RG	2	2	AMO		-8	1468	1368	−2	0	59	76
1948	09	26	GF	UM	2	4	CIQ		-21	1241	1489	−1	+2	94	57
1948	09	30	UM	RG	3	0	CIQ	GF	23	1512	1345	+2	−1	55	77
1948	12	18	MQ	UM	4	3	CIB	GP	18	1565	1494	+7	−3	43	58
1949	05	01	UM	AW	0	0	F		-5	1489	1424	0	0	59	66
1949	05	08	UM	AW	6	1	F		11	1500	1413	0	−1	59	67
1949	08	14	UM	GF	5	0	F		5	1505	1244	+2	0	57	97
1949	08	19	UM	GF	2	1	F		2	1507	1242	+2	0	55	97
1950	08	27	UM	RG	0	1	BBC		-26	1481	1324	−3	+6	59	84
1950	08	31	UM	RG	3	0	BBC		10	1491	1314	+1	0	58	84
1950	09	03	UM	RG	4	1	BBC		9	1500	1305	0	−1	58	85
1950	11	18	UM	CW	3	2	FT	TT	14	1514	1473	+3	−1	55	62
1950	11	25	TT	UM	5	0	FT		20	1551	1494	+6	−4	46	59
1950	11	28	CW	UM	3	0	FT	TT	29	1493	1465	+4	−4	59	63
1950	11	30	TT	UM	1	1	FT		-7	1544	1472	−2	+1	48	62
1951	08	31	UM	RG	6	1	HET		11	1483	1294	+2	−6	62	94
1951	09	02	UM	RG	5	0	HET		10	1493	1284	+3	−2	59	96
1951	09	09	UM	RG	4	0	HET		8	1501	1276	0	−2	59	98
1952	02	14	AW	UM	2	1	F		11	1378	1490	0	0	79	61
1952	02	17	UM	RG	9	0	F	AN	11	1501	1265	0	−2	61	100
1953	02	07	AW	UM	2	1	FT		15	1410	1486	0	−5	76	63
1953	02	09	UM	RG	9	0	FT	AW	16	1502	1249	+5	−4	58	104
1953	08	29	UM	AW	3	3	FT		-7	1495	1425	0	+1	58	74
1953	09	03	UM	AW	3	3	FT		-7	1488	1432	−3	+1	61	74
1954	08	29	UM	CW	1	3	F		-20	1468	1484	−7	+5	73	68
1954	09	01	UM	CW	0	0	F		-2	1466	1486	0	+1	73	67
1955	12	14	UM	TT	5	2	F		18	1484	1566	+3	−1	68	47
1955	12	16	UM	TT	3	1	F		14	1498	1552	+2	−9	66	56
1955	12	18	UM	TT	3	0	F		15	1513	1537	+2	−2	64	58
1956	09	25	RG	UM	1	1	F		4	1256	1509	0	0	115	66
1956	09	28	RG	UM	2	1	F		14	1270	1495	+3	0	112	66
1956	10	01	RG	UM	1	2	F		-7	1263	1502	−1	0	113	66
1958	00	00	GP	UM	3	1	F		13	1472	1489	+5	−5	71	69
1959	05	30	MQ	UM	3	1	F		10	1515	1479	+3	−3	63	77
1959	05	31	MQ	UM	5	3	F		9	1524	1470	+1	0	62	77
1959	06	06	GP	UM	3	3	F		-3	1481	1473	−1	0	76	77
1959	06	07	GP	UM	3	1	F		10	1491	1463	+3	−2	73	79
1959	09	20	UM	MQ	1	0	F		9	1472	1526	+3	−3	76	61
1959	09	25	UM	MQ	4	1	F		15	1487	1511	+4	−2	72	63
1959	10	25	AN	UM	2	2	OQ		-7	1500	1494	−4	+1	69	72
1959	11	29	UM	AN	4	1	OQ		26	1520	1474	+10	−9	60	76
1960	02	15	CU	UM	0	2	CCF		-16	1172	1536	−1	+4	128	57
1960	02	17	CR	UM	3	1	CCF	CU	18	1752	1518	+2	−4	23	61
1960	02	21	HN	UM	1	1	CCF	CU	5	1451	1513	0	0	78	61
1960	02	27	AN	UM	1	0	CCF	CU	26	1524	1487	+9	−11	61	72
1960	07	03	UM	NL	3	4	F		-7	1480	1702	−3	+3	74	30
1960	10	02	UM	AN	1	2	WQ		-24	1456	1531	−6	+6	78	60
1960	11	27	AN	UM	0	0	WQ		-9	1522	1465	−2	+2	64	75
1961	00	00	JM	UM	5	0	FT	TT	39	1397	1426	+10	−9	94	84
1962	08	31	UM	GP	3	1	F		14	1440	1487	+2	−2	85	72
1962	09	16	TT	UM	1	1	F		-4	1502	1444	−3	0	71	83
1962	09	18	TT	UM	1	0	F		6	1508	1438	+3	0	68	83
1962	09	20	TT	UM	1	1	F		-5	1503	1443	−3	0	71	83
1962	09	22	TT	UM	1	1	F		-4	1499	1447	0	+1	71	82
1962	10	13	UM	GP	3	3	F		-2	1445	1489	−1	0	83	72
1962	10	15	UM	GF	4	2	F		4	1449	1238	+1	−1	82	123
1963	03	31	UM	TT	3	1	F		13	1462	1486	+1	−3	80	73
1963	04	02	UM	TT	1	2	F		-12	1450	1498	−1	+3	81	70
1963	04	04	UM	TT	4	3	F		9	1459	1489	+1	−1	80	70
1963	08	04	AN	UM	2	1	OQ		9	1587	1450	+1	−1	53	80
1963	08	06	AW	UM	0	0	F		-2	1411	1452	0	0	90	80
1963	10	13	UM	AN	3	0	OQ		39	1491	1551	+11	−4	70	57
1963	10	15	UM	AN	2	3	F		-11	1480	1562	−4	+2	74	55
1964	03	20	UM	PA	6	1	OQ	MX	15	1495	1208	+3	−2	71	128
1964	06	04	GF	UM	3	1	F		21	1259	1474	+3	−4	119	76
1964	06	05	GF	UM	3	3	F		3	1262	1471	0	0	119	76
1965	02	07	TT	UM	4	1	WQ		21	1545	1450	+5	−4	59	81
1965	02	12	CR	UM	1	0	WQ		3	1777	1447	0	0	20	81
1965	02	28	UM	CR	1	3	WQ		-12	1435	1801	0	0	82	19
1965	03	14	UM	TT	6	1	WQ		37	1472	1474	+5	−9	78	77
1965	07	25	UM	GF	7	0	F		6	1478	1256	0	0	75	121
1965	07	26	UM	GF	5	0	F		5	1483	1251	+1	0	74	121
1966	06	11	TT	UM	3	2	DVC	HT	17	1456	1466	+2	−4	81	78
1966	06	13	HT	UM	1	4	DVC		-31	1399	1497	−8	+12	94	66
1966	06	15	UM	GP	4	0	DVC	HT	28	1525	1469	+5	−11	61	77
1966	06	18	UM	JM	5	3	DVC	HT	9	1534	1275	+2	−3	59	123
1966	06	20	AN	UM	1	1	DVC	HT	3	1475	1531	+5	−1	72	60
1966	10	15	GF	UM	3	3	F		5	1256	1526	+1	0	126	62
1966	10	16	GF	UM	0	3	F		-10	1246	1536	−2	+4	128	58
1967	05	14	UM	GF	6	1	F		4	1540	1242	+1	0	59	126
1967	05	15	UM	GF	3	0	F		3	1543	1239	+1	0	58	126
1967	05	21	TT	UM	1	0	OQ		21	1450	1522	+5	−6	83	64
1967	05	27	UM	TT	5	2	OQ		19	1541	1431	+7	−5	57	88
1967	07	30	GY	UM	2	2	F		6	1226	1535	+1	−3	130	62
1967	07	31	GY	UM	0	1	F		-5	1221	1540	−1	+2	131	60
1967	08	02	GY	UM	0	2	F		-7	1214	1547	0	+3	131	57
1968	04	06	BB	UM	0	2	F		-7	1229	1554	0	0	125	60
1968	04	08	BB	UM	0	0	F		6	1235	1548	0	0	125	60
1968	04	11	MQ	UM	1	3	F		-16	1464	1564	−3	+1	75	59
1968	04	14	MQ	UM	3	2	F		10	1474	1554	+3	−1	72	60
1968	09	01	UM	GF	2	1	F		2	1556	1237	0	0	59	125
1968	10	06	UM	MQ	7	0	F		12	1568	1462	+1	−2	58	75
1968	10	08	UM	MQ	0	0	F		-5	1563	1467	−1	+3	59	72
1968	11	24	UM	AN	6	0	WQ		19	1582	1427	+4	−5	55	86
1968	12	01	SV	UM	6	0	WQ		37	1568	1545	+7	−7	58	62
1968	12	05	AN	UM	2	0	WQ		32	1459	1513	+8	−7	77	69
1968	12	22	UM	SV	4	1	WQ		32	1545	1554	+5	−8	63	61
1969	01	15	UM	DK	2	1	F		10	1555	1626	+2	−2	61	44
1969	04	26	GF	UM	1	2	F		-4	1233	1559	−1	+1	125	60
1969	10	00	UM	MQ	0	0	F		-5	1554	1453	−1	+1	60	79
1969	10	05	UM	GF	1	1	F		-8	1546	1244	−1	0	61	125
1969	10	14	DM	UM	1	3	F		-7	1218	1553	0	+3	128	58
1969	10	16	DM	UM	1	9	F		-10	1208	1563	−2	+1	130	57
1969	11	11	GF	UM	3	2	F		16	1260	1547	+3	−4	122	62
1970	10	04	UM	TT	3	2	FT		5	1552	1373	+2	−1	58	97
1970	10	09	UM	AN	5	1	FT		12	1564	1409	0	−4	58	92
1970	11	11	UM	GF	3	2	F		2	1566	1258	0	−1	58	125
1971	04	22	UM	PA	3	0	OQ		4	1570	1151	+1	0	59	142
1971	04	26	GT	UM	2	2	OQ		-8	1613	1578	−1	+6	46	53
1971	04	27	PA	UM	4	1	OQ	GT	64	1215	1514	+10	−13	132	66
1971	04	30	GT	UM	0	1	OQ		-30	1583	1544	−5	+3	51	63
1971	10	01	UM	GY	4	1	CCQ		6	1550	1212	0	−2	61	131
1971	10	04	GY	UM	2	3	CCQ		-8	1204	1558	−2	+2	133	59
1972	11	28	TT	UM	2	1	WCQ		21	1456	1537	+5	−3	73	60
1972	11	30	TT	UM	1	1	WCQ		-1	1455	1538	0	0	72	60
1972	12	03	AG	UM	0	6	WCQ		-16	1167	1554	−3	+2	141	58
1972	12	05	AG	UM	1	3	WCQ		-10	1157	1564	0	+4	141	54
1973	10	27	AN	UM	1	1	F		2	1397	1562	+1	−1	92	58
1973	10	29	AN	UM	2	2	F		2	1399	1560	0	0	92	58
1973	11	06	UM	BB	2	0	FT	GY	7	1567	1257	+2	−1	55	126
1973	11	08	GY	UM	0	2	FT		-8	1200	1575	−1	+1	134	54
1974	00	00	GP	UM	3	0	F		20	1448	1555	+4	−5	79	58
1974	11	23	UM	TT	0	0	F		-3	1552	1535	−2	0	53	60
1974	11	25	UM	TT	2	1	F		7	1559	1528	+2	−2	51	62
1974	12	22	UM	TT	2	3	F		-14	1545	1542	−6	+3	57	59
1974	12	26	BM	UM	2	1	F		13	1350	1532	+3	−4	105	61
1974	12	29	BM	UM	1	3	F		-12	1338	1544	−3	+4	108	57
1975	01	03	BM	UM	2	5	F		-12	1326	1556	−2	+5	110	52
1975	01	10	UM	TT	3	0	F		12	1568	1530	+2	−4	50	62
1975	03	29	TT	UM	0	0	F		-2	1528	1570	−2	+1	62	50
1975	03	30	GP	UM	4	2	F		17	1449	1553	+6	−2	81	53
1975	03	31	BB	UM	1	0	F		15	1263	1538	+3	−3	123	56
1975	08	10	UM	TT	2	0	OQ		20	1558	1504	+3	−5	55	65
1975	08	24	TT	UM	1	1	OQ		-3	1501	1561	−2	0	66	52
1975	12	07	SR	CU	0	1	OQ		-28	1533	1535	−6	+4	60	59
1975	12	21	CU	SR	6	1	OQ		29	1564	1504	+7	−2	52	62
1975	12	26	BM	SR	1	5	F		-15	1311	1519	−3	+2	115	59
1976	07	04	GY	SR	2	0	WCQ		47	1247	1472	+9	−11	126	71
1976	08	29	SR	GY	3	0	WCQ		9	1481	1238	+3	−3	68	128
1976	11	07	SR	TT	1	1	WCQ		-5	1476	1506	0	+3	73	62
1976	11	14	TT	SR	2	2	WCQ		-7	1499	1483	−5	0	67	73
1976	11	28	SR	GF	0	1	F		-17	1466	1263	−4	+3	77	122
1976	12	09	SR	US	0	0	F		-3	1463	1478	−2	0	78	73
1976	12	12	SR	US	1	1	F		-2	1461	1480	0	0	78	73
1976	12	18	SR	TT	3	2	WCQ	GF	22	1483	1477	+6	−7	72	74
1977	09	18	SR	TT	2	1	F		7	1490	1469	+1	−2	68	75
1977	10	08	GT	SR	3	2	WQC	MX	19	1601	1471	0	−6	48	74
1977	10	12	CA	SR	2	1	WQC	MX	23	1527	1448	+2	−6	63	80
1977	10	15	MX	SR	8	1	WQC		9	1775	1439	+2	−4	21	84
1977	10	20	SV	SR	3	2	WQC	MX	22	1496	1417	+5	−5	67	89
1977	10	23	HT	SR	1	0	WQC	MX	13	1617	1404	+2	0	45	89
1978	07	09	GY	SR	1	2	CUQ		-15	1209	1419	−4	+1	132	89
1978	07	30	SR	GY	2	0	CUQ		9	1428	1200	+4	−4	84	136
1978	09	30	AN	SR	0	2	CUQ		-23	1225	1451	−4	+6	128	78
1978	10	13	SR	AN	3	0	CUQ		9	1460	1216	+1	−2	77	130
1978	10	22	SR	HT	3	0	CUC	TT	49	1509	1558	+12	−12	65	58
1978	10	25	TT	SR	0	1	CUC		-22	1425	1531	−6	+2	86	63
1978	10	28	SR	AG	4	0	CUC	TT	8	1539	1145	+1	0	62	139
1979	05	06	BB	SR	1	2	OQ		-11	1255	1550	−4	+3	123	58
1979	05	20	SR	BB	5	1	OQ		7	1557	1248	+3	0	56	123
1979	08	11	TT	SR	2	0	OQ		29	1501	1528	+7	−5	68	64
1979	08	26	SR	TT	3	1	OQ		19	1547	1482	+4	−4	60	72
1979	09	30	SR	TT	2	0	OQ		17	1564	1465	+1	−10	59	81
1979	11	12	SR	VC	2	3	CUC		-30	1534	1497	−3	+11	62	71
1979	11	15	SR	TT	3	0	CUC		20	1554	1449	+2	−2	60	83
1979	11	18	SR	HT	0	1	CUC		-21	1533	1661	−3	+3	63	38
1979	12	07	HT	SR	2	0	OQ		13	1674	1520	+2	−3	37	67
1979	12	14	SR	HT	2	0	OQ		35	1555	1639	+7	−7	60	44
1980	01	12	SR	HT	2	0	OQ	JM	37	1592	1602	+10	−4	50	48
1980	03	12	CR	SR	3	2	OQ		14	1610	1578	+1	−3	48	53
1980	03	30	SR	CR	2	3	OQ		-24	1554	1634	−5	+2	59	45
1980	08	17	CU	SR	3	0	WCQ		21	1620	1533	+3	−2	47	60
1980	09	07	SR	CU	0	0	WCQ		-1	1532	1621	0	0	59	47
1980	09	28	GY	SR	0	1	WCQ		-12	1263	1544	−3	0	120	59
1980	10	12	SR	GY	4	0	WCQ		8	1552	1255	+2	−1	57	121
1981	06	07	SR	GF	3	1	CUQ		6	1558	1268	+2	−1	55	118
1981	06	21	GF	SR	3	1	CUQ		45	1313	1513	+10	−14	108	69
1981	07	19	SR	GF	1	0	CUQ		6	1519	1307	+1	−2	68	109
1981	08	02	SR	TT	0	0	CUQ		-12	1507	1401	−1	+1	69	90
1981	08	15	TT	SR	3	2	CUQ		20	1421	1487	+2	−4	88	73
1981	09	13	VC	SR	2	1	CUQ		15	1496	1472	+4	−4	72	77
1981	09	27	SR	VC	3	3	CUQ		-4	1468	1500	0	0	78	72
1982	06	27	TT	SR	2	3	F		-13	1479	1481	−7	+4	77	76
1983	03	06	BB	SR	1	0	CUQ		25	1326	1456	+7	−4	104	81
1983	03	08	BB	SR	0	0	CUQ		2	1328	1454	+1	0	103	81
1983	05	22	SR	PR	3	2	PAQ		1	1455	969	0	0	80	166
1983	05	29	SR	CU	1	0	OQ		22	1477	1573	+3	−9	78	56
1983	06	12	CU	SR	3	0	OQ		17	1590	1460	+9	−4	47	81
1983	06	19	PR	SR	0	1	PAQ		-4	965	1464	0	0	166	81
1984	00	00	SR	TT	0	0	F		-3	1461	1458	−2	+1	82	80
1984	00	00	TT	SR	1	0	F		7	1465	1454	+1	−2	80	82
1984	06	15	SR	IN	6	2	F		5	1459	1234	0	−1	80	129
1984	06	17	SR	IN	4	1	F		5	1464	1229	0	−2	80	131
1984	08	15	SR	GY	1	0	WCQ		5	1469	1209	0	−4	81	139
1984	08	29	GY	SR	1	1	WCQ		9	1218	1460	+5	−1	134	81
1984	11	09	GY	SR	1	1	F		4	1222	1456	+1	0	132	83
1984	11	11	GY	SR	1	1	F		4	1226	1452	0	−1	132	84
1985	02	24	SV	SR	3	0	WQC		28	1513	1424	+9	−2	67	86
1985	02	27	SV	SR	3	0	WQC		22	1535	1402	+4	−4	63	90
1985	03	03	HN	SR	1	1	WQC		-19	1620	1421	−4	+5	44	86
1985	03	06	HN	SR	2	1	WQC		8	1628	1413	0	−1	44	87
1985	03	17	GF	SR	0	1	CUQ		-18	1258	1431	−4	+2	124	85
1985	03	27	GY	SR	0	1	CUQ		-17	1258	1448	−3	+1	123	84
1985	04	27	GP	SR	1	0	CUQ	GF	24	1395	1424	+4	0	89	85
1985	05	05	TT	SR	0	1	CUQ		-28	1438	1452	−4	+1	85	84
1985	06	25	BB	SR	0	0	CUC		3	1305	1449	0	0	110	84
1985	06	27	MQ	SR	2	0	CUC	BB	25	1529	1424	+4	0	65	84
1985	06	30	GP	SR	2	2	CUC	BB	2	1383	1422	0	0	90	84
1985	08	24	TT	SR	1	1	F		-3	1410	1425	0	0	87	84
1987	11	11	GF	SR	1	1	CUQ		3	1268	1422	0	0	120	85
1987	12	05	SR	GF	1	0	CUQ		8	1430	1260	0	−1	85	121
1988	00	00	SR	GP	1	1	CUQ		-8	1422	1385	−9	+5	91	88
1988	00	00	GP	SR	2	0	CUQ		25	1410	1397	+5	−9	88	91
1990	04	29	SR	GY	5	0	CRQ		15	1412	1226	+3	−4	90	130
1990	05	15	GD	SR	3	1	CRQ	GY	37	1365	1375	+5	−12	103	100
1990	05	17	BB	SR	5	0	F		20	1298	1355	+3	−4	112	104
1990	05	27	AN	SR	1	1	CRQ		-5	1343	1360	−1	0	106	104
1991	03	02	SR	GF	3	0	F		8	1368	1227	+1	−1	99	132
1991	05	08	SR	AW	1	0	FCQ	GY	6	1374	1075	+3	−1	96	164
1991	05	12	GY	SR	1	1	FCQ		2	1244	1372	0	0	131	96
1992	04	08	SR	AW	5	0	CBQ		7	1379	1055	+4	0	102	174
1992	04	10	SR	GY	4	0	CBQ		11	1390	1161	+4	−1	98	156
1992	04	12	SR	GF	3	2	CBQ		8	1398	1249	+3	−3	95	139
1992	04	26	GY	SR	1	2	WQ		-14	1170	1412	−7	+4	155	91
1992	05	24	SR	GY	1	1	WQ		-15	1397	1185	−4	+7	95	148
1992	06	17	MQ	SR	4	1	CBC	TT	35	1431	1362	+7	−13	91	110
1992	06	19	AG	SR	1	1	CBC	TT	6	1256	1356	0	−1	139	111
1992	06	21	TT	SR	1	0	CBC		7	1533	1349	+1	−2	69	112
1992	08	02	SR	VC	0	0	WQ		-9	1340	1285	−2	+1	117	133
1992	08	30	VC	SR	2	1	WQ		17	1302	1323	+3	−4	130	120
1994	01	19	SR	GF	1	0	CBQ		12	1335	1256	+2	−2	120	141
1994	01	23	SR	GY	2	0	CBQ		8	1343	1110	+2	−1	118	170
1994	04	07	MQ	SR	2	0	CBC	TT	20	1487	1323	+7	−4	82	124
1994	04	09	SR	KY	2	0	CBC	TT	9	1332	1019	+2	−2	122	185
1994	04	11	HT	SR	1	1	CBC	TT	1	1310	1331	0	0	125	122
1994	04	14	TT	SR	3	2	CBC		7	1496	1324	+2	−1	80	123
1994	04	17	GP	SR	2	0	CBC	TT	27	1384	1297	+9	−7	107	130
1994	05	14	NG	SR	2	1	F	NL	1	1735	1296	0	0	28	130
1995	05	09	SR	GP	2	1	FCQ	GF	25	1321	1359	+5	−11	127	119
1995	05	11	MQ	SR	1	1	FCQ	GF	-9	1490	1330	−2	+3	81	124
1995	05	13	GF	SR	4	0	FCQ		37	1268	1293	+5	−8	138	132
1996	03	24	GF	SR	1	2	CBQ		-20	1168	1313	−5	+7	161	125
1996	03	31	SR	JM	0	1	WQ		-13	1300	1556	−3	+6	128	64
1996	04	14	SR	GF	1	1	CBQ		-12	1288	1180	−4	+2	132	159
1996	04	21	JM	SR	1	0	WQ		4	1560	1284	+2	−1	62	133
1996	04	28	SR	GY	2	1	CBQ		5	1289	1043	−2	0	134	181
1996	05	05	GY	SR	2	1	CBQ		28	1071	1261	+4	−5	177	139
1996	05	26	TT	SR	3	0	CBC		8	1524	1253	+1	0	73	139
1996	05	28	SR	JM	3	1	CBC	TT	49	1302	1466	+11	−12	128	87
1996	05	30	KN	SR	1	1	CBC	TT	6	1207	1296	0	−4	152	131
1996	06	03	CU	SR	4	0	CBC	TT	14	1570	1282	+1	−2	61	134
1996	06	05	MQ	SR	1	1	CBC	TT	-11	1476	1293	−1	+1	82	133
1998	03	03	AN	SR	3	3	FCQ	AW	5	1216	1288	+1	−1	147	134
1998	03	05	GF	SR	2	2	FCQ	AW	9	1137	1279	+1	−1	165	135
1998	03	07	AW	SR	3	3	FCQ		10	1000	1269	+2	0	189	135
1999	02	22	SR	GY	2	1	F		3	1272	1064	0	−1	136	179
1999	05	06	GD	SR	0	0	FCQ	AN	-2	1312	1274	0	0	128	138
1999	05	08	AN	SR	1	1	FCQ		1	1151	1273	0	0	162	138
2000	03	05	LC	SR	1	0	WQ		14	1287	1259	+3	−3	134	140
2000	03	19	SR	LC	1	0	WQ		16	1275	1271	+4	−5	137	139
2000	04	02	CU	SR	1	0	WQ		5	1510	1270	+1	−3	74	140
2000	04	16	SR	CU	0	0	WQ		8	1278	1502	+1	−1	137	75
2001	04	04	SR	AW	5	0	FCQ		8	1286	991	+1	−1	136	189
2001	04	06	SR	BB	2	2	FCQ		-2	1284	1354	0	0	136	120
2001	04	08	SR	GD	3	1	FCQ		24	1308	1284	+9	−9	127	136
2001	05	16	CU	SR	4	3	FQC	TT	10	1502	1298	+2	−4	75	131
2001	05	18	HT	SR	1	1	FQC	TT	-7	1424	1305	−2	+4	98	127
2001	05	20	KN	SR	4	0	FQC	TT	43	1299	1262	+13	−13	130	140
2002	07	28	AW	SR	0	2	CCQ		-15	960	1277	0	+5	190	138
2002	08	11	SR	AW	6	0	CCQ		7	1284	953	+4	0	134	190
2002	10	17	GF	SR	1	1	F		2	1118	1282	0	−1	169	135
2002	10	19	GF	SR	0	1	F		-8	1110	1290	0	+1	169	134
2004	01	10	SR	AN	1	1	PBC		-9	1281	1159	0	+2	133	163
2004	01	17	AN	SR	2	0	IEC		24	1183	1257	+6	−6	156	139
2004	02	28	AW	SR	1	2	WQ		-9	939	1266	−2	+2	194	139
2004	03	27	SR	AW	8	1	WQ		7	1273	932	+1	0	138	194
2004	06	12	SR	GT	1	1	WQ		10	1283	1546	+3	0	135	70
2004	06	20	GT	SR	3	1	WQ		7	1553	1276	+2	−3	68	139
2004	10	19	SR	GF	1	2	F		-16	1260	1127	−2	+4	140	168
2004	11	24	GD	SR	2	2	FCQ	TT	-1	1277	1261	−2	0	136	140
2004	11	26	PR	SR	1	1	FCQ	TT	16	892	1245	+1	−4	197	144
2004	11	28	TT	SR	1	0	FCQ		5	1502	1240	+1	−1	83	145
2006	09	06	GY	SR	5	0	FCQ	AN	47	1223	1193	+16	−17	150	158
2006	09	08	SR	GD	1	0	FCQ	AN	22	1215	1205	+4	−9	154	156
2006	09	10	AN	SR	0	1	FCQ		-21	1112	1236	−3	+10	172	144
2006	11	08	MQ	SR	1	0	FCQ		9	1356	1227	+1	−2	115	148
2006	11	10	CU	SR	3	1	FCQ	MQ	7	1583	1220	+1	−1	62	149
2006	11	12	HT	SR	1	1	FCQ	MQ	-12	1438	1232	−3	+3	99	146
2008	03	26	SR	MS	7	1	WQ	TT	2	1234	537	−1	0	147	232
2008	05	21	AN	SR	2	1	CHP		14	1163	1220	+4	−3	164	150
2008	06	14	SR	GY	1	0	WQ		21	1241	1311	+4	−4	147	125
2008	06	22	GY	SR	1	2	WQ		-29	1282	1270	−6	+8	131	138
2008	08	09	SR	DM	3	1	FBQ	GY	10	1280	983	+7	−1	132	187
2008	08	10	GY	SR	1	1	FBQ		-6	1279	1286	−4	+3	133	129
2008	08	20	HT	SR	2	2	WQ		-15	1494	1301	−6	+2	90	127
2008	08	30	SR	GF	2	1	F		5	1306	1199	0	0	127	156
2008	09	06	CR	SR	7	0	WQ		7	1630	1299	−3	0	53	127
2008	09	10	SR	SV	0	2	WQ		-26	1273	1477	−9	+4	136	91
2008	10	11	SR	CR	1	4	WQ		-12	1261	1666	−4	+1	139	47
2008	10	15	SV	SR	3	0	WQ		10	1490	1251	0	−3	91	141
2008	10	23	BB	SR	3	2	FBQ	CU	17	1322	1234	+5	−6	123	147
2008	10	25	SR	AN	2	1	FBQ	CU	16	1250	1156	+6	−5	141	167
2008	10	27	CU	SR	6	0	FBQ		13	1456	1237	+1	−5	93	146
2008	11	19	SR	HT	1	1	WQ		5	1242	1416	+3	−3	143	103
2009	04	22	GF	SR	0	0	F		-1	1185	1243	−1	+1	159	144
2009	10	28	SR	GY	0	1	IPC		-20	1223	1234	−13	+8	153	146
2009	10	30	SR	GF	4	0	IPC		22	1245	1218	+13	−11	140	154
2009	11	01	SR	AN	1	1	IPC		-9	1236	1123	−6	0	146	174
2010	09	11	GF	SR	1	2	F		-12	1192	1248	−3	+1	158	145
2010	10	13	SR	AN	2	1	FBQ		9	1257	1127	+1	0	141	172
2010	10	15	SR	LC	2	1	FBQ		7	1264	1067	+1	−2	140	181
2010	10	17	SR	GY	0	2	FBQ		-37	1227	1322	−7	+6	147	128
2010	10	29	SR	BQ	4	2	ABS	CW	14	1241	1076	+4	0	143	178
2010	10	31	CW	SR	2	2	ABS		1	1121	1240	0	−2	174	145
2010	11	10	AG	SR	2	1	FBQ		14	1255	1226	+1	−2	142	147
2010	11	12	CU	SR	3	3	FBQ	AG	-13	1468	1239	−2	+2	96	145
2010	11	14	SR	DM	5	0	FBQ	AG	25	1264	1080	+6	−1	139	177
2011	09	02	SR	KY	1	0	WQ		4	1268	954	+1	0	138	192
2011	09	06	DO	SR	1	1	WQ		6	1070	1262	+1	0	178	139
2011	09	23	SR	CW	2	0	F		5	1267	1073	0	0	140	176
2011	09	25	SR	CW	2	2	F		-7	1260	1080	0	0	140	176
2011	10	07	KY	SR	0	1	WQ		-9	941	1269	0	0	192	140
2011	10	11	SR	DO	1	3	WQ		-51	1218	1117	−10	+5	150	173
2011	11	11	SR	SV	1	3	WQ		-12	1206	1580	−2	+4	152	66
2011	11	15	SV	SR	4	0	WQ		5	1585	1201	+2	−3	63	155
2011	12	02	SR	AW	0	0	ABS		-12	1189	935	−3	+3	158	192
2011	12	04	SR	CW	2	0	ABS		10	1199	1066	+3	−1	155	179
2012	06	09	GF	SR	2	1	F		8	1191	1191	+1	0	158	158
2012	07	13	SR	BQ	8	0	ABS	AW	25	1216	1063	+4	−1	154	182
2012	07	15	AW	SR	1	0	ABS		21	978	1195	+2	−4	191	158
2012	09	05	SR	MS	7	1	FBQ	MQ	2	1197	526	0	0	157	236
2012	09	07	SR	VG	4	0	FBQ	MQ	6	1203	755	+2	−1	155	214
2012	09	09	MQ	SR	2	2	FBQ		-12	1335	1215	−5	+1	123	154
2012	11	14	CU	SR	5	0	FBQ	TT	26	1371	1189	+6	−5	117	158
2012	11	16	TT	SR	3	0	FBQ		7	1490	1182	+3	−2	89	160
2012	11	18	SR	VC	1	0	FBQ	TT	22	1204	1195	+5	−6	155	158
2013	11	14	SR	BQ	2	0	ABS	CW	12	1216	1016	+2	−2	152	188
2013	11	16	CW	SR	1	3	ABS		-17	1011	1233	−2	+2	188	150
2014	05	20	GF	SR	0	0	F		-3	1230	1236	−1	+1	149	147
2014	05	27	SR	GF	1	0	F		7	1243	1223	+1	−1	147	151
2014	08	24	GF	SR	0	1	F		-13	1235	1256	−7	+4	151	144
2014	09	03	BB	SR	1	1	FBQ	MQ	7	1134	1249	+1	+1	172	143
2014	09	05	BQ	SR	3	2	FBQ	MQ	32	1047	1217	+1	−12	187	155
2014	09	07	MQ	SR	0	0	FBQ		-15	1430	1232	−3	+6	105	149
2015	01	30	SR	BQ	3	0	ABS		7	1239	1013	+4	−1	144	188
2015	02	01	SR	AW	1	0	ABS		3	1242	936	+1	−1	143	197
2015	04	30	SR	GY	1	0	F		7	1249	1227	+1	−3	142	150
2015	05	20	CW	SR	3	2	F	NL	15	1087	1234	+1	−4	178	146
2015	06	07	NI	SR	1	0	WQ		21	1133	1213	+2	−15	171	159
2015	06	16	SR	NI	1	3	WQ		-44	1169	1177	−12	+8	169	164
2016	02	21	GY	SR	2	0	F		9	1232	1160	+3	−1	151	170
2016	02	25	GF	SR	2	3	F		-16	1285	1176	−3	+3	136	167
2016	03	23	GP	SR	0	0	FBQ		-12	1307	1188	−2	+5	132	162
2016	03	29	SR	GP	3	2	FBQ		21	1209	1286	+3	−7	161	136
2016	06	01	KN	SR	1	0	FBQ		11	1282	1198	+5	−1	136	162
2016	06	04	SR	VC	2	1	FBQ		11	1209	1128	+1	−2	161	174
2016	10	08	SR	GY	3	2	FBQ		15	1224	1206	+7	−8	154	163
2016	11	13	JM	SR	1	0	FBQ		4	1514	1220	+4	−1	78	154
2017	01	04	TT	SR	1	2	FQP		-36	1452	1256	−9	+8	95	147
2017	01	06	HT	SR	4	2	FQP	TT	13	1488	1243	+1	−2	85	149
2018	08	18	GF	SR	0	4	F		-30	1344	1273	−4	+7	119	142
2018	09	06	DM	SR	0	0	CLQ	GP	13	1031	1260	+2	−2	187	144
2018	10	13	SR	VG	5	0	CLQ		1	1261	642	0	−1	145	229
2018	11	17	JM	SR	2	1	CLQ		4	1569	1257	+1	+2	64	145
2019	03	16	SR	GY	3	1	F		8	1265	1175	0	−2	145	166
2019	03	23	SR	KN	2	0	CLQ		20	1285	1225	+3	−3	142	153
2019	09	05	DM	SR	1	2	CLB		-13	1036	1298	+1	+3	186	136
2019	09	08	SR	NI	6	0	CLB		23	1321	1199	+7	−3	129	155
2019	10	11	VC	SR	2	2	CLB		4	1154	1317	0	0	169	128
2019	10	14	SR	VC	0	1	CLB		-33	1284	1187	−10	+6	138	163
2019	11	15	SR	DM	4	0	CLB		8	1292	995	+1	−1	136	190
2019	11	18	NI	SR	1	2	CLB		-21	1188	1313	−6	+5	162	130
2021	03	24	SR	KY	3	0	WQ		4	1317	909	0	−1	130	198
2021	03	27	SR	AW	6	0	WQ	US	7	1324	883	+2	0	129	203
2021	06	04	SR	BM	6	0	WQ		26	1350	1257	+6	−8	123	144
2021	06	08	CA	SR	4	0	WQ	US	13	1627	1337	+2	−3	54	125
2021	07	12	JM	SR	2	0	CCH	US	15	1594	1322	+2	−4	62	129
2021	07	16	CR	SR	2	1	CCH	US	7	1641	1315	+1	−1	48	131
2021	07	20	SR	GP	2	1	CCH	US	19	1334	1212	+6	−7	125	156
2022	01	28	SR	BB	1	0	FT		3	1337	1079	+2	−1	118	181
2022	02	01	SR	GY	2	1	FT		5	1342	1135	−1	−2	119	174
2022	03	27	TH	SR	1	0	F		6	1389	1336	0	−2	104	120
2022	05	22	GF	SR	3	1	F		14	1272	1322	+3	−7	141	126
2022	06	04	SR	JM	1	1	CLA		6	1328	1529	+2	−1	122	76
2022	06	07	JM	SR	3	1	CLA		9	1538	1319	+1	−3	75	126
2022	06	11	MX	SR	3	0	CLA		2	1832	1317	0	−1	21	125
2022	09	22	SR	NI	2	1	F	NL	8	1325	1256	+3	−2	125	144
2022	11	19	SR	GF	1	3	F		-19	1306	1347	−7	+4	134	120
2022	11	24	SR	BQ	4	1	ABS	CW	8	1314	988	+3	−2	131	189
2022	11	26	CW	SR	2	2	ABS		-6	1362	1320	−2	+3	116	128
2023	03	23	SR	MX	0	2	CLA		-6	1314	1818	−3	0	131	23
2023	06	17	PR	SR	0	0	CCQ	US	11	1118	1303	+3	−7	173	136
2023	09	08	GD	SR	1	1	CLA		5	1119	1298	+3	−2	172	137
2023	09	12	CU	SR	1	0	CLA		15	1295	1283	+6	−4	138	142
2023	10	12	SR	HT	1	1	CLA		8	1291	1512	+2	−1	140	76
2023	10	15	SR	GD	4	0	CLA		12	1303	1095	+5	0	138	176
2024	03	24	MQ	SR	1	1	F	NL	-4	1437	1307	0	+2	97	135
2024	06	05	SR	VC	4	1	WQ		9	1316	1075	0	−4	135	178
2024	06	08	AI	SR	0	4	WQ		-2	600	1318	0	+3	233	131
2024	09	05	GY	SR	1	3	CLA		-35	1238	1353	−5	+17	152	118
2024	09	09	GP	SR	1	0	CLA		16	1337	1337	+4	−9	128	128
2024	10	11	SR	CR	1	1	CLA		11	1348	1650	+7	+1	120	53
2024	10	15	SR	GY	5	1	CLA		17	1365	1216	+7	0	114	155
2024	11	15	SR	CA	0	1	CNL		-6	1359	1781	−3	+2	117	29
2024	11	19	CA	SR	3	0	CNL		3	1784	1356	+2	−1	26	121
2025	03	21	SR	MQ	1	0	CCQ		18	1374	1399	+4	−6	117	104
2025	03	25	MQ	SR	0	1	CCQ		-27	1372	1401	−13	+10	117	104
2025	06	06	SR	PR	1	0	WQ		4	1405	1117	+1	0	101	171
2025	06	10	SV	SR	1	1	WQ		-5	1388	1410	−3	+1	106	98
2025	06	15	CR	SR	4	3	CCH	US	10	1668	1400	+3	−3	49	101
2025	06	18	MX	SR	2	0	CCH	US	6	1821	1394	0	−3	24	104
2025	06	22	DO	SR	0	0	CCH	US	8	1289	1386	+3	−2	141	107
2025	09	04	SR	PA	0	0	WQ		13	1399	1748	+5	−4	102	36
2025	09	08	SV	SR	1	2	WQ		-25	1369	1424	−8	+9	114	96
2025	10	10	SR	GT	1	1	WQ		-1	1423	1509	−2	0	100	81
2025	10	14	PA	SR	1	1	WQ		-17	1723	1440	−2	+5	36	94
2025	11	13	SR	SV	4	0	WQ		18	1458	1327	+7	−9	87	129
2025	11	18	GT	SR	3	1	WQ		18	1529	1440	+1	−6	78	93
2026	03	26	BO	SR	2	1	WQ	MX	9	1670	1431	+1	0	51	91