1916	08	20	SE	US	2	3	F		-11	1634	1711	−2	−	16	13
1916	09	03	NO	US	1	1	F		6	1377	1705	0	0	28	13
1924	05	25	US	EE	1	0	OG	FR	8	1713	1364	−1	0	18	48
1924	05	29	UY	US	3	0	OG	FR	17	2014	1696	0	−4	1	22
1924	06	10	PL	US	2	3	F		-9	1557	1705	−1	+3	36	20
1924	06	14	IE	US	3	1	F		16	1608	1689	0	−4	28	24
1925	06	27	CA	US	1	0	F		10	1613	1679	+3	0	26	23
1925	11	08	US	CA	6	1	F		11	1690	1602	0	−3	24	29
1926	11	06	US	CA	6	2	F		9	1699	1593	+1	−3	22	31
1928	05	29	AR	US	11	2	OG	NL	22	2023	1677	+1	−1	1	23
1928	06	01	NL	US	3	2	F		6	1738	1671	+1	0	18	23
1928	06	10	PL	US	3	3	F		-1	1595	1672	0	0	28	21
1930	07	13	US	BE	3	0	WC	UY	51	1723	1610	+4	−4	17	27
1930	07	17	US	PY	3	0	WC	UY	61	1784	1716	+2	−3	15	18
1930	07	26	AR	US	6	1	WC	UY	18	2106	1766	0	0	1	15
1930	08	17	BR	US	4	3	F		5	1885	1761	0	0	9	15
1934	05	24	US	MX	4	2	WQ	IT	17	1778	1580	+1	−3	14	38
1934	05	27	IT	US	7	1	WC		20	1995	1758	+1	−2	3	16
1935	05	19	US	SQ	1	5	F		-16	1742	1922	−2	+2	16	6
1935	06	09	US	SQ	1	4	F		-14	1728	1936	−2	0	18	6
1936	08	03	IT	US	1	0	OG	DE	8	2053	1720	0	−1	1	19
1937	09	12	MX	US	7	2	CCB		20	1759	1700	0	−1	14	20
1937	09	19	MX	US	7	3	CMZ		16	1775	1684	0	0	14	20
1937	09	26	MX	US	5	1	CCN		14	1789	1670	0	−3	14	23
1947	07	13	MX	US	5	0	NAC	CU	31	1844	1639	+3	−6	10	36
1947	07	20	CU	US	5	2	NAC		48	1550	1591	+7	−5	46	41
1948	08	06	NO	US	11	0	F		20	1607	1571	+3	−4	37	42
1948	08	11	EI	US	5	0	F		7	1744	1564	0	−3	19	45
1949	06	19	US	SQ	0	4	F		-6	1558	1943	0	0	45	6
1949	09	04	MX	US	6	0	WQN		13	1809	1545	0	−3	11	49
1949	09	14	CU	US	1	1	WQN	MX	0	1542	1545	0	0	49	48
1949	09	18	MX	US	6	2	WQN		10	1827	1535	0	−6	11	54
1949	09	21	US	CU	5	2	WQN	MX	45	1580	1497	+14	−11	40	59
1950	06	25	ES	US	3	1	WC	BR	12	1911	1568	+1	−3	8	44
1950	06	29	US	EN	1	0	WC	BR	57	1625	2020	+10	−1	34	2
1950	07	02	CL	US	5	2	WC	BR	59	1640	1566	+9	−11	33	45
1952	04	30	SQ	US	6	0	F		3	1947	1563	+1	−2	5	46
1953	06	08	US	EN	3	6	F		-4	1559	2001	−1	0	47	3
1954	01	10	MX	US	4	0	WQ		17	1687	1542	+2	−4	26	54
1954	01	14	MX	US	3	1	WQ		12	1699	1530	+1	−1	25	55
1954	04	03	HT	US	2	3	WQ		-17	1352	1547	−2	+2	91	53
1954	04	04	HT	US	0	3	WQ		-26	1326	1573	−2	+5	93	48
1955	08	25	IS	US	3	2	F		14	1342	1559	+1	−1	91	49
1956	10	31	KR	US	1	0	F		5	1675	1554	0	−3	31	56
1956	11	10	PH	US	0	4	F		-4	1073	1558	0	+2	132	54
1956	11	16	ID	US	7	5	F		14	1489	1544	+2	−4	68	58
1956	11	28	YU	US	9	1	OG	AU	17	1910	1527	+1	−4	6	62
1957	04	07	MX	US	6	0	WQ		18	1676	1509	+4	−2	30	63
1957	04	28	US	MX	2	7	WQ		-32	1477	1708	−7	+5	70	24
1957	06	22	CA	US	5	1	WQ		15	1634	1462	+2	−3	41	74
1957	07	06	US	CA	2	3	WQ		-18	1444	1619	−4	+2	78	43
1959	05	28	US	EN	1	8	F		-5	1439	1918	0	0	81	6
1960	11	06	US	MX	3	3	WQ		13	1452	1807	0	0	79	14
1960	11	13	MX	US	3	0	WQ		5	1812	1447	0	0	14	79
1961	02	05	CO	US	2	0	F		14	1389	1433	+5	−1	97	79
1964	05	27	US	EN	0	10	F		-4	1429	1954	−1	+1	84	3
1965	02	25	BM	US	1	5	F		-22	1368	1451	−7	+2	105	81
1965	03	02	BM	US	1	4	F		-18	1350	1469	−1	+4	105	77
1965	03	07	US	MX	2	2	WQ		12	1481	1805	0	−2	77	19
1965	03	12	MX	US	2	0	WQ		5	1810	1476	+1	+1	18	76
1965	03	17	HN	US	0	1	WQ		-18	1331	1494	−4	+3	110	73
1965	03	21	HN	US	1	1	WQ		4	1335	1490	+1	−1	109	75
1968	09	15	US	IL	3	3	F		-2	1488	1511	0	0	69	67
1968	09	25	US	IL	0	4	F		-23	1465	1534	−6	+2	75	65
1968	10	13	CA	US	4	2	WQ		11	1639	1454	+1	−3	40	78
1968	10	20	HT	US	3	6	F		-22	1425	1476	−7	+6	86	72
1968	10	21	HT	US	5	2	F		15	1440	1461	+5	−4	81	76
1968	10	23	HT	US	1	0	F		8	1448	1453	+2	−2	79	78
1968	10	26	US	CA	1	0	WQ		24	1477	1606	+6	−7	72	49
1968	11	03	US	BM	6	2	WQ		18	1495	1364	+3	−3	69	102
1968	11	11	BM	US	0	2	WQ		-27	1337	1522	−5	+2	107	67
1969	04	20	HT	US	2	0	WCQ		27	1486	1495	+5	−3	72	69
1969	05	11	US	HT	0	1	WCQ		-26	1469	1512	−6	+5	75	67
1972	08	20	CA	US	3	2	WCQ		8	1614	1461	0	−1	47	74
1972	08	29	US	CA	2	2	WCQ		2	1463	1595	+1	0	73	50
1972	09	03	MX	US	3	1	WCQ		5	1791	1458	+3	−1	20	73
1972	09	10	US	MX	1	2	WCQ		-8	1450	1805	−3	+1	76	18
1973	03	17	BM	US	4	0	F		20	1338	1430	+6	−9	106	82
1973	03	20	PL	US	4	0	F		1	1965	1429	0	0	4	83
1973	03	29	BE	US	6	0	F		2	1860	1427	0	0	14	82
1973	08	03	US	PL	0	1	F		-2	1425	1957	−1	0	85	5
1973	08	05	CA	US	0	2	F		-24	1560	1449	−4	+12	58	73
1973	08	10	US	PL	0	4	F		-3	1446	1975	−3	0	76	5
1973	08	12	US	PL	1	0	F		18	1464	1957	+6	0	70	5
1973	09	09	US	BM	1	0	F		4	1468	1334	0	−1	71	108
1973	10	16	MX	US	2	0	F		2	1798	1466	0	0	21	72
1973	11	03	HT	US	1	0	F		4	1593	1462	+2	0	49	73
1973	11	05	HT	US	1	0	F		4	1597	1458	0	−2	49	74
1973	11	13	IL	US	3	1	F		4	1703	1454	0	−2	31	76
1973	11	15	IL	US	2	0	F		4	1707	1450	+1	0	30	76
1974	09	05	MX	US	3	1	F		3	1739	1447	0	−1	26	79
1974	09	08	US	MX	0	1	F		-5	1442	1744	0	+1	80	26
1975	03	26	PL	US	7	0	F		1	2033	1441	0	0	4	81
1975	04	02	IT	US	10	0	F		2	1943	1439	0	−3	6	85
1975	06	24	US	PL	0	4	F		-2	1437	2045	−1	0	87	3
1975	08	19	CR	US	3	1	CDM	MX	13	1612	1424	+3	−1	45	88
1975	08	21	AR	US	6	0	CDM	MX	5	1866	1419	0	0	13	88
1975	08	24	MX	US	2	0	CDM		3	1758	1416	0	0	24	88
1976	09	24	CA	US	1	1	WCQ		-10	1498	1426	−3	+4	64	88
1976	10	03	US	MX	0	0	WCQ		12	1438	1747	+2	−1	86	25
1976	10	15	MX	US	3	0	WCQ		7	1726	1431	0	−1	28	87
1976	10	20	US	CA	2	0	WCQ		30	1461	1496	+9	−9	78	68
1976	11	10	HT	US	0	0	F		-5	1544	1466	−2	+1	57	77
1976	11	12	HT	US	0	0	F		-5	1539	1471	0	+1	57	76
1976	11	14	HT	US	0	0	F		-4	1535	1475	0	+2	57	74
1976	12	09	SR	US	0	0	F		-3	1463	1478	−2	0	78	73
1976	12	12	SR	US	1	1	F		-2	1461	1480	0	0	78	73
1976	12	22	CA	US	3	0	WCQ	HT	33	1533	1447	+7	−7	59	81
1977	09	15	SV	US	1	2	F		-14	1480	1461	−3	+5	70	76
1977	09	18	GT	US	3	1	F		7	1575	1454	+1	−3	51	79
1977	09	22	SV	US	0	1	F		-13	1467	1467	−4	+5	74	74
1977	09	25	GT	US	2	0	F		7	1582	1460	+3	−1	48	75
1977	09	27	MX	US	3	0	F		4	1742	1456	0	−2	26	78
1977	09	30	US	SV	0	0	F		-3	1453	1470	−1	0	79	74
1977	10	06	US	CN	1	1	F		0	1453	1561	0	0	78	54
1977	10	10	US	CN	1	0	F		10	1463	1551	+3	−3	75	57
1977	10	16	US	CN	2	1	F		10	1473	1541	+1	−3	73	60
1978	09	03	IS	US	0	0	F		-1	1403	1474	0	0	91	71
1978	09	06	CH	US	2	0	F		6	1617	1468	+1	−2	44	73
1978	09	20	PT	US	1	0	F		1	1855	1467	0	−1	15	75
1979	05	02	US	FR	0	6	F		-6	1461	1882	−1	0	76	15
1979	10	07	BM	US	1	3	F		-14	1321	1475	−4	+6	110	76
1979	10	10	FR	US	3	0	F		2	1908	1473	0	−1	12	77
1979	10	26	HU	US	0	2	F		-28	1784	1501	−1	+8	21	69
1979	10	29	IE	US	3	2	F		3	1741	1498	+1	0	25	69
1980	10	04	LU	US	0	2	F		-9	1236	1507	−2	+1	125	70
1980	10	07	PT	US	1	1	F		-8	1807	1515	0	+2	17	68
1980	10	25	US	CA	0	0	WCQ		-3	1512	1572	0	+1	68	53
1980	11	01	CA	US	2	1	WCQ		11	1583	1501	+3	−2	50	70
1980	11	09	MX	US	5	1	WCQ		11	1714	1490	+1	−2	30	72
1980	11	23	US	MX	2	1	WCQ		26	1516	1676	+6	−2	67	33
1982	03	21	TT	US	1	2	F		-12	1477	1528	−3	+1	76	63
1983	04	08	HT	US	0	2	F		-17	1449	1545	−4	+1	82	61
1984	05	30	US	IT	0	0	F		6	1551	1862	+1	−1	61	13
1984	07	29	US	CR	3	0	OG		42	1593	1541	+13	−10	47	60
1984	08	02	US	EG	1	1	OG		-1	1592	1679	0	0	47	36
1984	09	29	AN	US	0	0	WCQ		12	1272	1580	+1	−3	120	52
1984	10	06	US	AN	4	0	WCQ		7	1587	1265	+3	0	49	120
1984	10	09	US	SV	3	1	CBS		11	1598	1488	+4	−3	45	75
1984	10	11	US	CO	1	0	CBS		11	1609	1586	0	−1	45	49
1984	10	14	GT	US	4	0	F		18	1548	1591	0	−3	59	48
1984	10	17	MX	US	2	1	F		3	1772	1588	+2	0	24	48
1984	11	30	US	EC	0	0	F		-4	1584	1527	−1	0	49	62
1984	12	02	US	EC	2	2	F		-4	1580	1531	−2	0	51	62
1985	02	08	US	CH	1	1	F		3	1583	1767	+2	−1	50	29
1985	04	02	CA	US	2	0	F		10	1602	1573	+2	−2	49	55
1985	04	04	US	CA	1	1	F		-2	1571	1604	−1	0	56	49
1985	05	15	US	TT	2	1	WQC		10	1581	1428	+3	0	53	85
1985	05	19	US	TT	1	0	WQC		9	1590	1419	+3	−1	50	86
1985	05	26	CR	US	1	1	WQC		-3	1530	1593	−1	+1	63	49
1985	05	31	US	CR	0	1	WQC		-36	1557	1566	−10	+5	59	58
1985	06	16	US	EN	0	5	F		-6	1551	1955	0	+1	60	3
1986	02	05	US	CA	0	0	MIA		1	1552	1662	0	−1	61	37
1986	02	07	US	UY	1	1	MIA		8	1560	1865	+1	−4	60	15
1987	05	23	CA	US	2	0	OQ		19	1613	1541	+5	−4	46	63
1987	05	30	US	CA	3	0	OQ		32	1573	1581	+6	−8	57	54
1987	06	08	EG	US	3	1	PRS	KR	17	1671	1556	+4	−2	36	59
1987	06	12	KR	US	1	0	PRS		8	1643	1548	+2	−3	42	62
1987	06	16	US	TH	1	0	PRS	KR	5	1553	1272	+1	0	61	119
1987	08	09	US	TT	3	1	PAG		16	1569	1406	+4	−2	56	88
1987	08	12	US	SV	0	0	PAG		-11	1558	1508	−2	+2	58	69
1987	09	05	US	TT	4	1	OQ		12	1570	1376	+2	−2	56	94
1987	09	20	TT	US	0	1	OQ		-15	1362	1585	−4	+4	97	53
1987	10	18	SV	US	2	4	OQ		-35	1511	1620	−4	+6	70	46
1988	01	10	GT	US	1	0	F		8	1584	1612	+1	−1	52	48
1988	01	13	GT	US	0	1	F		-12	1572	1624	−1	+3	53	46
1988	05	14	US	CO	0	2	F		-13	1611	1778	−1	+1	46	25
1988	05	25	US	SV	4	1	OQ		15	1626	1468	0	−2	45	76
1988	06	01	US	CL	1	1	F		2	1628	1811	0	0	45	19
1988	06	03	US	CL	1	3	F		-11	1617	1822	−2	+1	47	18
1988	06	05	US	CL	0	3	F		-12	1605	1834	−1	+1	48	17
1988	06	07	US	EC	0	1	F		-15	1590	1546	−2	+2	50	62
1988	06	10	US	EC	0	2	F		-21	1569	1567	−7	+4	57	58
1988	06	12	US	EC	0	0	F		-3	1566	1570	−1	+1	58	57
1988	06	14	US	CR	1	0	F		7	1573	1569	+4	−5	54	58
1988	07	13	US	PL	0	2	F		-11	1562	1768	−4	+2	57	25
1988	07	24	JM	US	0	0	WCQ		9	1295	1553	+3	−2	108	58
1988	08	13	US	JM	5	1	WCQ		8	1561	1287	+2	−3	56	112
1988	09	20	KR	US	0	0	OG		-13	1612	1574	−2	+4	45	51
1989	04	16	CR	US	1	0	WQC		21	1558	1553	+6	−6	58	59
1989	04	30	US	CR	1	0	WQC		18	1571	1540	+5	−6	53	63
1989	05	13	US	TT	1	1	WQC		-8	1563	1556	−2	+2	55	58
1989	06	04	US	PE	3	0	FT		25	1588	1623	+5	−4	50	45
1989	06	17	US	GT	2	1	WQC		13	1601	1499	+1	−2	49	67
1989	06	24	US	CO	0	1	BDW		-9	1592	1849	0	+2	49	15
1989	08	13	US	KR	1	2	FT		-13	1579	1741	−3	+1	54	27
1989	09	17	US	SV	1	0	WQC	HN	14	1593	1397	+4	−4	49	93
1989	10	08	GT	US	0	0	WQC		3	1459	1590	+1	0	74	49
1989	11	05	US	SV	0	0	WQC		-17	1573	1414	−1	+4	50	89
1989	11	14	US	BM	2	1	F		3	1576	1361	0	−1	50	101
1989	11	19	TT	US	0	1	WQC		-32	1540	1608	−10	+4	62	46
1990	02	02	US	CR	0	2	MIA		-29	1579	1642	−2	+3	49	43
1990	02	04	US	CO	1	1	MIA		5	1584	1801	0	−1	49	19
1990	02	13	BM	US	0	1	F		-7	1354	1591	−1	+1	101	48
1990	02	24	US	SU	1	3	F		-5	1586	1958	0	0	49	5
1990	03	10	US	FI	2	1	F		8	1594	1608	+1	0	49	46
1990	03	20	HU	US	2	0	F		6	1742	1588	0	−1	28	49
1990	03	28	DD	US	3	2	F		4	1735	1584	+1	0	29	49
1990	04	08	US	IS	4	1	F		12	1596	1552	+1	−3	48	60
1990	04	22	US	CO	0	1	F		-7	1589	1804	−1	+1	49	18
1990	05	05	US	MT	1	0	F		3	1592	1377	0	0	49	100
1990	05	06	CA	US	1	0	NAC		19	1589	1573	+2	−1	49	50
1990	05	09	US	PL	3	1	F		20	1593	1780	+1	−1	49	20
1990	05	10	MX	US	1	0	NAC	CA	6	1941	1587	0	−1	8	50
1990	05	30	LI	US	1	4	F		-4	1129	1591	−2	0	153	50
1990	06	02	CH	US	2	1	F		5	1688	1586	0	0	34	50
1990	06	10	CS	US	5	1	WC	IT	20	1875	1566	+1	−6	15	56
1990	06	14	IT	US	1	0	WC		3	1978	1563	0	−2	4	58
1990	06	19	AT	US	2	1	WC	IT	16	1753	1547	+3	−3	26	61
1990	09	15	US	TT	3	0	F		12	1559	1524	+2	−4	57	66
1990	10	10	PL	US	2	3	F		-17	1775	1576	−2	+3	21	52
1990	10	17	HR	US	2	1	F		2	1878	1574	−	−1	12	53
1990	11	18	TT	US	0	0	FT		-2	1522	1576	0	0	64	53
1990	11	21	US	SU	0	0	FT	TT	11	1587	1873	+2	−3	51	14
1990	12	19	PT	US	1	0	F		3	1807	1584	0	−1	20	52
1991	02	01	US	CH	0	1	MIA		-14	1570	1732	0	+1	52	31
1991	02	21	BM	US	1	0	F		13	1386	1557	+3	−3	93	55
1991	03	12	US	MX	2	2	NAC		14	1571	1866	+3	0	52	14
1991	03	16	US	CA	2	0	NAC		31	1602	1581	+3	−3	49	52
1991	05	05	US	UY	1	0	F		14	1616	1834	+1	−1	48	17
1991	05	19	US	AR	0	1	F		-6	1610	1883	0	0	48	13
1991	06	01	US	IE	1	1	F		5	1615	1891	0	−1	48	11
1991	06	29	US	TT	2	1	CCH		10	1625	1467	+2	−1	46	75
1991	07	01	US	GT	3	0	CCH		14	1639	1421	+2	−3	44	83
1991	07	03	US	CR	3	2	CCH		19	1658	1637	+6	−8	38	46
1991	07	05	US	MX	2	0	CCH		48	1706	1814	+3	−4	35	18
1991	07	07	US	HN	0	0	CCH		-10	1696	1666	0	+2	35	37
1991	08	28	RO	US	0	2	F		-24	1803	1720	−1	+4	19	31
1991	09	04	TR	US	1	1	F		1	1582	1719	0	0	54	31
1991	09	14	US	JM	1	0	F		1	1720	1356	0	0	31	106
1991	10	19	US	KP	1	2	F		-17	1703	1530	−2	0	33	65
1991	11	24	US	CR	1	1	F		-6	1697	1586	0	0	34	55
1992	01	25	US	DS	0	1	F		-7	1690	1929	+1	0	34	9
1992	02	02	US	DS	2	1	F		14	1704	1918	0	0	34	9
1992	02	12	CR	US	0	0	F		0	1592	1704	0	0	54	34
1992	02	18	SV	US	2	0	F		23	1426	1681	+6	−1	86	35
1992	02	26	BR	US	3	0	F		4	1962	1677	0	0	6	35
1992	03	11	ES	US	2	0	F		6	1835	1671	+1	−2	15	37
1992	03	18	MA	US	3	1	F		15	1589	1656	+3	−5	56	42
1992	04	04	US	CN	5	0	F		7	1663	1472	+2	−2	40	79
1992	04	29	IE	US	4	1	F		4	1905	1659	0	−1	10	41
1992	05	17	US	SQ	0	1	F		-10	1649	1764	0	+2	41	26
1992	05	30	US	IE	3	1	USC		32	1681	1875	+5	−1	35	11
1992	06	03	US	PT	1	0	USC		17	1698	1801	+2	−1	33	20
1992	06	06	US	IT	1	1	USC		8	1706	1983	0	0	33	4
1992	06	13	US	AU	0	1	F		-13	1693	1710	−2	+1	35	33
1992	06	27	US	UA	0	0	F		-4	1689	1632	−1	+2	35	46
1992	07	31	US	CO	0	1	FRC		-16	1673	1774	−4	+2	38	25
1992	08	02	US	BR	0	1	FRC		-7	1666	1984	−1	+1	39	4
1992	09	03	CA	US	0	2	F		-14	1532	1680	−4	+2	70	34
1992	10	09	US	CA	0	0	F		-6	1674	1538	−1	+2	35	67
1992	10	15	SA	US	3	0	IC		40	1641	1634	+9	−13	45	48
1992	10	19	US	CI	5	2	IC	SA	52	1686	1652	+16	−10	32	42
1993	01	30	US	DK	2	2	F		3	1689	1909	0	0	32	8
1993	02	06	US	RO	1	1	F		1	1690	1813	0	0	32	19
1993	02	13	US	RU	0	1	F		-7	1683	1891	−1	+1	33	11
1993	02	21	US	RU	0	0	F		3	1686	1890	0	−1	32	12
1993	03	03	US	CA	2	2	F		-6	1680	1534	−1	+2	34	67
1993	03	10	HU	US	0	0	KRN	JP	-2	1724	1682	0	0	30	34
1993	03	14	JP	US	3	1	KRN		27	1543	1655	+7	−4	65	38
1993	03	23	SV	US	2	2	F		2	1497	1653	+2	0	77	38
1993	03	25	HN	US	4	1	F		10	1712	1643	0	−7	32	45
1993	04	09	SA	US	0	2	F		-18	1588	1661	−3	+9	56	35
1993	04	17	US	IS	1	1	F		-5	1656	1569	−2	+1	37	61
1993	05	08	US	CO	1	2	F		-9	1647	1783	−2	+1	39	24
1993	05	23	US	BO	0	0	F		-5	1642	1578	−4	+1	42	62
1993	05	26	US	PE	0	0	F		-5	1637	1540	−1	+1	43	67
1993	06	06	US	BR	0	2	USC		-8	1629	2003	−1	+1	44	2
1993	06	09	US	EN	2	0	USC		33	1662	1878	+8	−2	36	11
1993	06	13	US	DE	3	4	USC		-6	1656	2008	−1	+1	37	2
1993	06	16	UY	US	1	0	CA	EC	12	1863	1644	+1	−3	14	41
1993	06	19	EC	US	2	0	CA		25	1687	1619	+5	−8	32	49
1993	06	22	US	VE	3	3	CA	EC	-16	1603	1375	−5	+5	54	110
1993	07	10	US	JM	1	0	CCH		9	1612	1438	+3	−1	50	94
1993	07	14	US	PA	2	1	CCH		4	1616	1290	+3	0	46	129
1993	07	17	US	HN	1	0	CCH		15	1631	1551	+3	−1	43	66
1993	07	21	US	CR	1	0	CCH		18	1649	1615	+4	−8	40	51
1993	07	25	MX	US	4	0	CCH		12	1887	1637	+1	−4	10	44
1993	08	31	IS	US	0	1	F		-12	1588	1649	−2	+2	58	42
1993	09	08	NO	US	1	0	F		3	1834	1646	0	+1	20	41
1993	10	13	US	MX	1	1	F		4	1650	1896	+2	0	39	10
1993	10	16	US	UA	1	2	F		-14	1636	1635	−5	+5	43	45
1993	10	23	US	UA	0	1	F		-13	1623	1644	−5	+7	49	42
1993	11	07	US	JM	1	0	F		4	1627	1481	−1	−1	51	85
1993	11	14	US	KY	8	1	F		1	1628	950	0	0	51	194
1993	12	18	US	DE	0	3	F		-6	1622	2015	0	0	50	1
1994	01	15	US	NO	2	1	F		14	1636	1839	+4	−4	47	19
1994	01	22	US	CH	1	1	F		3	1639	1843	0	−1	48	16
1994	01	29	US	RU	1	1	F		3	1642	1838	+1	0	47	18
1994	02	13	RO	US	2	1	CBG	HK	8	1837	1634	+2	0	19	48
1994	02	18	US	BO	1	1	JRC		-1	1633	1708	−1	0	49	30
1994	02	20	US	SE	1	3	JRC		-13	1620	1897	−2	0	51	11
1994	03	05	US	KR	1	0	F		8	1628	1658	+1	0	49	38
1994	03	12	US	KR	1	1	F		-2	1626	1660	0	−1	49	39
1994	03	26	US	BO	2	2	F		-1	1625	1699	0	−1	50	32
1994	04	16	US	MD	1	1	F		-6	1619	1500	−2	+3	53	79
1994	04	20	US	MD	3	0	F		8	1627	1492	+3	−3	50	82
1994	04	24	US	IS	1	2	F		-14	1613	1580	−5	+3	55	61
1994	04	30	US	CL	0	2	F		-13	1600	1769	−1	+1	56	25
1994	05	07	US	EE	4	0	F		2	1602	1178	0	−1	56	161
1994	05	15	US	AM	1	0	F		1	1603	1250	0	0	56	141
1994	05	25	US	SA	0	0	F		-2	1601	1630	0	0	56	49
1994	05	28	US	GR	1	1	F		0	1601	1695	0	0	56	33
1994	06	04	US	MX	1	0	F		14	1615	1845	+1	0	56	18
1994	06	18	US	CH	1	1	WC		13	1628	1860	+5	−5	50	18
1994	06	22	US	CO	2	1	WC		43	1671	1842	+13	−3	37	17
1994	06	26	US	RO	0	1	WC		-24	1647	1861	−7	+1	44	19
1994	07	04	US	BR	0	1	WC		-11	1636	2017	−4	0	47	2
1994	09	07	EN	US	2	0	F		3	1891	1633	0	0	12	45
1994	10	19	SA	US	2	1	F		7	1637	1626	+5	−3	41	46
1994	11	19	TT	US	1	0	F		10	1531	1616	+4	−3	69	49
1994	11	22	JM	US	0	3	F		-14	1436	1630	−4	+4	95	45
1994	12	11	US	HN	1	1	F		-5	1625	1530	−1	+1	46	70
1995	03	25	US	UY	2	2	F		2	1627	1798	0	0	46	24
1995	04	22	BE	US	1	0	F		4	1785	1623	0	−2	25	47
1995	05	28	US	CR	1	2	F		-12	1611	1649	−5	+2	51	39
1995	06	11	US	NG	3	2	USC		19	1630	1796	+8	−1	43	25
1995	06	18	US	MX	4	0	USC		40	1670	1845	+9	−9	34	20
1995	06	25	US	CO	0	0	USC		6	1676	1909	0	0	34	7
1995	07	08	US	CL	2	1	CA	UY	29	1705	1699	+2	−2	31	33
1995	07	11	BO	US	1	0	CA	UY	28	1686	1677	+3	−2	32	33
1995	07	14	US	AR	3	0	CA	UY	70	1747	1843	+3	−12	30	19
1995	07	17	MX	US	0	0	CA	UY	-6	1831	1753	0	+1	20	29
1995	07	20	BR	US	1	0	CA	UY	6	2109	1747	0	−1	1	30
1995	07	22	CO	US	4	1	CA	UY	32	1871	1715	+8	−1	12	31
1995	08	16	SE	US	1	0	F		4	1856	1711	0	0	20	31
1995	10	08	US	SA	4	3	F		4	1715	1592	0	−2	31	56
1996	01	13	US	TT	3	2	CCH		7	1722	1498	+2	0	29	78
1996	01	16	US	SV	2	0	CCH		13	1735	1532	0	−3	29	72
1996	01	18	US	BR	0	1	CCH		-8	1727	2131	0	0	29	1
1996	01	21	US	GT	3	0	CCH		10	1737	1457	0	−5	29	92
1996	05	26	US	SQ	2	1	F		8	1745	1774	0	0	28	24
1996	06	09	US	IE	2	1	USC		9	1754	1702	0	0	28	33
1996	06	12	US	BO	0	2	USC		-34	1720	1701	−4	+3	31	34
1996	06	16	US	MX	2	2	USC		1	1721	1853	0	0	32	17
1996	08	30	US	SV	3	1	F		4	1725	1512	0	0	31	73
1996	10	16	PE	US	4	1	F		19	1606	1706	+8	−1	51	32
1996	11	03	US	GT	2	0	WQ		7	1713	1459	0	−1	33	90
1996	11	10	US	TT	2	0	WQ		10	1723	1531	+2	−1	31	70
1996	11	24	TT	US	0	1	WQ		-15	1516	1738	−3	+3	73	29
1996	12	01	CR	US	2	1	WQ		25	1570	1713	+6	−4	62	33
1996	12	14	US	CR	2	1	WQ		8	1721	1562	+1	−1	32	65
1996	12	21	GT	US	2	2	WQ	SV	12	1504	1709	+3	−1	76	33
1997	01	17	US	PE	0	1	USC		-22	1687	1647	−2	+3	35	45
1997	01	19	US	MX	0	2	USC		-22	1665	1818	−5	+2	40	20
1997	01	29	CN	US	2	1	F		10	1562	1655	+2	−3	64	43
1997	02	01	CN	US	1	1	F		0	1562	1655	0	0	64	43
1997	03	02	JM	US	0	0	WQ		-1	1572	1656	−1	0	62	43
1997	03	16	US	CA	3	0	WQ		26	1682	1634	+6	−8	37	48
1997	03	23	CR	US	3	2	WQ		19	1619	1663	+4	−3	52	40
1997	04	20	US	MX	2	2	WQ		3	1666	1818	0	0	42	19
1997	06	04	US	PY	0	0	F		3	1669	1859	0	0	42	15
1997	06	17	US	IL	2	1	F		6	1675	1614	+1	−1	41	52
1997	06	29	SV	US	1	1	WQ		5	1489	1670	0	−1	80	43
1997	08	07	US	EC	0	1	F		-10	1660	1765	−1	+2	44	25
1997	09	07	US	CR	1	0	WQ		12	1672	1600	+1	−4	45	56
1997	10	03	US	JM	1	1	WQ		-8	1664	1633	−1	0	44	49
1997	11	02	MX	US	0	0	WQ		-12	1794	1676	0	+2	20	42
1997	11	09	CA	US	0	3	WQ		-35	1542	1711	−9	+3	68	38
1997	11	16	US	SV	4	2	WQ		9	1720	1510	+3	−1	35	75
1998	01	24	US	SE	1	0	F		10	1730	1811	+2	0	33	19
1998	02	01	US	CU	3	0	CCH		10	1740	1459	+1	−5	32	89
1998	02	07	US	CR	2	1	CCH		11	1751	1619	+3	−1	29	52
1998	02	10	US	BR	1	0	CCH		42	1793	2094	+8	0	22	1
1998	02	15	US	MX	0	1	CCH		-29	1764	1861	−4	+2	26	15
1998	02	21	US	NL	0	2	F		-12	1752	1950	−4	0	31	8
1998	02	25	BE	US	2	0	F		9	1808	1743	0	−1	20	31
1998	03	14	US	PY	2	2	F		-2	1741	1762	0	0	31	26
1998	04	22	AT	US	0	3	F		-22	1709	1763	−4	+4	36	26
1998	05	16	US	MK	0	0	F		-7	1756	1566	−3	+1	29	61
1998	05	24	US	KW	2	0	F		5	1761	1566	+2	0	25	60
1998	05	30	US	SQ	0	0	F		-2	1759	1776	0	0	25	24
1998	06	15	DE	US	2	0	WC	FR	14	2072	1745	0	−4	2	29
1998	06	21	IR	US	2	1	WC	FR	40	1668	1705	+5	−6	44	35
1998	06	25	YU	US	1	0	WC	FR	10	1994	1695	0	−5	5	39
1998	11	06	US	AU	0	0	F		-1	1694	1746	−1	0	39	28
1999	01	24	BO	US	0	0	F		-3	1693	1697	−1	+1	39	38
1999	02	06	US	DE	3	0	F		26	1723	1951	+6	−1	32	7
1999	02	21	US	CL	2	1	F		8	1731	1751	+1	−4	31	27
1999	03	11	US	GT	3	1	USC		6	1737	1513	0	−1	32	73
1999	03	13	US	MX	1	2	USC		-13	1724	1889	0	+2	32	13
1999	06	13	US	AR	1	0	F		13	1737	1930	+2	0	31	8
1999	07	24	US	NZ	2	1	CC	MX	11	1748	1515	+3	0	28	74
1999	07	28	BR	US	1	0	CC	MX	5	2142	1743	0	−2	1	30
1999	07	30	US	DE	2	0	CC	MX	56	1799	1870	+10	−9	20	16
1999	08	01	MX	US	1	0	CC		13	1892	1786	+2	−1	13	21
1999	08	03	US	SA	2	0	CC	MX	31	1817	1693	+2	−8	19	40
1999	09	08	JM	US	2	2	F		4	1585	1813	−1	0	60	19
1999	11	17	MA	US	2	1	F		9	1766	1804	+1	−1	24	20
2000	01	16	US	IR	1	1	F		-4	1800	1757	−1	+1	21	25
2000	01	29	CL	US	1	2	F		-12	1745	1812	−2	+2	27	19
2000	02	12	US	HT	3	0	CCH		5	1817	1404	0	0	19	105
2000	02	16	US	PE	1	0	CCH		12	1829	1710	+1	−3	18	37
2000	02	19	US	CO	2	2	CCH		-11	1818	1771	−1	+1	19	22
2000	03	12	US	TN	1	1	F		-7	1811	1623	−1	+2	19	53
2000	04	26	RU	US	2	0	F		11	1812	1800	0	−2	19	20
2000	06	03	US	ZA	4	0	USC		12	1812	1666	+1	−3	19	45
2000	06	06	US	IE	1	1	USC		-6	1806	1763	−2	0	21	24
2000	06	11	US	MX	3	0	USC		23	1829	1835	+3	−2	18	17
2000	07	16	GT	US	1	1	WQ		10	1537	1819	+4	−1	68	17
2000	07	23	CR	US	2	1	WQ		27	1621	1792	0	−2	57	19
2000	08	16	US	BB	7	0	WQ		4	1796	1372	0	−3	19	114
2000	09	03	US	GT	1	0	WQ		4	1800	1533	0	+3	20	67
2000	10	11	US	CR	0	0	WQ		-14	1786	1624	0	+1	20	56
2000	10	25	US	MX	2	0	F		14	1800	1844	0	−2	20	14
2000	11	15	BB	US	0	4	WQ		-8	1331	1808	−2	+1	121	19
2001	01	27	US	CN	2	1	F		4	1812	1659	+1	−1	18	50
2001	02	03	US	CO	0	1	F		-14	1798	1793	−1	+3	18	20
2001	02	28	US	MX	2	0	WQ		21	1819	1767	+2	−6	17	28
2001	03	03	US	BR	1	2	F		-7	1812	2030	0	0	17	2
2001	03	28	HN	US	1	2	WQ		-21	1702	1833	−4	+3	38	14
2001	04	25	US	CR	1	0	WQ		7	1840	1647	−1	−2	15	52
2001	06	07	US	EC	0	0	F		-5	1835	1776	−1	0	19	26
2001	06	16	JM	US	0	0	WQ		8	1602	1827	+2	−1	59	20
2001	06	20	US	TT	2	0	WQ		8	1835	1592	+1	0	19	60
2001	07	01	MX	US	1	0	WQ		24	1684	1811	+6	−3	41	22
2001	09	01	US	HN	2	3	WQ		-28	1783	1784	−4	+3	25	24
2001	09	05	CR	US	2	0	WQ		25	1764	1758	+6	−3	26	28
2001	10	07	US	JM	2	1	WQ		6	1764	1548	+2	−2	25	65
2001	11	11	TT	US	0	0	WQ		6	1570	1758	+1	−1	62	27
2001	12	09	KR	US	1	0	F		6	1806	1752	0	−1	23	29
2002	01	19	US	KR	2	1	CCH		22	1774	1784	+2	−2	27	25
2002	01	21	US	CU	1	0	CCH		4	1778	1434	0	−1	26	98
2002	01	27	US	SV	4	0	CCH		10	1788	1502	+1	−6	24	80
2002	01	30	US	CA	0	0	CCH		-18	1770	1587	−2	+2	26	58
2002	02	02	US	CR	2	0	CCH		31	1801	1781	+3	−3	23	26
2002	02	13	IT	US	1	0	F		3	2019	1798	+1	0	2	24
2002	03	02	US	HN	4	0	F		12	1810	1749	+1	−1	23	29
2002	03	10	US	EC	1	0	F		5	1815	1715	+1	−1	22	38
2002	03	27	DE	US	4	2	F		9	1885	1806	+3	−2	8	24
2002	04	03	US	MX	1	0	F		8	1814	1813	+3	−2	21	22
2002	04	17	IE	US	2	1	F		5	1889	1809	+1	−2	8	23
2002	05	12	US	UY	2	1	F		7	1816	1784	0	−1	23	26
2002	05	16	US	JM	5	0	F		4	1820	1530	+2	−2	20	69
2002	05	19	US	NL	0	2	F		-12	1808	2009	−2	+1	22	3
2002	06	05	US	PT	3	2	WC	KR	44	1852	1934	+7	0	15	6
2002	06	10	KR	US	1	1	WC		-1	1766	1853	0	0	27	17
2002	06	14	PL	US	3	1	WC	KR	66	1745	1787	+5	−9	35	25
2002	06	17	US	MX	2	0	WC	KR	58	1845	1834	+10	−7	16	18
2002	06	21	DE	US	1	0	WC	KR	21	1975	1824	+2	−5	5	20
2002	11	17	US	SV	2	0	F		2	1826	1500	0	−2	16	74
2003	01	18	US	CA	4	0	F		6	1832	1628	0	0	16	50
2003	02	08	US	AR	0	1	F		-8	1824	2019	−1	0	16	3
2003	02	12	JM	US	1	2	F		-6	1556	1830	−1	+1	64	15
2003	03	29	US	VE	2	0	F		4	1834	1613	+2	−2	15	54
2003	05	08	US	MX	0	0	F		-3	1831	1839	0	0	16	15
2003	05	26	US	WA	2	0	F		6	1837	1670	0	−1	16	45
2003	06	08	US	NZ	2	1	F		2	1839	1568	+1	0	15	63
2003	06	19	TR	US	2	1	CC	FR	22	1898	1817	+1	−3	11	19
2003	06	21	BR	US	1	0	CC	FR	13	2015	1804	0	−1	3	20
2003	06	23	CM	US	0	0	CC	FR	-1	1820	1805	0	0	19	20
2003	07	06	US	PY	2	0	F		10	1815	1772	0	−2	20	24
2003	07	12	US	SV	2	0	CCH		7	1822	1519	+2	0	18	73
2003	07	14	US	MQ	2	0	CCH		5	1827	1440	0	−2	19	95
2003	07	19	US	CU	5	0	CCH		11	1838	1551	+2	−1	16	65
2003	07	23	US	BR	1	2	CCH		-20	1818	2023	−2	+1	19	3
2003	07	26	US	CR	3	2	CCH		14	1832	1746	+2	−3	17	31
2004	02	18	NL	US	1	0	F		4	1994	1828	0	0	4	16
2004	03	13	US	HT	1	1	F		-9	1819	1466	−1	+4	17	84
2004	03	31	PL	US	0	1	F		-11	1745	1830	−1	+3	29	15
2004	04	28	US	MX	1	0	F		8	1838	1850	−1	0	16	12
2004	06	02	US	HN	4	0	F		6	1844	1630	0	−1	14	54
2004	06	13	US	GD	3	0	WQ		2	1846	1298	0	0	14	131
2004	06	20	GD	US	2	3	WQ		-3	1295	1849	−1	+1	132	15
2004	07	11	US	PL	1	1	F		-5	1844	1750	0	0	15	28
2004	08	18	JM	US	1	1	WQ		7	1623	1837	+3	−3	55	19
2004	09	04	US	SV	2	0	WQ		4	1841	1451	+1	−4	18	97
2004	09	08	PA	US	1	1	WQ		12	1504	1829	0	−2	81	20
2004	10	09	SV	US	0	2	WQ		-9	1411	1838	−1	0	101	20
2004	10	13	US	PA	6	0	WQ		6	1844	1499	+1	−4	19	83
2004	11	17	US	JM	1	1	WQ		-15	1829	1622	0	+7	18	54
2005	02	09	TT	US	1	2	WQ		-8	1481	1837	−2	+1	88	17
2005	03	09	US	CO	3	0	F		11	1848	1798	+1	−2	16	23
2005	03	19	US	HN	1	0	F		3	1851	1670	+1	−1	15	46
2005	03	27	MX	US	2	1	WQ		12	1912	1839	+2	−2	9	17
2005	03	30	US	GT	2	0	WQ		8	1847	1602	+2	−5	15	61
2005	05	28	US	EN	1	2	F		-9	1838	1986	−1	0	16	3
2005	06	04	US	CR	3	0	WQ		15	1853	1691	+2	−1	15	39
2005	06	08	PA	US	0	3	WQ		-12	1459	1865	−2	0	92	15
2005	07	07	US	CU	4	1	CCH		10	1875	1598	+1	0	13	60
2005	07	09	US	CA	2	0	CCH		6	1881	1538	0	−2	13	72
2005	07	12	US	CR	0	0	CCH		-16	1865	1744	−1	+1	14	31
2005	07	16	US	JM	3	1	CCH		11	1876	1654	+1	−1	13	51
2005	07	21	US	HN	2	1	CCH		10	1886	1730	0	−1	12	32
2005	07	24	US	PA	0	0	CCH		-21	1865	1563	−2	+4	14	67
2005	08	17	US	TT	1	0	WQ		2	1867	1487	0	−1	14	87
2005	09	03	US	MX	2	0	WQ		23	1890	1864	+3	−3	11	15
2005	09	07	GT	US	0	0	WQ		12	1554	1878	+4	−1	67	12
2005	10	08	CR	US	3	0	WQ		39	1778	1839	+9	−6	26	18
2005	10	12	US	PA	2	0	WQ		4	1843	1486	+1	0	17	86
2005	11	12	SQ	US	1	1	F		2	1681	1841	+2	+2	44	15
2006	01	22	US	CA	0	0	F		-8	1833	1573	−1	+1	18	65
2006	01	29	US	NO	5	0	F		11	1844	1748	+3	−2	15	34
2006	02	04	US	KR	1	2	F		-16	1828	1743	−3	+2	18	34
2006	02	10	US	JP	3	2	F		7	1835	1805	+1	0	17	22
2006	02	19	US	GT	4	0	F		4	1839	1578	0	0	16	62
2006	03	01	US	PL	1	0	F	DE	10	1849	1837	+2	−4	14	18
2006	03	22	DE	US	4	1	F		11	1892	1838	0	−3	11	17
2006	04	11	US	JM	1	1	F		-7	1831	1652	−1	0	20	50
2006	05	23	US	MA	0	1	F		-17	1814	1673	−2	+2	21	47
2006	05	26	US	VE	2	0	F		4	1818	1599	0	−1	21	58
2006	05	28	US	LV	1	0	F		2	1820	1482	0	−3	21	89
2006	06	05	US	AO	1	0	F	DE	4	1824	1565	+2	−2	18	68
2006	06	12	CZ	US	3	0	WC	DE	32	2003	1792	+1	−6	3	23
2006	06	17	IT	US	1	1	WC	DE	-13	1942	1805	0	+3	8	21
2006	06	22	GH	US	2	1	WC	DE	40	1726	1765	+7	−10	38	31
2007	02	07	US	MX	2	0	F		13	1778	1808	+6	−1	24	19
2007	03	25	US	EC	3	1	F		10	1788	1760	+4	−4	22	32
2007	03	28	US	GT	0	0	F		-8	1780	1537	−4	+1	26	79
2007	06	02	US	CN	4	1	F		6	1786	1586	+3	−1	23	62
2007	06	07	US	GT	1	0	CCH		6	1792	1531	+1	0	23	76
2007	06	09	US	TT	2	0	CCH		7	1799	1499	+2	−1	21	83
2007	06	12	US	SV	4	0	CCH		4	1803	1356	+2	−1	19	115
2007	06	16	US	PA	2	1	CCH		6	1809	1565	0	−1	20	68
2007	06	21	US	CA	2	1	CCH		10	1819	1648	+1	−2	19	49
2007	06	24	US	MX	2	1	CCH		19	1838	1812	+3	−3	16	19
2007	06	28	AR	US	4	1	CA	VE	26	2012	1812	+3	−2	3	18
2007	07	02	PY	US	3	1	CA	VE	37	1854	1775	+2	−8	15	26
2007	07	05	CO	US	1	0	CA	VE	27	1781	1748	+8	−10	26	36
2007	08	22	SE	US	1	0	F		6	1817	1742	0	−1	18	35
2007	09	09	US	BR	2	4	F		-6	1736	2086	0	0	33	1
2007	10	17	CH	US	0	1	F		-15	1822	1751	0	+1	15	34
2007	11	17	ZA	US	0	1	NMC		-8	1463	1759	−2	+4	90	30
2008	01	19	US	SE	2	0	F		13	1772	1793	+4	−1	27	21
2008	02	06	US	MX	2	2	F		0	1772	1884	+1	+1	28	11
2008	03	26	PL	US	0	3	F		-24	1790	1796	−5	+7	24	21
2008	05	28	EN	US	2	0	F		7	1917	1789	+1	−3	8	25
2008	06	04	ES	US	1	0	F		3	1985	1786	0	−1	5	25
2008	06	08	US	AR	0	0	F		4	1790	2033	+1	0	22	2
2008	06	15	US	BB	8	0	WQ		3	1793	1276	0	−1	22	136
2008	06	22	BB	US	0	1	WQ		-3	1273	1796	0	0	136	21
2008	08	20	GT	US	0	1	WQ		-11	1517	1807	−4	+3	84	18
2008	09	06	CU	US	0	1	WQ		-8	1447	1815	−3	0	97	18
2008	09	10	US	TT	3	0	WQ		8	1823	1540	0	−6	19	77
2008	10	11	US	CU	6	1	WQ		4	1827	1425	0	0	19	100
2008	10	15	TT	US	2	1	WQ		29	1577	1798	+6	−3	65	21
2008	11	19	US	GT	2	0	WQ		6	1804	1510	+2	0	19	85
2009	01	24	US	SE	3	2	F		6	1810	1752	0	−1	19	31
2009	02	11	US	MX	2	0	WQ		23	1833	1800	+5	−3	14	20
2009	03	28	SV	US	2	2	WQ		13	1484	1820	+2	−2	87	16
2009	04	01	US	TT	3	0	WQ		8	1828	1566	+3	−2	14	66
2009	06	03	CR	US	3	1	WQ		29	1770	1799	+3	−5	28	19
2009	06	06	US	HN	2	1	WQ		11	1810	1718	+3	−1	16	36
2009	06	15	IT	US	3	1	CC	ZA	20	2011	1790	+1	−6	4	22
2009	06	18	BR	US	3	0	CC	ZA	15	2078	1775	0	−4	2	26
2009	06	21	US	EG	3	0	CC	ZA	40	1815	1706	+10	−9	16	43
2009	06	24	US	ES	2	0	CC	ZA	65	1880	2067	+5	−1	11	2
2009	06	28	BR	US	3	2	CC	ZA	10	2122	1870	0	0	1	11
2009	07	04	US	GD	4	0	CCH		2	1872	1283	0	0	11	134
2009	07	08	US	HN	2	0	CCH		16	1888	1724	+2	−3	9	38
2009	07	11	US	HT	2	2	CCH		-23	1865	1441	−2	+4	11	100
2009	07	18	US	PA	2	1	CCH		4	1869	1550	0	0	11	70
2009	07	23	US	HN	2	0	CCH		16	1885	1733	+2	−3	9	35
2009	07	26	US	MX	0	5	CCH		-76	1809	1863	−8	+14	17	11
2009	08	12	MX	US	2	1	WQ		12	1875	1797	0	−3	11	20
2009	09	05	US	SV	2	1	WQ		4	1801	1505	0	+2	20	83
2009	09	09	TT	US	0	1	WQ		-12	1540	1813	−4	+2	75	18
2009	10	10	HN	US	2	3	WQ		-23	1743	1836	−5	+2	33	16
2009	10	14	US	CR	2	2	WQ		-12	1824	1710	+2	+2	14	41
2009	11	14	SK	US	1	0	F		12	1671	1812	+2	−2	46	16
2009	11	18	DK	US	3	1	F		11	1811	1801	+2	−1	16	17
2010	01	23	US	HN	1	3	F		-21	1780	1766	−5	+6	22	28
2010	02	24	US	SV	2	1	F		2	1782	1511	0	0	22	87
2010	03	03	NL	US	2	1	F		2	2033	1780	0	+1	3	21
2010	05	25	US	CZ	2	4	F		-21	1759	1750	−3	+3	25	30
2010	05	29	US	TR	2	1	F		9	1768	1799	0	−1	25	18
2010	06	05	US	AU	3	1	F	ZA	16	1784	1775	+3	−2	20	22
2010	06	12	EN	US	1	1	WC	ZA	-17	1984	1801	0	+1	4	19
2010	06	18	SI	US	2	2	WC	ZA	8	1712	1793	+1	−3	38	21
2010	06	23	US	DZ	1	0	WC	ZA	12	1805	1535	+3	−1	17	81
2010	06	26	GH	US	2	1	WC	ZA	38	1754	1767	+10	−8	27	24
2010	08	10	US	BR	0	2	F		-6	1761	2101	−1	+1	26	2
2010	10	09	US	PL	2	2	F		-6	1755	1649	−1	+1	26	48
2010	10	12	US	CO	0	0	F		-3	1752	1769	−1	0	26	24
2010	11	17	ZA	US	0	1	NMC		-14	1606	1766	−3	+3	57	23
2011	01	22	US	CL	1	1	F		1	1767	1892	−1	0	24	9
2011	03	26	US	AR	1	1	F		4	1771	1999	0	0	24	5
2011	03	29	US	PY	0	1	F		-13	1758	1785	−2	+3	26	20
2011	06	04	US	ES	0	4	F		-7	1751	2130	−3	0	30	1
2011	06	07	US	CA	2	0	CCH		15	1766	1592	+6	0	24	59
2011	06	11	US	PA	1	2	CCH		-40	1726	1670	−10	+9	34	48
2011	06	14	US	GP	1	0	CCH		6	1732	1463	+1	0	33	92
2011	06	19	US	JM	2	0	CCH		24	1756	1674	+5	−3	28	44
2011	06	22	US	PA	1	0	CCH		12	1768	1645	+4	−3	24	51
2011	06	25	US	MX	2	4	CCH		-32	1736	1952	−9	+1	33	5
2011	08	10	US	MX	1	1	F		1	1737	1856	+2	−1	33	13
2011	09	02	US	CR	0	1	F		-15	1722	1659	−3	+5	36	48
2011	09	06	BE	US	1	0	F		9	1667	1713	+4	−1	45	36
2011	10	08	US	HN	1	0	F		5	1718	1628	0	0	36	54
2011	10	11	US	EC	0	1	F		-12	1706	1768	−2	+4	38	26
2011	11	11	FR	US	1	0	F		4	1845	1702	+1	0	14	38
2011	11	15	SI	US	2	3	F		-12	1652	1714	−2	+1	48	37
2012	01	21	US	VE	1	0	F		7	1721	1706	+2	−1	34	38
2012	01	25	PA	US	0	1	F		-11	1655	1732	−2	0	47	34
2012	02	29	IT	US	0	1	F		-16	1869	1748	−1	+2	11	31
2012	05	26	US	SQ	5	1	F		11	1759	1692	+1	−2	29	40
2012	05	30	US	BR	1	4	F		-8	1751	2080	−1	0	30	2
2012	06	03	CA	US	0	0	F		2	1578	1749	+4	−1	64	32
2012	06	08	US	AG	3	1	WQ		2	1751	1281	+2	0	30	136
2012	06	12	GT	US	1	1	WQ		7	1523	1744	+3	−1	82	32
2012	08	15	MX	US	0	1	F		-16	1884	1760	0	+3	11	26
2012	09	07	JM	US	2	1	WQ		21	1664	1739	+5	−4	44	30
2012	09	11	US	JM	1	0	WQ		11	1750	1653	+2	−2	28	46
2012	10	12	AG	US	1	2	WQ		-4	1270	1754	0	0	141	28
2012	10	16	US	GT	3	1	WQ		9	1763	1552	+1	−2	27	73
2012	11	14	RU	US	2	2	F		-6	1886	1769	−1	+1	13	26
2013	01	29	US	CA	0	0	F		-7	1762	1591	0	+1	26	61
2013	02	06	HN	US	2	1	WQ		20	1680	1742	+2	−4	44	30
2013	03	22	US	CR	1	0	WQ		12	1754	1676	+2	−3	28	43
2013	03	26	MX	US	0	0	WQ		-12	1879	1766	−2	+2	13	26
2013	05	29	US	BE	2	4	F		-17	1749	1829	−3	+3	29	16
2013	06	02	US	DE	4	3	F		16	1765	2055	+5	0	25	2
2013	06	07	JM	US	1	2	WQ		-14	1539	1779	−4	−1	75	25
2013	06	11	US	PA	2	0	WQ		16	1795	1689	+1	−4	24	41
2013	06	18	US	HN	1	0	WQ		8	1803	1645	+2	−2	22	50
2013	07	05	US	GT	6	0	F		3	1806	1481	+1	0	21	89
2013	07	09	US	BZ	6	1	CCH		1	1807	1173	0	0	21	163
2013	07	13	US	CU	4	1	CCH		5	1812	1414	+1	−1	20	106
2013	07	16	US	CR	1	0	CCH		15	1827	1743	+1	−1	19	30
2013	07	21	US	SV	5	1	CCH		9	1836	1522	+1	−5	18	83
2013	07	24	US	HN	3	1	CCH		12	1848	1636	+1	−2	17	52
2013	07	28	US	PA	1	0	CCH		12	1860	1741	+5	−2	12	30
2013	08	14	BA	US	3	4	F		-11	1795	1871	−2	+2	23	10
2013	09	06	CR	US	3	1	WQ		35	1749	1836	+5	−7	27	17
2013	09	10	US	MX	2	0	WQ		18	1854	1769	+1	−2	16	24
2013	10	11	US	JM	2	0	WQ		5	1859	1540	+1	−1	15	74
2013	10	15	PA	US	2	3	WQ		-18	1699	1877	−6	+2	40	13
2013	11	15	SQ	US	0	0	F		3	1687	1874	−1	+1	42	12
2013	11	19	AT	US	1	0	F		13	1662	1861	+1	−1	47	13
2014	02	01	US	KR	2	0	F		5	1866	1678	0	−1	13	44
2014	03	05	UA	US	2	0	F	CY	17	1838	1849	+3	0	17	13
2014	04	02	US	MX	2	2	F		-4	1845	1812	−2	+1	15	21
2014	05	27	US	AZ	2	0	F		2	1847	1443	+1	0	15	102
2014	06	01	US	TR	2	1	F		5	1852	1751	+1	−2	13	29
2014	06	07	US	NG	2	1	F		4	1856	1727	+1	0	13	30
2014	06	16	US	GH	2	1	WC	BR	18	1874	1686	0	−5	13	41
2014	06	22	PT	US	2	2	WC	BR	-3	1903	1877	0	−1	9	13
2014	06	26	DE	US	1	0	WC	BR	14	2098	1863	0	0	3	13
2014	07	01	BE	US	2	1	WC	BR	27	1930	1836	+1	−5	9	18
2014	09	03	CZ	US	0	1	F		-10	1730	1846	−1	+3	30	16
2014	10	10	US	EC	1	1	F		-3	1843	1842	−1	0	16	17
2014	10	14	US	HN	1	1	F		-8	1835	1556	−1	+1	17	72
2014	11	14	CO	US	2	1	F	EN	5	2015	1830	0	0	5	17
2014	11	18	IE	US	4	1	F		18	1732	1812	+6	−1	27	19
2015	01	28	CL	US	3	2	F		4	1967	1808	+1	0	6	19
2015	02	08	US	PA	2	0	F		7	1815	1705	0	−1	19	40
2015	03	25	DK	US	3	2	F		9	1763	1806	+1	0	25	19
2015	03	31	CH	US	1	1	F		-3	1793	1809	−1	+1	21	18
2015	04	15	US	MX	2	0	F		15	1824	1891	0	0	18	12
2015	06	05	NL	US	3	4	F		-17	2004	1841	0	+2	5	16
2015	06	10	DE	US	1	2	F		-18	2108	1859	0	+2	1	15
2015	07	03	US	GT	4	0	F		3	1862	1514	0	0	14	78
2015	07	07	US	HN	2	1	CCH		4	1866	1531	0	0	14	72
2015	07	10	US	HT	1	0	CCH		3	1869	1454	+1	−2	13	100
2015	07	13	US	PA	1	1	CCH		-17	1852	1705	−1	+5	14	39
2015	07	18	US	CU	6	0	CCH		4	1856	1378	0	0	14	114
2015	07	22	US	JM	1	2	CCH		-44	1812	1643	−3	+9	17	51
2015	07	25	US	PA	1	1	CCH		-15	1797	1696	−4	+1	21	43
2015	09	04	US	PE	2	1	F		8	1805	1801	+3	−2	18	20
2015	09	08	US	BR	1	4	F		-11	1794	2047	−2	0	20	3
2015	10	10	US	MX	2	3	CFC		-22	1772	1889	−3	+2	23	13
2015	10	13	US	CR	0	1	F		-13	1759	1768	−2	+2	26	24
2015	11	13	US	VC	6	1	WQ		2	1761	1180	0	0	26	165
2015	11	17	TT	US	0	0	WQ		3	1614	1758	+2	−3	54	30
2016	01	31	US	IS	3	2	F		5	1763	1667	0	−1	30	44
2016	02	05	US	CA	1	0	F		3	1766	1525	+2	−1	28	78
2016	03	25	GT	US	2	0	WQ		45	1520	1721	+14	−10	79	37
2016	03	29	US	GT	4	0	WQ		11	1732	1509	+2	−4	35	81
2016	05	22	PR	US	1	3	F		-1	1050	1733	0	0	185	35
2016	05	25	US	EC	1	0	F		11	1744	1873	+2	0	33	14
2016	05	28	US	BO	4	0	F		8	1752	1604	+2	−2	31	59
2016	06	03	US	CO	0	2	CA		-24	1728	2005	−3	0	35	5
2016	06	07	US	CR	4	0	CA		41	1769	1745	+12	−13	23	33
2016	06	11	US	PY	1	0	CA		16	1785	1724	+1	−1	22	37
2016	06	16	US	EC	2	1	CA		25	1810	1860	+4	−1	18	15
2016	06	21	US	AR	0	4	CA		-24	1786	2115	−4	0	22	1
2016	06	25	US	CO	0	1	CA		-22	1764	1952	−3	+1	25	7
2016	09	02	VC	US	0	6	WQ		-3	1108	1767	−1	0	179	24
2016	09	06	US	TT	4	0	WQ		11	1778	1548	0	−3	24	72
2016	10	07	CU	US	0	2	F		-3	1307	1781	−2	0	129	24
2016	10	11	US	NZ	1	1	F		-8	1773	1547	−4	+4	26	71
2016	11	11	US	MX	1	2	WQ		-18	1755	1919	−1	+1	27	12
2016	11	15	CR	US	4	0	WQ		20	1853	1735	+3	−5	17	33
2017	01	29	US	RS	0	0	F		-3	1732	1746	0	0	33	32
2017	02	03	US	JM	1	0	F		3	1735	1511	0	−2	33	81
2017	03	24	US	HN	6	0	WQ		18	1753	1592	+1	−5	32	63
2017	03	28	PA	US	1	1	WQ		1	1643	1752	−2	0	53	33
2017	06	03	US	VE	1	1	F		-5	1747	1685	0	+3	33	40
2017	06	08	US	TT	2	0	WQ		6	1753	1443	0	−1	32	97
2017	06	11	MX	US	1	1	WQ		-13	1922	1766	−1	+5	10	27
2017	07	01	US	GH	2	1	F		3	1769	1574	0	−1	26	66
2017	07	08	US	PA	1	1	CCH		-14	1755	1659	−3	+2	30	48
2017	07	12	US	MQ	3	2	CCH		4	1759	1447	+2	−1	28	94
2017	07	15	US	NI	3	0	CCH		3	1762	1300	+1	0	28	129
2017	07	19	US	SV	2	0	CCH		6	1768	1442	+1	−3	27	96
2017	07	22	US	CR	2	0	CCH		29	1797	1757	+5	−5	22	29
2017	07	26	US	JM	2	1	CCH		7	1804	1580	+2	0	20	64
2017	09	01	US	CR	0	2	WQ		-42	1762	1799	−12	+10	31	20
2017	09	05	HN	US	1	1	WQ		5	1583	1757	−1	+2	65	30
2017	10	06	US	PA	4	0	WQ		19	1776	1647	+4	−2	26	48
2017	10	10	TT	US	2	1	WQ		33	1434	1743	+9	−7	99	32
2017	11	14	PT	US	1	1	F		-8	1993	1751	+1	+4	4	26
2018	01	28	US	BA	0	0	F		-4	1747	1727	0	0	27	36
2018	03	27	US	PY	1	0	F		7	1754	1745	+3	−1	26	28
2018	05	28	US	BO	3	0	F		9	1763	1672	+1	0	25	47
2018	06	02	IE	US	2	1	F		8	1729	1755	+1	−1	37	26
2018	06	09	FR	US	1	1	F		-7	1986	1762	0	0	4	25
2018	09	07	US	BR	0	2	F		-6	1756	2119	−3	0	29	2
2018	09	11	US	MX	1	0	F		9	1765	1807	+2	−2	27	20
2018	10	11	US	CO	2	4	F		-12	1753	1954	−3	0	30	8
2018	10	16	US	PE	1	1	F		1	1754	1895	+1	0	27	13
2018	11	15	EN	US	3	0	F		6	1945	1748	+1	−3	7	30
2018	11	20	IT	US	1	0	F	BE	6	1888	1742	0	−3	15	34
2019	01	27	US	PA	3	0	F		6	1748	1559	+1	−2	34	67
2019	02	02	US	CR	2	0	F		10	1758	1714	+5	−2	30	41
2019	03	21	US	EC	1	0	F		8	1766	1765	+2	−5	28	29
2019	03	26	US	CL	1	1	F		-1	1765	1834	0	+1	30	17
2019	06	05	US	JM	0	1	F		-17	1748	1552	−3	+4	33	68
2019	06	09	US	VE	0	3	F		-22	1726	1785	−2	+4	37	25
2019	06	18	US	GY	4	0	CCH		2	1728	1176	+2	0	37	166
2019	06	22	US	TT	6	0	CCH		9	1737	1396	+2	−1	35	104
2019	06	26	US	PA	1	0	CCH		10	1747	1584	+3	−1	31	62
2019	06	30	US	CW	1	0	CCH		3	1750	1369	+1	−2	29	114
2019	07	03	US	JM	3	1	CCH		13	1763	1571	+3	−4	26	67
2019	07	07	US	MX	0	1	CCH		-26	1737	1881	−8	+1	34	16
2019	09	06	US	MX	0	3	F		-15	1722	1896	−6	+2	40	14
2019	09	10	US	UY	1	1	F		4	1726	1957	0	0	38	8
2019	10	11	US	CU	7	0	CLA		3	1729	1259	0	−1	38	147
2019	10	15	CA	US	2	0	CLA		33	1622	1696	+5	−6	53	43
2019	11	15	US	CA	4	1	CLA		19	1715	1603	+4	−4	40	57
2019	11	19	US	CU	4	0	CLA	KY	5	1720	1268	+1	−2	39	142
2020	02	01	US	CR	1	0	F		6	1726	1651	+2	0	37	48
2020	11	12	WA	US	0	0	F		-5	1805	1731	−1	0	21	37
2020	11	16	US	PA	6	2	F	AT	9	1740	1533	0	0	37	73
2020	12	09	US	SV	6	0	F		5	1745	1478	+3	−1	35	88
2021	01	31	US	TT	7	0	F		2	1747	1342	+1	0	34	120
2021	03	25	US	JM	4	1	F	AT	10	1757	1573	+1	−1	34	64
2021	03	28	EI	US	1	2	F		-8	1575	1765	−2	+4	62	30
2021	05	30	CH	US	2	1	F		4	1889	1761	0	0	15	30
2021	06	03	US	HN	1	0	CNL		7	1768	1597	+4	−4	26	61
2021	06	06	US	MX	3	2	CNL		22	1790	1888	+1	−1	25	15
2021	06	09	US	CR	4	0	F		7	1797	1626	+4	−5	22	54
2021	07	11	US	HT	1	0	CCH		6	1803	1532	0	−1	23	75
2021	07	15	US	MQ	6	1	CCH		6	1809	1406	+2	0	21	101
2021	07	18	US	CA	1	0	CCH		12	1821	1704	+1	0	20	39
2021	07	25	US	JM	1	0	CCH		6	1827	1572	+2	0	18	64
2021	07	29	US	QA	1	0	CCH		11	1838	1696	+1	−1	17	41
2021	08	01	US	MX	1	0	CCH		23	1861	1891	0	−1	17	15
2021	09	02	SV	US	0	0	WQ		11	1547	1850	+2	0	72	17
2021	09	05	US	CA	1	1	WQ		-12	1838	1723	−1	+2	18	37
2021	09	08	HN	US	1	4	WQ		-22	1577	1860	−5	+1	63	17
2021	10	07	US	JM	2	0	WQ		5	1865	1527	+1	−2	16	76
2021	10	10	PA	US	1	0	WQ		30	1610	1835	+5	−1	57	18
2021	10	13	US	CR	2	1	WQ		6	1841	1616	0	0	18	56
2021	11	12	US	MX	2	0	WQ		25	1866	1860	+2	−1	15	16
2021	11	16	JM	US	1	1	WQ		10	1587	1856	+2	−1	65	16
2021	12	18	US	BA	1	0	F		2	1858	1600	+1	−1	14	63
2022	01	27	US	SV	1	0	WQ		3	1861	1495	−1	−2	15	84
2022	01	30	CA	US	2	0	WQ		27	1826	1834	+3	−7	24	22
2022	02	02	US	HN	3	0	WQ		4	1838	1437	0	−1	22	94
2022	03	24	MX	US	0	0	WQ		-6	1836	1844	0	+5	20	17
2022	03	27	US	PA	5	1	WQ		10	1854	1600	+1	0	16	60
2022	03	30	CR	US	2	0	WQ		34	1742	1820	+7	−7	33	23
2022	06	01	US	MA	3	0	F		9	1829	1726	+2	−1	21	35
2022	06	05	US	UY	0	0	F		0	1829	1936	0	0	21	12
2022	06	10	US	GD	5	0	CLA		1	1830	1134	0	0	21	173
2022	06	14	SV	US	1	1	CLA		12	1500	1818	+1	−3	81	24
2022	09	23	JP	US	2	0	F	DE	17	1798	1801	+1	−5	27	26
2022	09	27	SA	US	0	0	F	ES	5	1633	1796	+1	−1	55	25
2022	11	21	US	WA	1	1	WC	QA	-1	1795	1790	+1	+1	23	24
2022	11	25	EN	US	0	0	WC	QA	-13	1943	1808	−1	+1	10	24
2022	11	29	US	IR	1	0	WC	QA	30	1838	1780	+3	−3	21	26
2022	12	03	NL	US	3	1	WC	QA	21	2068	1817	0	−4	3	24
2023	01	25	US	RS	1	2	F		-12	1805	1847	−1	+1	24	19
2023	01	28	US	CO	0	0	F		0	1805	1919	0	0	24	12
2023	03	24	GD	US	1	7	CLA		-3	1109	1808	0	0	174	24
2023	03	27	US	SV	1	0	CLA		3	1811	1469	0	−1	23	85
2023	04	19	US	MX	1	1	F		-3	1808	1805	0	0	23	24
2023	06	15	US	MX	3	0	CNL		25	1833	1777	+2	−5	21	29
2023	06	18	US	CA	2	0	CNL		16	1849	1741	+3	−1	18	34
2023	06	24	US	JM	1	1	CCH		-21	1828	1550	−4	+4	23	70
2023	06	28	US	KN	6	0	CCH		1	1829	1179	0	0	23	163
2023	07	02	US	TT	6	0	CCH		4	1833	1371	+2	0	21	114
2023	07	09	US	CA	2	2	CCH		-14	1819	1724	−3	+2	24	38
2023	07	12	US	PA	1	1	CCH		-14	1805	1706	−1	+3	25	42
2023	09	09	US	UZ	3	0	F		5	1810	1604	+1	−1	25	60
2023	09	12	US	OM	4	0	F		5	1815	1576	−1	0	26	66
2023	10	14	US	DE	1	3	F		-16	1799	1918	−1	+1	26	12
2023	10	17	US	GH	4	0	F		5	1804	1576	0	+1	26	63
2023	11	16	US	TT	3	0	CLA		4	1808	1398	0	−2	26	106
2023	11	20	TT	US	2	1	CLA		34	1432	1774	+8	−5	98	28
2024	01	20	US	SI	0	1	F		-14	1760	1724	−3	+1	31	38
2024	03	21	US	JM	3	1	CNL		12	1772	1610	+3	−3	27	61
2024	03	24	US	MX	2	0	CNL		26	1798	1800	+6	−2	22	21
2024	06	08	US	CO	1	5	F		-13	1785	2011	−2	+1	24	5
2024	06	12	US	BR	1	1	F		4	1789	2027	0	0	24	3
2024	06	23	US	BO	2	0	CA		11	1800	1580	0	−4	22	66
2024	06	27	US	PA	1	2	CA		-39	1761	1724	−8	+6	30	39
2024	07	01	US	UY	0	1	CA		-15	1746	2026	−1	+1	31	5
2024	09	07	US	CA	1	2	F		-13	1733	1768	−2	+1	34	28
2024	09	10	US	NZ	1	1	F		-7	1726	1569	−2	0	37	69
2024	10	12	US	PA	2	0	F		11	1737	1719	+5	−4	35	42
2024	10	15	MX	US	2	0	F		9	1801	1728	0	−4	23	40
2024	11	14	JM	US	0	1	CNL		-19	1586	1747	−8	+6	65	34
2024	11	18	US	JM	4	2	CNL		11	1758	1575	0	−3	34	67
2025	01	18	US	VE	3	1	F		10	1768	1734	+1	−1	33	37
2025	01	22	US	CR	3	0	F		8	1776	1644	+5	0	28	52
2025	03	20	US	PA	0	1	CNL		-29	1747	1740	−7	+7	35	37
2025	03	23	US	CA	1	2	CNL		-25	1722	1778	−6	+5	41	29
2025	06	07	US	TR	1	2	F		-10	1712	1847	−3	+1	43	17
2025	06	10	US	CH	0	4	F		-18	1694	1845	−3	+5	45	18
2025	06	15	US	TT	5	0	CCH		9	1703	1387	+1	−4	44	107
2025	06	19	US	SA	1	0	CCH		12	1715	1597	+3	−4	41	63
2025	06	22	US	HT	2	1	CCH		6	1721	1467	+1	0	40	86
2025	06	29	US	CR	2	2	CCH		-9	1712	1692	−1	+1	41	46
2025	07	02	US	GT	2	1	CCH		8	1720	1526	+1	0	40	75
2025	07	06	US	MX	1	2	CCH		-24	1696	1861	−5	+5	45	16
2025	09	06	US	KR	0	2	F		-17	1679	1771	−2	+2	48	32
2025	09	09	US	JP	2	0	F		19	1698	1863	+3	−3	45	17
2025	10	10	US	EC	1	1	F		4	1702	1930	+2	0	43	9
2025	10	14	US	AU	2	1	F		10	1712	1794	0	−2	41	27
2025	11	15	US	PY	2	1	F		11	1723	1822	+1	−2	40	23
2025	11	18	US	UY	5	1	F		24	1747	1890	+5	−2	34	14
2026	03	28	US	BE	2	5	F		-17	1730	1866	−6	+2	40	19
2026	03	31	US	PT	0	2	F		-9	1721	1984	−3	0	41	5