date,home,away,actual,pred_poisson,pred_real,has_real,relo_h,relo_a,lambda_h,lambda_a,match_idx,se_real,se_poisson,min_elo
2025-10-14,Nepal,Vietnam,0.0,0.21993454476678792,0.14805165414742621,True,920.0,1324.0,0.8880004409737825,2.295473803779543,1743,0.021919292295789105,0.04837120398177424,920.0
2025-10-14,Myanmar,Syria,0.0,0.37044803785448066,0.34808796012533627,True,1228.0,1437.0,1.0079519126587202,1.5658533321772719,1744,0.1211652279842177,0.13723174875023475,1228.0
2025-10-14,Maldives,Tajikistan,0.0,0.24880018278086796,0.13748809600868891,True,866.0,1285.0,0.8457226461858577,2.031080023276727,1745,0.018902976544094462,0.06190153095179331,866.0
2025-10-14,Philippines,East Timor,1.0,0.8178174768938578,0.9604212774283489,True,1138.0,684.0,2.2727166516526216,0.686606575019308,1746,0.0015664752804037218,0.03319047172532005,684.0
2025-10-15,Puerto Rico,Argentina,0.0,0.08086621781167189,0.006342155201019844,True,1133.0,2111.0,0.6008363473334675,3.277903254535088,1747,4.0222932593823064e-05,0.00653934518316476,1133.0
2025-10-15,USA,Australia,1.0,0.51490314392018,0.525880930891169,True,1712.0,1794.0,1.33602877904177,1.2722690945468456,1748,0.22478889169262442,0.2353189597785256,1712.0
2025-10-15,Jamaica,Bermuda,1.0,0.7093555647632853,0.9512158141101019,True,1539.0,1123.0,2.0068546980875803,1.0137698110593247,1749,0.002379896792940131,0.08447418773406884,1123.0
2025-10-15,Canada,Colombia,0.5,0.4060425310076876,0.3612622508882752,True,1789.0,1988.0,1.0961708483934076,1.4997132508857747,1750,0.0192481630285879,0.008828005979441344,1789.0
2025-10-15,El Salvador,Guatemala,0.0,0.5601393913617008,0.3854986389914422,True,1345.0,1526.0,1.3452668596235662,1.0948061100406072,1752,0.1486092006642543,0.31375613775505656,1345.0
2025-10-15,Mexico,Ecuador,0.5,0.525086495084218,0.5244454611206615,True,1847.0,1930.0,1.2715392280174136,1.1673124507886101,1753,0.0005975805694017722,0.0006293322356104942,1847.0
2025-10-15,Panama,Suriname,0.5,0.6931662755213384,0.9006730359903561,True,1723.0,1440.0,1.9241975826128983,1.0236826644686638,1754,0.1605388817697292,0.0373132099987856,1440.0
2025-11-12,Russia,Peru,0.5,0.7203670337144217,0.8625119039913111,True,1922.0,1703.0,1.8550597290947957,0.8561434130984745,1755,0.13141488053540554,0.04856162954809306,1703.0
2025-11-12,Cuba,Saint Lucia,1.0,0.6384026322047175,0.8010809398289457,True,1180.0,1038.0,1.705340731769139,1.085947754017936,1756,0.03956879249933553,0.13075265639647682,1038.0
2025-11-12,Tunisia,Mauritania,0.5,0.6445142697816292,0.909565530807434,True,1643.0,1342.0,1.4235514362951962,0.8336947775121207,1757,0.16774392402557514,0.0208843741705175,1342.0
2025-11-12,Bahamas,Anguilla,0.0,0.6262462568620036,0.8056276940436502,True,782.0,635.0,1.8939711401576698,1.295184152619025,1758,0.6490359814100892,0.39218437423367064,635.0
2025-11-13,North Macedonia,Latvia,0.5,0.7431353376471401,0.8762293189310646,True,1518.0,1278.0,1.9449546919960417,0.8214148673126795,1759,0.14154850042333272,0.05911479241278884,1278.0
2025-11-13,Moldova,Italy,0.0,0.180901496418154,0.054117436910477636,True,1307.0,1904.0,0.80952067321047,2.4831753793490754,1760,0.002928696977759527,0.03272535140632739,1307.0
2025-11-13,Lithuania,Israel,0.5,0.4066127807527425,0.19257581832872078,True,1272.0,1621.0,1.1634148576586911,1.573958836160252,1761,0.09450962747625569,0.008721172718735345,1272.0
2025-11-13,Ireland,Portugal,1.0,0.25724576580249947,0.13748809600868891,True,1607.0,2026.0,0.9457184037916193,2.1206395451906266,1762,0.7439267845267166,0.5516838524183154,1607.0
2025-11-13,France,Ukraine,1.0,0.7212675644775522,0.8852936760540788,True,2052.0,1797.0,1.9718157805379284,0.9356600827603336,1763,0.013157540753186609,0.07769177061227549,1797.0
2025-11-13,Norway,Estonia,1.0,0.8896255065071256,0.9739366223620762,True,1872.0,1343.0,3.0017142766357536,0.6569782883460394,1764,0.0006792996538970247,0.01218252881380858,1343.0
2025-11-13,England,Serbia,1.0,0.7471283357508954,0.8569591392644484,True,2024.0,1813.0,1.9899037862710094,0.8346357013677715,1765,0.020460687839967455,0.06394407858011186,1813.0
2025-11-13,Czechia,San Marino,1.0,0.9372835590791357,0.9983336136712032,True,1844.0,833.0,3.974109348506454,0.5178362422204954,1766,2.7768433968008346e-06,0.003933351961780257,833.0
2025-11-13,Azerbaijan,Iceland,0.0,0.4210763560255432,0.3665922999288324,True,1363.0,1558.0,1.3384816195510436,1.7012762982523892,1767,0.134389914367111,0.17730529760375002,1363.0
2025-11-13,Armenia,Hungary,0.0,0.3947223505082585,0.22185154578086755,True,1400.0,1718.0,1.138382551248153,1.6023415248255195,1768,0.04921810836536037,0.15580573399076447,1400.0
2025-11-13,Andorra,Albania,0.0,0.2728269104031785,0.057451791076642215,True,1087.0,1673.0,0.7367998419020163,1.72497107897407,1769,0.003300708297914146,0.074434523040144,1087.0
2025-11-13,Suriname,El Salvador,1.0,0.518919497133662,0.7544540419421866,True,1440.0,1345.0,1.3897496847523132,1.3075936321108632,1770,0.060292817518529475,0.23143845023812862,1345.0
2025-11-13,Papua New Guinea,Solomon Islands,1.0,0.5086417849401795,0.6104024220946891,True,1104.0,1126.0,1.3185978733308645,1.2816644362780214,1771,0.1517862727096848,0.24143289550677277,1104.0
2025-11-13,Cayman Islands,British Virgin Islands,0.0,0.6751458436679637,0.8029091701538159,True,795.0,651.0,1.4694855980643382,0.7536669538196524,1772,0.6446631355170893,0.4558219102221265,651.0
2025-11-13,Bangladesh,Nepal,0.5,0.6414135416298478,0.6360768996878818,True,915.0,918.0,1.6847276702193805,1.0565381167914316,1773,0.018516922628665857,0.019997789756296687,915.0
2025-11-13,India,Bhutan,1.0,0.8089154722260451,0.9740823468931378,True,1150.0,620.0,2.4082420069188744,0.8117853479609451,1774,0.0006717247425676452,0.036513296754595345,620.0
2025-11-13,Dominican Republic,Saint Vincent and the Grenadines,1.0,0.692196630419464,0.7973863140277038,True,1295.0,1157.0,1.8869970981405197,0.9998830827846568,1775,0.04105230574328027,0.09474291432513203,1157.0
2025-11-13,Cabo Verde,Iran,0.0,0.392174961438975,0.34029200585525193,True,1549.0,1764.0,1.061352790929698,1.5247250370462153,1776,0.11579864924899082,0.15380120037966152,1549.0
2025-11-13,United Arab Emirates,Iraq,0.5,0.511459662782845,0.596629173305774,True,1548.0,1580.0,1.442358240195265,1.3914584995065846,1777,0.009337197133757313,0.0001313238710965239,1548.0
2025-11-13,Hong Kong,Cambodia,0.5,0.7288354489276392,0.9256237164516561,True,1173.0,835.0,1.962248264818164,0.8956931175005367,1778,0.18115554800611974,0.05236566268591416,835.0
2025-11-13,Algeria,Zimbabwe,1.0,0.7742936187095933,0.9338859386628043,True,1699.0,1339.0,2.18027566553604,0.8379243351164977,1779,0.004371069106498471,0.05094337055521043,1339.0
2025-11-13,Cameroon,DR Congo,0.0,0.5588744461746131,0.615864104253756,True,1578.0,1596.0,1.2313024406868103,0.9955653244747281,1780,0.37928859490828126,0.3123406465869805,1578.0
2025-11-13,Nigeria,Gabon,1.0,0.5869117522351557,0.7731399130767673,True,1604.0,1491.0,1.5714702759803119,1.1881873110847563,1781,0.051465499038816684,0.1706419004414294,1491.0
2025-11-13,Antigua and Barbuda,Aruba,0.5,0.5201477296667733,0.6172250309049463,True,904.0,921.0,1.5114604785075,1.4206144367791578,1782,0.013741707870665613,0.00040593101072537496,904.0
2025-11-13,Thailand,Singapore,1.0,0.6271227840010186,0.8864576236639505,True,1361.0,1104.0,1.648368100199671,1.0860975165578233,1783,0.012891871224037087,0.139037418211151,1104.0
2025-11-14,Nicaragua,Honduras,1.0,0.4396942808659838,0.34158547908308745,True,1343.0,1557.0,1.09872283581228,1.3502138133892958,1784,0.43350968135424744,0.313942498894287,1343.0
2025-11-14,Canada,Ecuador,0.5,0.5007977389688317,0.4441090388831469,True,1790.0,1929.0,1.2998414436989922,1.2963996352777805,1785,0.003123799534565585,6.363874623927108e-07,1790.0
2025-11-14,Haiti,Costa Rica,1.0,0.5699582163617738,0.47842666694885455,True,1527.0,1642.0,1.56482867280158,1.2540302797187635,1786,0.272038741750081,0.18493593567474695,1527.0
2025-11-14,Guatemala,Panama,0.0,0.4483453995275758,0.3249597989597013,True,1511.0,1738.0,1.1663823921440004,1.3855095920784655,1787,0.10559887093992948,0.20101359727754156,1511.0
2025-11-14,Trinidad and Tobago,Jamaica,0.5,0.4361567233563405,0.4741190691088309,True,1420.0,1538.0,1.1783174915479329,1.4531151296655893,1788,0.0006698225837934714,0.004075963972598841,1420.0
2025-11-14,Kenya,Equatorial Guinea,0.0,0.5452877792552913,0.502878199574811,True,1354.0,1452.0,1.2464482035886448,1.062489831389518,1789,0.2528864836076034,0.29733876220516725,1354.0
2025-11-14,Finland,Malta,0.0,0.7152423238886495,0.9071699361527149,True,1543.0,1247.0,1.9140507618813236,0.9203548326434999,1790,0.8229572930593209,0.5115715818816358,1247.0
2025-11-14,Luxembourg,Germany,0.0,0.2376762021457307,0.0988131708783323,True,1407.0,1891.0,0.8408383374632975,2.098118306490396,1791,0.009764042739030499,0.05648997706641825,1407.0
2025-11-14,Gibraltar,Montenegro,0.0,0.26197125187629244,0.13748809600868891,True,1023.0,1442.0,0.9514579343858058,2.0980063719962154,1792,0.018902976544094462,0.06862893680963186,1023.0
2025-11-14,Poland,Netherlands,0.5,0.38779754449182324,0.3038712295704002,True,1722.0,1966.0,1.1850673981931332,1.6908855751122935,1793,0.03846649459022666,0.012589391022064385,1722.0
2025-11-14,Slovakia,Northern Ireland,1.0,0.5960697603547698,0.7414335229692995,True,1690.0,1607.0,1.5211301007647748,1.1060590209861747,1794,0.06685662304406775,0.16315963849985313,1607.0
2025-11-14,Croatia,Faroe Islands,1.0,0.8405545107347643,0.9777300639766799,True,1927.0,1370.0,2.530258163377394,0.7160619630340633,1795,0.0004959500504827685,0.0254228640470304,1370.0
2025-11-14,Uganda,Chad,1.0,0.7758264861490252,0.9164213770695134,True,1432.0,1116.0,1.9354153494574378,0.6737837380769243,1797,0.006985386210956455,0.050253764312293205,1116.0
2025-11-14,Comoros,Namibia,1.0,0.5489845066427567,0.7175917231915314,True,1389.0,1327.0,1.2940039228078029,1.0921467567373884,1798,0.07975443480992861,0.20341497524827762,1327.0
2025-11-14,Japan,Ghana,1.0,0.7196925670378149,0.9331715354303313,True,1871.0,1513.0,1.8967570868544863,0.8887722987478831,1799,0.004466043676739469,0.07857225697384988,1513.0
2025-11-14,Tunisia,Jordan,1.0,0.5586511969924328,0.6648579785547648,True,1635.0,1616.0,1.3671808367173193,1.1208754140928534,1800,0.11232017453839849,0.19478876591621233,1616.0
2025-11-14,Oman,Sudan,1.0,0.5837517395481714,0.7945819150362295,True,1503.0,1368.0,1.4035056796221188,1.0527846856395433,1801,0.042196589630182815,0.17326261432917334,1368.0
2025-11-14,Saudi Arabia,Côte d'Ivoire,1.0,0.4437358783508667,0.6212967231224545,True,1585.0,1599.0,1.198988284396076,1.4413438073862728,1802,0.14341617191779085,0.30942977303408176,1585.0
2025-11-14,South Korea,Bolivia,1.0,0.7025648080837461,0.7436345220073278,True,1774.0,1689.0,1.9073625778866206,0.9702702252374612,1803,0.06572325830641128,0.08846769339025878,1689.0
2025-11-14,Morocco,Mozambique,1.0,0.8225085187976428,0.9543232189603377,True,1825.0,1397.0,2.336818798417303,0.700633628049517,1804,0.002086368326145256,0.03150322589940674,1397.0
2025-11-14,Angola,Argentina,0.0,0.245440930162296,0.07203315850384262,True,1567.0,2111.0,0.8160954554924216,2.0093916752753636,1805,0.005188775924039714,0.06024125019893307,1567.0
2025-11-14,Burkina Faso,Niger,1.0,0.6359866449778224,0.7791406208194696,True,1528.0,1409.0,1.5624794130645623,0.9791169004905066,1806,0.048778865372009324,0.1325057226345019,1409.0
2025-11-14,Uganda,Chad,1.0,0.776485634079063,0.9164213770695134,True,1432.0,1116.0,1.9383137144880105,0.6727762276775424,1807,0.006985386210956455,0.04995867177303852,1116.0
2025-11-14,Uzbekistan,Egypt,1.0,0.5517756349839334,0.698558626418023,True,1714.0,1668.0,1.3470459620689432,1.130153025654499,1808,0.09086690170698901,0.20090508139405605,1668.0
2025-11-15,Switzerland,Sweden,1.0,0.6280484388016216,0.8618278475799177,True,1892.0,1674.0,1.815236978262776,1.2212415846335452,1809,0.019091543704398455,0.138347963877911,1674.0
2025-11-15,Liechtenstein,Wales,0.0,0.125615516785499,0.01838406720224497,True,901.0,1692.0,0.6606787475727602,2.770691265148365,1810,0.00033797392689665924,0.015779258057287984,901.0
2025-11-15,Slovenia,Kosovo,0.0,0.5301793279897647,0.726830072276731,True,1735.0,1665.0,1.3182182014119006,1.1912428756494375,1811,0.528281953965798,0.28109011982767856,1665.0
2025-11-15,Greece,Scotland,1.0,0.5797339685180894,0.6253513933075368,True,1760.0,1771.0,1.504268396856202,1.1585122601263913,1812,0.14036157849660402,0.17662353721755422,1760.0
2025-11-15,Georgia,Spain,0.0,0.24378730953687983,0.09234643180631803,True,1685.0,2182.0,0.9284827416498853,2.1859730409953255,1813,0.008527863467358947,0.059432252291230454,1685.0
2025-11-15,Türkiye,Bulgaria,1.0,0.7845258083560094,0.9553164906282028,True,1860.0,1428.0,2.1591237095484273,0.7765353939343405,1814,0.0019966160097794894,0.0464291272646312,1428.0
2025-11-15,Bosnia & Herzegovina,Romania,1.0,0.40460509012107393,0.42010023964211857,True,1521.0,1677.0,1.218314921356631,1.646370685751008,1815,0.3362837320631284,0.3544950987097345,1521.0
2025-11-15,Kazakhstan,Belgium,0.5,0.23699877788879947,0.1123887401401455,True,1406.0,1865.0,0.8667775264339316,2.1414788588007236,1816,0.15024248877014365,0.06916964283198504,1406.0
2025-11-15,Denmark,Belarus,0.5,0.8008392633021758,0.9602018804600128,True,1917.0,1464.0,2.3096142325145874,0.7921892528074798,1817,0.21178577077893188,0.09050426234419587,1464.0
2025-11-15,Cyprus,Austria,0.0,0.2531263977568451,0.08902396853465472,True,1325.0,1829.0,0.9623214631423509,2.1717787377606568,1818,0.007925266973659193,0.06407297324135655,1325.0
2025-11-15,Russia,Chile,0.0,0.671481688612281,0.8658895824550439,True,1922.0,1698.0,1.7351798372469296,0.9716306010101915,1819,0.7497647690041702,0.45088765814160026,1698.0
2025-11-15,Papua New Guinea,Fiji,0.0,0.517999904251138,0.5686413918836677,True,1120.0,1172.0,1.3390251397016086,1.2621122261950983,1820,0.3233530325633949,0.2683239008041881,1120.0
2025-11-15,Guinea,Liberia,1.0,0.6935151411705333,0.8271780169631395,True,1479.0,1307.0,1.8311716677648837,0.9523350101945757,1821,0.02986743782079289,0.09393296869171816,1307.0
2025-11-15,Grenada,US Virgin Islands,1.0,0.8177976800415249,0.9701903450946798,True,1122.0,617.0,2.489818025924133,0.8145650081685122,1822,0.0008886155255742789,0.03319768539825055,617.0
2025-11-15,Bahamas,British Virgin Islands,0.0,0.5938882925730883,0.770096676660982,True,761.0,651.0,1.6688231206949937,1.2441575625973584,1823,0.5930488914042891,0.3527033040553781,651.0
2025-11-15,Barbados,Aruba,0.0,0.7197402782221809,0.676301669492737,True,949.0,921.0,2.207793033038356,1.1130051852588259,1824,0.45738394815866323,0.5180260680953424,921.0
2025-11-15,South Africa,Zambia,1.0,0.690920096268342,0.809207997485838,True,1524.0,1373.0,1.700247700693277,0.8652619090904845,1825,0.03640158822336398,0.09553038689077094,1373.0
2025-11-15,Brazil,Senegal,1.0,0.6034633345374134,0.8246953134461684,True,1978.0,1809.0,1.5368220850896304,1.0893534548724473,1826,0.030731733127737138,0.15724132705618732,1809.0
2025-11-15,Libya,Mauritania,1.0,0.489693830711753,0.7245382428425361,True,1418.0,1350.0,1.0569242434793082,1.097507743646885,1827,0.07587917965627762,0.260412386413645,1350.0
2025-11-15,Lesotho,Malawi,0.5,0.5210560862772528,0.6131368201531431,True,1224.0,1244.0,1.346439684836986,1.2564393420054933,1828,0.012799940074364642,0.0004433587693151116,1224.0
2025-11-15,USA,Paraguay,1.0,0.5704082627645537,0.469815319996098,True,1712.0,1833.0,1.45302967896834,1.1510369488128864,1829,0.28109579491084,0.18454906070096874,1712.0
2025-11-15,Kuwait,Tanzania,1.0,0.4524125801262771,0.581301478368915,True,1293.0,1336.0,1.0293870091306923,1.2205676263530685,1830,0.17530845201605616,0.29985198240396094,1293.0
2025-11-15,Venezuela,Australia,1.0,0.4501043149800058,0.5644004902404213,True,1727.0,1782.0,1.2296405692292518,1.4456888512968462,1831,0.18974693290278533,0.3023852644036087,1727.0
2025-11-16,Ukraine,Iceland,1.0,0.6515943460242472,0.8548291775317596,True,1788.0,1580.0,1.7549510703003786,1.070552286172305,1832,0.021074567696105377,0.12138649972227203,1580.0
2025-11-16,Israel,Moldova,1.0,0.7100208771653749,0.9141902593095826,True,1615.0,1304.0,2.042514606211932,1.0369832892737016,1833,0.0073633115973566685,0.0840878916799386,1304.0
2025-11-16,Azerbaijan,France,0.0,0.13632040424658892,0.027411274627306505,True,1341.0,2061.0,0.7527491526565008,2.8194570852752134,1834,0.0007513779766936174,0.018583252613953417,1341.0
2025-11-16,Serbia,Latvia,1.0,0.7695018803710035,0.9734946484719849,True,1813.0,1287.0,2.0779092130817003,0.7934099099583652,1835,0.0007025336596236546,0.053129383152503165,1287.0
2025-11-16,Italy,Norway,0.0,0.5110227682751729,0.6825703854747719,True,1907.0,1874.0,1.459754250582423,1.4105045356507464,1836,0.4659023311271787,0.26114426969562105,1874.0
2025-11-16,Portugal,Armenia,1.0,0.854987887327485,0.9807661828592751,True,1974.0,1391.0,2.652408731040749,0.7016253875666482,1837,0.0003699397218028437,0.02102851282174619,1391.0
2025-11-16,Hungary,Ireland,0.0,0.6022241540857477,0.7245382428425361,True,1727.0,1659.0,1.6484036506518593,1.1907418184360554,1838,0.5249556653413499,0.3626739317642944,1659.0
2025-11-16,Colombia,New Zealand,1.0,0.7706715168995935,0.9470491982010917,True,1990.0,1589.0,1.9104777572067655,0.680020511937002,1839,0.0028037874111472728,0.05259155316113345,1589.0
2025-11-16,Saint Vincent and the Grenadines,Saint Lucia,1.0,0.6225587644900427,0.8196458144946892,True,1171.0,1008.0,1.6590730771301512,1.1140821796694136,1840,0.03252763222928406,0.14246188626328307,1008.0
2025-11-16,Mexico,Uruguay,0.5,0.4742227840423301,0.5459219227804837,True,1846.0,1914.0,1.1349427523295985,1.24079570036131,1841,0.002108822991856706,0.0006644648625283522,1846.0
2025-11-16,Cayman Islands,Anguilla,1.0,0.6726079427331274,0.8179376310581157,True,806.0,645.0,1.6073291577605309,0.8684935947220448,1842,0.033146706184730805,0.10718555916143518,645.0
2025-11-16,Nigeria,DR Congo,0.0,0.5752497353778838,0.6571186864870786,True,1628.0,1615.0,1.264412468126436,0.9626032919227424,1843,0.4318049681305035,0.3309122580523254,1615.0
2025-11-16,Albania,England,0.0,0.28901444379748115,0.18638778949441326,True,1675.0,2031.0,0.8326827226397578,1.7671273107217331,1844,0.03474040807261371,0.08352934872356739,1675.0
2025-11-17,Malta,Poland,0.0,0.2690347502854117,0.11946643775259876,True,1283.0,1730.0,0.9213328333885201,2.010376222512714,1845,0.014272229749295554,0.07237969686113382,1283.0
2025-11-17,Netherlands,Lithuania,1.0,0.8723545817577318,0.9889043111336924,True,1958.0,1278.0,2.7158474240918364,0.6319442433347361,1846,0.0001231143114179031,0.016293352798243566,1278.0
2025-11-17,Germany,Slovakia,1.0,0.6997790117169379,0.8467934030726807,True,1897.0,1700.0,1.9629388052768109,1.023705612439124,1847,0.023472261342050084,0.09013264180565851,1700.0
2025-11-17,Czechia,Gibraltar,1.0,0.9173471503597839,0.9951816056581237,True,1844.0,1018.0,3.322743914973739,0.5769161152474216,1848,2.3216924033825092e-05,0.006831493553648176,1018.0
2025-11-17,Montenegro,Croatia,0.0,0.2570724284577664,0.10036168484994894,True,1447.0,1928.0,0.9532256083620698,2.1325223902008124,1849,0.01007246778592047,0.06608623347317343,1447.0
2025-11-17,Finland,Andorra,1.0,0.7538094671340656,0.9527938123855935,True,1507.0,1085.0,1.9081713848573925,0.750608858749422,1850,0.002228424149086549,0.06060977847281272,1085.0
2025-11-17,Northern Ireland,Luxembourg,1.0,0.6487585022207368,0.8460451004320948,True,1597.0,1401.0,1.554817056173261,0.921996661608744,1851,0.023702111100963777,0.12337058976222014,1401.0
2025-11-17,Madagascar,Equatorial Guinea,1.0,0.5036884238488041,0.4841750147352649,True,1348.0,1459.0,1.2399434692402571,1.224535552448567,1852,0.26607541542336416,0.24632518062168435,1348.0
2025-11-17,Comoros,Namibia,1.0,0.5541773569875006,0.7313778578393882,True,1395.0,1321.0,1.305747560755214,1.0823242026066766,1853,0.0721578552589559,0.1987578290226505,1321.0
2025-11-17,Chad,Mozambique,0.5,0.3615559664277834,0.25856647703070046,True,1113.0,1396.0,0.9432636345837705,1.5303002358793956,1854,0.05829014601336729,0.01916675043174503,1113.0
2025-11-17,Egypt,Cabo Verde,0.5,0.6215538908181724,0.750163481828642,True,1648.0,1557.0,1.4673230886517674,0.9579994029459109,1855,0.0625817676406293,0.014775348373036167,1557.0
2025-11-17,Qatar,Zimbabwe,0.0,0.6147470053507907,0.8221846111535023,True,1502.0,1336.0,1.5297871326275936,1.0374871858480168,1856,0.6759875348176357,0.37791388058776515,1336.0
2025-11-17,Bahrain,Somalia,0.0,0.7673668489755204,0.9759060496964679,True,1447.0,904.0,2.0877089286841795,0.8094998190505209,1857,0.9523926178341648,0.5888518809066192,904.0
2025-11-17,Vanuatu,Fiji,1.0,0.47117242839878204,0.46122190794282847,True,1045.0,1172.0,1.2398783133789402,1.3630369865849008,1858,0.290281832480766,0.2796586004856413,1045.0
2025-11-18,Kenya,Senegal,0.0,0.31311496611315753,0.11529218350883584,True,1347.0,1801.0,0.8324568695441152,1.6343531777660374,1859,0.01329228757823508,0.09804098200404379,1347.0
2025-11-18,Lesotho,Malawi,0.0,0.5190313786934749,0.615864104253756,True,1225.0,1243.0,1.3419673467572406,1.2606266432298636,1860,0.37928859490828126,0.2693935720684494,1225.0
2025-11-18,Morocco,Uganda,1.0,0.7742208240216243,0.9440870944880482,True,1826.0,1435.0,2.0267553634985074,0.7391221754299486,1861,0.003126253002788453,0.05097623630547435,1435.0
2025-11-18,Brazil,Tunisia,0.5,0.7058751851396726,0.9279668414961574,True,1986.0,1642.0,1.728819551275406,0.8254939626220542,1862,0.1831556174201971,0.04238459185629448,1642.0
2025-11-18,Saint Kitts and Nevis,Belize,0.0,0.6197207020490846,0.596629173305774,True,1039.0,1071.0,1.5365656329555466,1.0231138281097303,1863,0.35596637043953133,0.3840537485482103,1039.0
2025-11-18,Chile,Peru,1.0,0.619760675904141,0.6571186864870786,True,1721.0,1708.0,1.4538510630682848,0.9538067792676431,1864,0.1175675951563463,0.14458194358887572,1708.0
2025-11-18,Austria,Bosnia & Herzegovina,0.5,0.7641128157436301,0.8980682790110263,True,1834.0,1556.0,2.2576782888832714,0.937111885162839,1865,0.15845835475480025,0.0697555794400287,1556.0
2025-11-18,Belarus,Greece,0.5,0.31961799326048523,0.24768500639431762,True,1482.0,1775.0,1.0209911969656977,1.8471624056704936,1866,0.06366285599823554,0.032537668355374354,1482.0
2025-11-18,Cyprus,Estonia,0.0,0.6145033678126341,0.6117705007810643,True,1320.0,1341.0,1.7061570105308994,1.187927061457249,1867,0.37426314562591423,0.37761438905306954,1320.0
2025-11-18,Bulgaria,Georgia,1.0,0.387135423930055,0.293024705191459,True,1425.0,1678.0,1.076851425672576,1.5670620737893521,1868,0.49981406746962354,0.3756029886013933,1425.0
2025-11-18,Faroe Islands,Kazakhstan,1.0,0.5534686430151802,0.5672288443429522,True,1369.0,1422.0,1.4188171398135259,1.1896815939332916,1869,0.18729087316873672,0.1993902527707046,1369.0
2025-11-18,Kosovo,Switzerland,0.5,0.4397012329380603,0.3692697113837977,True,1709.0,1902.0,1.1749074230321637,1.4333545991114494,1870,0.01709040836167555,0.0036359413091900648,1709.0
2025-11-18,Spain,Türkiye,0.5,0.7525740027070885,0.9207260613687934,True,2189.0,1863.0,2.1969576005405145,0.9508986721312555,1871,0.17701041871489773,0.06379362684348036,1863.0
2025-11-18,Romania,San Marino,1.0,0.9311151044311066,0.9946888660255334,True,1642.0,833.0,3.6747554778079254,0.5492935821800325,1872,2.8208144094733238e-05,0.004745128837537354,833.0
2025-11-18,Sweden,Slovenia,0.5,0.6123017777745597,0.6035363185261781,True,1664.0,1691.0,1.686544499185212,1.180630260065071,1873,0.010719769253954202,0.0126116892913266,1664.0
2025-11-18,Niger,Guinea,0.5,0.4831039655837404,0.5215733330511455,True,1402.0,1487.0,1.2157134939710914,1.2866329863823394,1874,0.000465408698935647,0.00028547597899542844,1402.0
2025-11-18,Belgium,Liechtenstein,1.0,0.9440163599953102,0.9976206111986203,True,1849.0,900.0,3.8964929172086644,0.42927678322249446,1875,5.661491068130969e-06,0.0031341679481747048,900.0
2025-11-18,Burkina Faso,Benin,1.0,0.6310544511053795,0.7469129214289432,True,1535.0,1447.0,1.497661115058199,0.94569283178414,1876,0.0640530693396323,0.1361208180491528,1447.0
2025-11-18,Wales,North Macedonia,1.0,0.5746666784259379,0.8296328234313434,True,1693.0,1518.0,1.5305450731693586,1.2031651937940324,1877,0.029024974851975825,0.18090843444122454,1518.0
2025-11-18,East Timor,Tajikistan,0.0,0.22063927339218792,0.049591832864031196,True,682.0,1295.0,0.7330752953454338,2.051283574890377,1878,0.0024593498868140046,0.04868168896303264,682.0
2025-11-18,Angola,Zambia,1.0,0.6416563585238237,0.8475387239958501,True,1565.0,1367.0,1.421380177897703,0.8428003795389754,1879,0.023244440680813584,0.12841016538640634,1367.0
2025-11-18,Bangladesh,India,1.0,0.46229356050103776,0.30999379271968613,True,912.0,1151.0,1.232030516494149,1.393825617325287,1880,0.47610856608536356,0.28912821507865116,912.0
2025-11-18,Yemen,Bhutan,1.0,0.7956005005368272,0.9718108649534383,True,1134.0,619.0,2.3589825630572103,0.8486999307521093,1881,0.0007946273346732948,0.04177915538079559,619.0
2025-11-18,Brunei Darussalam,Lebanon,0.0,0.0984035439786978,0.031873667144986455,True,657.0,1350.0,0.5685084239426174,2.936490386593536,1882,0.001015930657269389,0.009683257467567511,657.0
2025-11-18,Turkmenistan,Chinese Taipei,1.0,0.7555327449571186,0.92758110507346,True,1213.0,870.0,2.00278939222342,0.8062811906665954,1883,0.005244496342381237,0.0597642387882012,870.0
2025-11-18,Hong Kong,Singapore,0.0,0.497380978269141,0.7175917231915314,True,1164.0,1102.0,1.3873779739562666,1.3988352038684182,1884,0.5149378811929914,0.24738783754396773,1102.0
2025-11-18,Uzbekistan,Iran,1.0,0.5027274112982507,0.6104024220946891,True,1734.0,1756.0,1.345363216083261,1.3335165603022294,1885,0.1517862727096848,0.2472800274741391,1734.0
2025-11-18,Iraq,United Arab Emirates,1.0,0.5865068228293006,0.691236152414763,True,1584.0,1544.0,1.62368309656325,1.2360673316739674,1886,0.09533511357563947,0.17097660756671945,1544.0
2025-11-18,Japan,Bolivia,1.0,0.7362088372195679,0.8430219644140362,True,1873.0,1681.0,1.9423378892873338,0.8496534469838076,1887,0.024642103656428115,0.06958577756105244,1681.0
2025-11-18,Scotland,Denmark,1.0,0.4423135842942125,0.43843206102635396,True,1756.0,1899.0,1.2192283883760178,1.4697412271771724,1888,0.3153585500831087,0.3110141382627684,1756.0
2025-11-18,Kuwait,Gambia,0.5,0.39230377557386265,0.46694860611555894,True,1304.0,1427.0,1.0223022255146919,1.478361233959885,1889,0.001092394637704468,0.011598476755644944,1304.0
2025-11-18,Nepal,Malaysia,0.0,0.2639618456616698,0.15850763307675816,True,921.0,1311.0,0.8413458368450244,1.9281607264894778,1890,0.025124669743596197,0.06967585596511519,921.0
2025-11-18,Jordan,Mali,0.5,0.46278941857905953,0.6360768996878818,True,1609.0,1612.0,1.1523077991748314,1.3075062697196131,1891,0.018516922628665857,0.00138462736968444,1609.0
2025-11-18,Maldives,Philippines,0.0,0.24832290879216912,0.25746444105693017,True,856.0,1140.0,0.85272396838716,2.0444897543622487,1892,0.06628793840875748,0.061664267031003944,856.0
2025-11-18,Oman,Côte d'Ivoire,0.0,0.35838976291492186,0.525880930891169,True,1509.0,1591.0,0.9928458394649686,1.6070305307908634,1893,0.2765507534749625,0.1284432221622139,1509.0
2025-11-18,Pakistan,Syria,0.0,0.16712605320664664,0.050412142212975915,True,834.0,1444.0,0.6689402091210828,2.366369854663619,1894,0.002541384082501308,0.027931117660430885,834.0
2025-11-18,Saudi Arabia,Algeria,0.0,0.435792537504889,0.48705085510713625,True,1593.0,1702.0,1.2957418784729746,1.5833074339946787,1895,0.23721853546059263,0.1899151357449501,1593.0
2025-11-18,South Korea,Ghana,1.0,0.6961052225971235,0.8943199698511277,True,1782.0,1511.0,1.8746213854026705,0.9737775923790021,1896,0.011168268772266555,0.09235203573274386,1511.0
2025-11-18,Sri Lanka,Thailand,0.0,0.29099657247901684,0.060649558509397815,True,787.0,1363.0,0.9035424428983073,1.8532367929527522,1897,0.003678368947384869,0.0846790051945357,787.0
2025-11-19,Ecuador,New Zealand,1.0,0.703718772393263,0.9294909043747703,True,1933.0,1585.0,1.7245271621362803,0.8311484522268047,1898,0.004971532565887782,0.08778256583215512,1585.0
2025-11-19,Mexico,Paraguay,0.0,0.607916121666414,0.6427130688326204,True,1835.0,1833.0,1.4396450196111699,0.9883673444612806,1899,0.4130800888482446,0.3695620109819342,1833.0
2025-11-19,Haiti,Nicaragua,1.0,0.689170508436734,0.8590630023766738,True,1542.0,1328.0,1.8486115532103153,0.9839293634278041,1900,0.019863237299077463,0.09661497282547846,1328.0
2025-11-19,Guatemala,Suriname,1.0,0.5642741326940834,0.7479995411960544,True,1529.0,1440.0,1.5164003467316256,1.234137326047357,1901,0.0635042312373991,0.1898570314394932,1440.0
2025-11-19,Panama,El Salvador,1.0,0.6574832139516837,0.9520109719849302,True,1742.0,1323.0,1.6411400959523417,0.955535967022636,1902,0.002302946809831151,0.11731774872486805,1323.0
2025-11-19,USA,Uruguay,1.0,0.4586601746712007,0.43843206102635396,True,1747.0,1890.0,1.1585892342800612,1.3319842541698756,1904,0.3153585500831087,0.293048806487015,1747.0
2025-11-19,Venezuela,Canada,0.0,0.48218217804939967,0.5186997779295586,True,1715.0,1802.0,1.3226635422744717,1.4002464019584362,1905,0.26904945962417337,0.23249965282846297,1715.0
2025-11-19,Trinidad and Tobago,Bermuda,0.5,0.6262647420689826,0.9011868291216677,True,1403.0,1119.0,1.7994219812081504,1.2158074744510825,1906,0.1609508718606982,0.015942785089746715,1119.0
2025-11-19,Antigua and Barbuda,Guyana,0.0,0.3298726231298613,0.1655408182910169,True,894.0,1275.0,1.1769864295438839,1.9894226294583603,1907,0.02740376252045948,0.10881594749057552,894.0
2025-11-19,Laos,Vietnam,0.0,0.1255593820289613,0.049052005347292676,True,711.0,1326.0,0.6947340550909684,2.8352875735671423,1908,0.0024060992285908295,0.01576515841549465,711.0
2025-11-19,Colombia,Australia,1.0,0.6711675026998676,0.8658895824550439,True,1998.0,1774.0,1.6468120078566955,0.9046216704565985,1909,0.017985604094082473,0.1081308112806416,1774.0
2025-11-19,Costa Rica,Honduras,0.5,0.5761721197589755,0.7210782431975601,True,1632.0,1567.0,1.4471965253236492,1.1221872012193725,1910,0.04887558961531952,0.005802191828575711,1567.0
2025-11-20,Papua New Guinea,Fiji,1.0,0.5159166349139599,0.6253513933075368,True,1120.0,1131.0,1.3344491618267977,1.2664401524944344,1911,0.14036157849660402,0.2343367043530244,1120.0
2025-11-20,Vanuatu,Solomon Islands,1.0,0.4835980762845229,0.6076610641268197,True,1086.0,1110.0,1.2654695619844334,1.3354726583465537,1912,0.15392984060209944,0.26667094681704545,1086.0
2025-11-25,Kuwait,Mauritania,1.0,0.45412549288290904,0.5896835031399501,True,1307.0,1344.0,1.0420232023758313,1.2269593233800218,1913,0.16835962759550333,0.297978977520327,1307.0
2025-11-25,Palestine,Libya,1.0,0.6641572566457332,0.6712405808158318,True,1448.0,1424.0,1.618133569731088,0.9105656885964781,1914,0.10808275570231161,0.1127903482637199,1424.0
2025-11-25,Syria,South Sudan,1.0,0.7896986715925235,0.9114417700030158,True,1448.0,1143.0,2.2449868879927704,0.8062107603469123,1915,0.007842560100198744,0.04422664872994928,1143.0
2025-11-26,Yemen,Comoros,0.0,0.4436403952364934,0.27661213056082945,True,1138.0,1405.0,1.2402752902402332,1.4865035298588174,1916,0.07651427077340135,0.19681680028559206,1138.0
2025-11-26,Oman,Somalia,1.0,0.7784455616241432,0.9768355779567848,True,1493.0,943.0,2.137148312268953,0.790773382594946,1917,0.0005365904485961955,0.049086369164041306,943.0
2025-11-26,Lebanon,Sudan,0.0,0.5706158408163954,0.626699081666732,True,1352.0,1362.0,1.3558311216161105,1.062566781468982,1918,0.3927517389619253,0.3256024377906019,1352.0
2025-11-26,Bahrain,Djibouti,1.0,0.7552439153978968,0.9677691489361132,True,1408.0,917.0,2.036232793346335,0.82996404218727,1919,0.0010388277603024523,0.059905540949751895,917.0
2025-12-01,Qatar,Palestine,0.0,0.4472110999019865,0.5558909611168531,True,1486.0,1447.0,1.2540034492113066,1.4850123004416134,1920,0.3090147606514187,0.19999776787554455,1447.0
2025-12-01,Tunisia,Syria,0.0,0.5222628804409899,0.7523149936056823,True,1650.0,1457.0,1.2758544975363835,1.183036639445994,1921,0.5659778496039178,0.2727585162865197,1457.0
2025-12-02,Egypt,Kuwait,0.5,0.7007734688248874,0.8519483458525737,True,1644.0,1340.0,1.7279970831211229,0.8456867573876387,1922,0.12386763814836285,0.04030998578397805,1340.0
2025-12-02,Saudi Arabia,Oman,1.0,0.607905164884877,0.6440338538222926,True,1578.0,1475.0,1.5034215821825514,1.0427204558446004,1923,0.12671189722460893,0.1537383597239555,1475.0
2025-12-02,Morocco,Comoros,1.0,0.8106204425326737,0.9248272212397116,True,1828.0,1392.0,2.3476932521282015,0.7667163397091821,1924,0.005650946666543265,0.03586461678652033,1392.0
2025-12-03,Iraq,Bahrain,1.0,0.6061414377969414,0.7447304068650347,True,1596.0,1410.0,1.556612484551622,1.0953608734581244,1925,0.06516256517929074,0.15512456702066058,1410.0
2025-12-03,Jordan,United Arab Emirates,1.0,0.5225758801350765,0.6090326034042396,True,1609.0,1532.0,1.4446903215129994,1.3451649742909575,1926,0.1528555052008666,0.22793379022879684,1532.0
2025-12-03,Algeria,Sudan,0.5,0.7173723818790244,0.8737104209450813,True,1717.0,1381.0,1.9724728766591746,0.9532532160674894,1927,0.1396594787229499,0.04725075240376042,1381.0
2025-12-04,Palestine,Tunisia,0.5,0.4729806407114857,0.30265492141014677,True,1475.0,1620.0,1.2061093193402697,1.320041442037046,1928,0.038945080043635345,0.0007300457763618234,1475.0
2025-12-04,Syria,Qatar,0.5,0.5655669191584608,0.5416377027147634,True,1487.0,1458.0,1.473152272007472,1.1893053102634163,1929,0.0017336982873630165,0.004299020887932134,1458.0
2025-12-05,Comoros,Saudi Arabia,0.0,0.36446526100181237,0.23503873644731077,True,1387.0,1592.0,1.0082987390742881,1.5957336726188804,1930,0.055243207630748414,0.13283492647711923,1387.0
2025-12-05,Oman,Morocco,0.5,0.20126331612926868,0.10513721035591964,True,1461.0,1833.0,0.7750712043695196,2.2605680331548026,1931,0.1559166226455053,0.08924360629008127,1461.0
2025-12-06,Bahrain,Algeria,0.0,0.2984814232131371,0.14950969845319736,True,1400.0,1702.0,0.9827815874592893,1.9171058673647532,1932,0.022353149931566008,0.08909116000333984,1400.0
2025-12-06,Sudan,Iraq,0.0,0.37683097832864865,0.22990332333901797,True,1396.0,1606.0,1.0674792165613478,1.6061604109407241,1933,0.05285553808232504,0.14200158622812648,1396.0
2025-12-06,Kuwait,Jordan,0.0,0.33269234665493064,0.1736464460559682,True,1354.0,1625.0,0.9477801032211646,1.6819499141704586,1934,0.030153088227868278,0.11068419752276454,1354.0
2025-12-06,United Arab Emirates,Egypt,0.5,0.42178626522510365,0.34158547908308745,True,1516.0,1630.0,1.172258565012096,1.5124443921967403,1935,0.025095160437334924,0.00611738830743783,1516.0
2025-12-07,Qatar,Tunisia,0.0,0.4174249789293196,0.287097842594546,True,1454.0,1612.0,1.1048521645561482,1.4568957243052476,1936,0.08242517122244272,0.17424361303414293,1454.0
2025-12-07,Syria,Palestine,0.5,0.5369887670672178,0.5115108912177917,True,1491.0,1483.0,1.4195832909053452,1.259370176324656,1937,0.00013250061662783402,0.0013681688891528936,1483.0
2025-12-08,Oman,Comoros,1.0,0.5301653285787272,0.6453524504393825,True,1477.0,1373.0,1.3462873838591116,1.218161236470661,1938,0.12577488440935064,0.22074461846953536,1373.0
2025-12-08,Morocco,Saudi Arabia,1.0,0.6930186497986157,0.7711142606875975,True,1817.0,1606.0,1.8554803684086656,0.9726658301090476,1939,0.052388681660585086,0.09423754937146493,1606.0
2025-12-09,Bahrain,Sudan,1.0,0.5139445919886394,0.5100724469274385,True,1389.0,1382.0,1.2528108660807489,1.1947942746399534,1940,0.24002900725966758,0.23624985965709022,1382.0
2025-12-09,Algeria,Iraq,1.0,0.5908580189757064,0.6307302886162022,True,1713.0,1620.0,1.6875997318556384,1.2737541105558718,1941,0.13636011974547335,0.16739716063648338,1620.0
2025-12-09,Egypt,Jordan,0.0,0.5165044993418233,0.4841750147352649,True,1624.0,1635.0,1.3389497063017544,1.268352378472479,1942,0.234425444893894,0.2667768978403475,1624.0
2025-12-09,United Arab Emirates,Kuwait,1.0,0.6288293466808782,0.7358774441014764,True,1522.0,1344.0,1.6349157328104453,1.067853726101047,1943,0.06976072453436874,0.1377676538853437,1344.0
2025-12-11,Morocco,Syria,1.0,0.7205189888253088,0.8730738822502696,True,1826.0,1491.0,1.998293463870705,0.9579597607207821,1944,0.016110239367018424,0.07810963560722783,1491.0
2025-12-11,Palestine,Saudi Arabia,0.0,0.43961086961937496,0.34158547908308745,True,1483.0,1597.0,1.1868364206023014,1.446770895144596,1945,0.11668063952042237,0.19325771668750308,1483.0
2025-12-12,Jordan,Iraq,1.0,0.5056305827850731,0.6007782458900109,True,1669.0,1598.0,1.4007683945426257,1.3759580662568411,1946,0.15937800895465656,0.24440112067742645,1598.0
2025-12-12,Algeria,United Arab Emirates,0.0,0.6534109763956403,0.7565805942950526,True,1735.0,1538.0,1.8873032229469413,1.169065076857775,1947,0.5724141956638551,0.426945904074304,1538.0
2025-12-15,Saudi Arabia,Jordan,0.0,0.48496963791023473,0.3950870979920432,True,1611.0,1685.0,1.3206824270334543,1.3859441693991998,1948,0.15609381499977437,0.23519554969478418,1611.0
2025-12-15,Morocco,United Arab Emirates,1.0,0.7477764459337505,0.836043425542047,True,1831.0,1548.0,2.0842319748189477,0.8960872948633437,1949,0.026881758307986277,0.0636167212258103,1548.0
2025-12-16,DR Congo,Zambia,1.0,0.6440158611029481,0.8835282880564392,True,1616.0,1364.0,1.4036655176213482,0.8197102115061844,1950,0.013565659683063796,0.12672470714627557,1364.0
2025-12-16,Egypt,Nigeria,1.0,0.5342877354930333,0.5896835031399501,True,1590.0,1627.0,1.254014147627853,1.1133270740419394,1951,0.16835962759550333,0.2168879133122069,1590.0
2025-12-17,Angola,Mozambique,1.0,0.6766458074543745,0.8328626902603795,True,1568.0,1389.0,1.5511036049372613,0.8097485469753164,1952,0.02793488030699784,0.10455793383683343,1389.0
2025-12-18,Jordan,Morocco,0.0,0.30538078429478743,0.3075366074204823,True,1701.0,1842.0,1.0294940820586467,1.939256185239175,1953,0.09457876490369983,0.0932574234164995,1701.0
2025-12-18,Tunisia,Botswana,1.0,0.7122306650237049,0.9190290491945513,True,1641.0,1319.0,1.716040126861076,0.7904922983284459,1954,0.006556294874338392,0.08281119015269914,1319.0
2025-12-21,Morocco,Comoros,1.0,0.8529067772337486,0.9684796873667971,True,1854.0,1359.0,2.608401265431298,0.6900835392494905,1955,0.0009935301084948486,0.02163641618376205,1359.0
2025-12-21,Peru,Bolivia,1.0,0.6020510034665127,0.6686949563073317,True,1698.0,1676.0,1.5054402321430849,1.0681068385261636,1956,0.10976303197620087,0.15836340384200945,1676.0
2025-12-22,Mali,Zambia,0.5,0.6687629804838804,0.8118599983337865,True,1612.0,1358.0,1.4883108182717386,0.7921921352215359,1957,0.09725665856074933,0.028480943581802594,1358.0
2025-12-22,South Africa,Angola,1.0,0.5528497620362971,0.4327711556570478,True,1530.0,1577.0,1.3259589123148845,1.106300070592864,1958,0.32174856185464107,0.19994333531099612,1530.0
2025-12-22,Egypt,Zimbabwe,1.0,0.6456849895666285,0.8047246934992595,True,1598.0,1352.0,1.5192062283492171,0.9056478249312857,1959,0.03813244532895816,0.1255391266184002,1352.0
2025-12-23,DR Congo,Benin,1.0,0.6131477507159444,0.7469129214289432,True,1622.0,1434.0,1.324363657366564,0.8708643317213468,1960,0.0640530693396323,0.1496546627761331,1434.0
2025-12-23,Senegal,Botswana,1.0,0.785185052510523,0.9428591346675568,True,1804.0,1317.0,2.0582103116509174,0.709949651973309,1961,0.003265078490940412,0.04614546166490678,1317.0
2025-12-23,Nigeria,Tanzania,1.0,0.6170178863432866,0.8445395282300351,True,1619.0,1325.0,1.3606869469307337,0.88663931434633,1962,0.024167958282940057,0.14667529938096374,1325.0
2025-12-23,Tunisia,Uganda,1.0,0.5744356254978528,0.770096676660982,True,1643.0,1433.0,1.293629904474797,0.9918028908176393,1963,0.05285553808232504,0.18110503684540383,1433.0
2025-12-24,Algeria,Sudan,1.0,0.7260343504209598,0.8948627896440804,True,1725.0,1353.0,2.0045603174024795,0.9379942808195015,1964,0.011053833001424889,0.07505717714926546,1353.0
2025-12-24,Burkina Faso,Equatorial Guinea,1.0,0.6062613647476344,0.6519120398746636,True,1548.0,1439.0,1.519294460309937,1.062922105526027,1965,0.12116522798421778,0.15503011289039542,1439.0
2025-12-24,Cameroon,Gabon,1.0,0.5184395763511747,0.6293885472175023,True,1559.0,1467.0,1.409926893326785,1.3293010935402558,1966,0.13735284893355354,0.23190044162483614,1467.0
2025-12-24,Côte d'Ivoire,Mozambique,1.0,0.7345469049842512,0.7869632793894692,True,1607.0,1380.0,1.8366777544431332,0.7835868643905654,1967,0.04538464432848936,0.07046534565344015,1380.0
2025-12-26,Morocco,Mali,0.5,0.6907956905800123,0.8881842302218831,True,1856.0,1596.0,1.7837680212404285,0.9282537743290008,1968,0.15068699659295592,0.036402995543903804,1596.0
2025-12-26,Egypt,South Africa,1.0,0.4501562280455648,0.5714631174083814,True,1608.0,1558.0,1.1569710675375924,1.3673908647463928,1969,0.1836438597413427,0.30232817355708086,1558.0
2025-12-26,Zambia,Comoros,0.5,0.5504647743878661,0.5244454611206615,True,1374.0,1357.0,1.2877499855891272,1.0804455566454385,1970,0.0005975805694017722,0.002546693454018228,1357.0
2025-12-26,Angola,Zimbabwe,0.5,0.6326695723738561,0.7670249181450214,True,1549.0,1342.0,1.4243091219167372,0.8794408769773581,1971,0.07130230691035537,0.01760121543386185,1342.0
2025-12-27,Benin,Botswana,1.0,0.5816803413227811,0.6519120398746636,True,1421.0,1312.0,1.2963261824643646,0.9662574422799677,1972,0.12116522798421778,0.1749913368358249,1312.0
2025-12-27,Senegal,DR Congo,0.5,0.6047772321638555,0.7313778578393882,True,1809.0,1635.0,1.414836116841369,0.9795569136968731,1973,0.05353571309834416,0.010978268379918471,1635.0
2025-12-27,Nigeria,Tunisia,1.0,0.5248153410392887,0.45265148195413535,True,1627.0,1660.0,1.1980309825796025,1.0975831664149356,1974,0.29959040020700417,0.22580046011160748,1627.0
2025-12-27,Uganda,Tanzania,0.5,0.5069042375540533,0.6387377491117249,True,1416.0,1317.0,1.0953010279430557,1.068053710839548,1975,0.019248163028587915,4.7668496202800425e-05,1317.0
2025-12-28,Algeria,Burkina Faso,1.0,0.6146878139197689,0.7256856462717871,True,1734.0,1565.0,1.7153050671185288,1.1949139917033496,1976,0.0752483646613271,0.14846548074192664,1565.0
2025-12-28,Côte d'Ivoire,Cameroon,0.5,0.6094492576842783,0.5573116337622928,True,1618.0,1578.0,1.4807154323816856,1.0172008055139283,1977,0.003284623364503175,0.011979140007639544,1578.0
2025-12-28,Equatorial Guinea,Sudan,0.0,0.511177012941543,0.6104024220946891,True,1422.0,1344.0,1.2617140417352133,1.2149692396953662,1978,0.372591116899063,0.26130193855983846,1344.0
2025-12-28,Gabon,Mozambique,0.0,0.609976296363379,0.6117705007810643,True,1448.0,1369.0,1.6232583035933963,1.1364600600427643,1979,0.37426314562591423,0.3720710821251848,1369.0
2025-12-29,Zambia,Morocco,0.0,0.17939001306097724,0.0374476325364447,True,1373.0,1837.0,0.6284757297038935,2.1921647379803306,1980,0.0014023251825845918,0.032180776786017586,1373.0
2025-12-29,Zimbabwe,South Africa,0.0,0.3133415492369056,0.25967158048516964,True,1355.0,1537.0,0.8593394111226391,1.6689664862242386,1981,0.06742932971166593,0.09818292647818413,1355.0
2025-12-29,Angola,Egypt,0.5,0.46399889831000124,0.3692697113837977,True,1536.0,1629.0,1.1035287459119316,1.2508730446384408,1982,0.01709040836167555,0.0012960793228936316,1536.0
2025-12-29,Comoros,Mali,0.5,0.2884790713049964,0.18551641249528777,True,1358.0,1615.0,0.807936046281561,1.7358634673144853,1983,0.09889992680983399,0.0447411032759968,1358.0
2025-12-30,Tanzania,Tunisia,0.5,0.4122867793452936,0.14445792510730254,True,1324.0,1633.0,0.9511340794169335,1.3054111802607873,1984,0.12641016701900448,0.00769360907762121,1324.0
2025-12-30,Uganda,Nigeria,0.0,0.3656069049196097,0.19618148057531573,True,1409.0,1654.0,0.8686763641950533,1.419092619613518,1985,0.03848717332072298,0.1336684089248965,1409.0
2025-12-30,Benin,Senegal,0.0,0.28757405273635606,0.1123887401401455,True,1438.0,1797.0,0.7981135985921659,1.7273214148327285,1986,0.012631228910289151,0.08269883580721249,1438.0
2025-12-30,Botswana,DR Congo,0.0,0.2909815627582606,0.11647171194356075,True,1295.0,1647.0,0.757189522612487,1.6513534097591056,1987,0.013565659683063792,0.08467026986523955,1295.0
2025-12-31,Equatorial Guinea,Algeria,0.0,0.25706195099028584,0.11354237633604944,True,1391.0,1748.0,0.9138590529319419,2.076142545252598,1988,0.01289187122403708,0.06608084664693212,1391.0
2025-12-31,Sudan,Burkina Faso,0.0,0.38189491926058183,0.2663662975861926,True,1375.0,1551.0,1.035962843210201,1.5439290467635667,1989,0.07095100448977612,0.14584372935704631,1375.0
2025-12-31,Mozambique,Cameroon,0.0,0.3674469627591834,0.2607797458593321,True,1400.0,1581.0,0.8925659583677893,1.4397594744582012,1990,0.06800607585045784,0.13501727044094874,1400.0
2025-12-31,Gabon,Côte d'Ivoire,0.0,0.34279808754699004,0.2423608251377483,True,1417.0,1615.0,1.1364220281010047,1.866508389972421,1991,0.0587387695614502,0.11751052882587384,1417.0
2026-01-03,Mali,Tunisia,1.0,0.587392738755542,0.4769904127024377,True,1599.0,1615.0,1.3207439835254524,0.9657418620235338,1992,0.2735390284051665,0.17024475203165243,1599.0
2026-01-03,Senegal,Sudan,1.0,0.7579591883405858,0.9309851196318173,True,1807.0,1355.0,1.9909804904471473,0.7877141162482088,1993,0.0047630537122345705,0.058583754508748,1355.0
2026-01-04,South Africa,Cameroon,0.0,0.5520560331170039,0.43701527189640416,True,1550.0,1594.0,1.3312747937493972,1.1144116749665811,1994,0.19098234787068805,0.3047658637008825,1550.0
2026-01-04,Morocco,Tanzania,1.0,0.8246936273840376,0.969002622496188,True,1840.0,1342.0,2.229384738083374,0.6279760543642534,1995,0.0009608374121138327,0.030732324279766646,1342.0
2026-01-05,Nigeria,Mozambique,1.0,0.6749308929924347,0.8352528323139615,True,1669.0,1387.0,1.5549140042106637,0.8193086071856709,1996,0.02714162926057168,0.10566992433069594,1387.0
2026-01-05,Egypt,Benin,1.0,0.6309158890594516,0.7533860777856145,True,1622.0,1428.0,1.4502006343154974,0.9073427845063188,1997,0.06081842662996298,0.13622308094877503,1428.0
2026-01-06,Algeria,DR Congo,1.0,0.5912682001770229,0.6400649998028851,True,1757.0,1657.0,1.5130675895644383,1.118720484600772,1998,0.1295532043668971,0.16706168418653025,1657.0
2026-01-06,Côte d'Ivoire,Burkina Faso,1.0,0.6120571486462726,0.5798997603578815,True,1627.0,1571.0,1.5872136566159716,1.097111407197686,1999,0.1764842113473654,0.15049965591646025,1571.0
2026-01-09,Cameroon,Morocco,0.0,0.266665718310654,0.13277910403245627,True,1616.0,1842.0,0.7969543479335377,1.8478350670784387,2000,0.017630290467661843,0.07111060532213706,1616.0
2026-01-09,Mali,Senegal,0.0,0.45538970702005577,0.22787132653141615,True,1600.0,1812.0,1.1166200497822212,1.3014020196875575,2001,0.05192534145518728,0.20737978525981224,1600.0
2026-01-10,Algeria,Nigeria,0.0,0.5589589869302432,0.6280448056219418,True,1775.0,1684.0,1.4769185007026135,1.2203684537544643,2002,0.3944402778687026,0.31243514907008374,1684.0
2026-01-10,Egypt,Côte d'Ivoire,1.0,0.4044078627158244,0.46551605527316847,True,1640.0,1664.0,1.078649103980917,1.4872279937345816,2003,0.2856730871707546,0.35472999399473226,1640.0
2026-01-14,Senegal,Egypt,1.0,0.5581647872747081,0.7105400123698378,True,1823.0,1667.0,1.3613958311083327,1.117534089083702,2004,0.08378708443885367,0.19521835520400396,1667.0
2026-01-14,Nigeria,Morocco,0.0,0.3121832070102847,0.21888459727003834,True,1731.0,1852.0,0.86438870346155,1.6819082868185855,2005,0.04791046692206687,0.09745835473922626,1731.0
2026-01-17,Egypt,Nigeria,0.0,0.4681977518971393,0.37061145278249774,True,1653.0,1745.0,1.118166118005927,1.2485871994364206,2006,0.13735284893355354,0.2192091348815352,1653.0
2026-01-18,Bolivia,Panama,0.5,0.4500364808771919,0.5344839447268315,True,1666.0,1742.0,1.2009649343778432,1.415200214995294,2007,0.0011891424439231682,0.0024963532431352114,1666.0
2026-01-18,Grenada,Jamaica,0.0,0.34084903113183995,0.14660537788811823,True,1122.0,1528.0,0.9773813988128791,1.677094149759727,2008,0.021493136825717945,0.116178062023514,1122.0
2026-01-18,Canada,Guatemala,1.0,0.7129416229828263,0.8985940288909822,True,1805.0,1526.0,1.8400925890705597,0.8767738215568693,2009,0.01028317097656296,0.08240251181573385,1526.0
2026-01-18,Senegal,Morocco,0.0,0.32976613781703346,0.35860988804438204,True,1837.0,1838.0,0.9172606590559945,1.6579851999619926,2010,0.12860105180320422,0.1087457056507627,1837.0
2026-01-23,Panama,Mexico,0.0,0.4610289224485337,0.4827374755676238,True,1733.0,1845.0,1.1705857843353364,1.3344295707479763,2011,0.23303547031740218,0.2125476673340561,1733.0
2026-01-25,Bolivia,Mexico,0.0,0.3585098774701474,0.3868631798468569,True,1665.0,1845.0,0.9593317093531011,1.5650736128910263,2012,0.14966311992122155,0.1285293322436601,1665.0
2026-01-26,Uzbekistan,China,0.5,0.7248718037594909,0.9232106803028998,True,1735.0,1403.0,1.825884225620329,0.8165381535119297,2013,0.17910727992244324,0.05056732812604699,1403.0
2026-02-26,Mexico,Iceland,1.0,0.7036407812996619,0.9066840316615196,True,1857.0,1562.0,1.8309882908660688,0.9093824709457182,2014,0.008707869946948284,0.08782878650867483,1562.0
2026-03-15,Bolivia,Trinidad and Tobago,1.0,0.6477158311342744,0.8847078164911643,True,1657.0,1403.0,1.6916656515499957,1.0359415083358592,2015,0.013292287578235057,0.12410413563341503,1403.0
2026-03-25,Kazakhstan,Namibia,1.0,0.499376763842586,0.6387377491117249,True,1410.0,1311.0,1.2118665869535945,1.2144264010755617,2016,0.13051041391686305,0.2506236245807219,1311.0
2026-03-25,Eritrea,Eswatini,1.0,0.5062933487485557,0.4327711556570478,True,1139.0,1286.0,1.3135225581689483,1.2866166549555587,2017,0.32174856185464107,0.24374625748991524,1139.0
2026-03-25,Kyrgyzstan,Equatorial Guinea,0.0,0.4511297812708398,0.544494573083008,True,1313.0,1382.0,1.1343492247782503,1.338819829852658,2019,0.2964743401168471,0.20351807954947576,1313.0
2026-03-25,DR Congo,Bermuda,1.0,0.7705215936650459,0.9725887253726934,True,1639.0,1119.0,2.146825201612803,0.8337118826492919,2020,0.0007513779766936245,0.052660338974030295,1119.0
2026-03-26,Wales,Bosnia & Herzegovina,0.0,0.6668377431475523,0.8019966441144332,True,1715.0,1572.0,1.9213850676871438,1.137045912373253,2021,0.6431986171708127,0.4446725756861209,1572.0
2026-03-26,Ukraine,Sweden,0.0,0.5687029546188371,0.8010809398289457,True,1802.0,1660.0,1.6012039588746527,1.292412800746489,2022,0.6417306721572269,0.3234230505921951,1660.0
2026-03-26,Türkiye,Romania,1.0,0.6262715090492266,0.8749753069983639,True,1880.0,1642.0,1.6950597392870952,1.1285515886177038,2023,0.015631173860153356,0.13967298494834235,1642.0
2026-03-26,Malta,Luxembourg,0.0,0.44789205819409383,0.47555453887933863,True,1278.0,1395.0,1.1721564923326078,1.3937426579937964,2024,0.2261521194487404,0.20060729579334155,1278.0
2026-03-26,Moldova,Lithuania,0.0,0.5117513672507887,0.654519994382466,True,1288.0,1277.0,1.399143007027305,1.347683378992197,2025,0.42839642304642334,0.2618894618830516,1277.0
2026-03-26,Slovakia,Kosovo,0.0,0.5281514675784165,0.6035363185261781,True,1687.0,1714.0,1.3620582486746848,1.241692208372592,2026,0.36425608778013224,0.2789439727052351,1687.0
2026-03-26,Italy,Northern Ireland,1.0,0.702733177990359,0.8858769425858495,True,1859.0,1603.0,1.8113462172615418,0.8987701126575596,2027,0.013024072233553495,0.08836756346771162,1603.0
2026-03-26,Gibraltar,Latvia,0.0,0.3292161965053939,0.27431435372821295,True,1017.0,1286.0,1.0346699409273317,1.8119224803362814,2028,0.07524836466132713,0.10838330404147814,1017.0
2026-03-26,Georgia,Israel,0.5,0.5934785324480554,0.6648579785547648,True,1650.0,1631.0,1.6290732396228669,1.211085282732126,2029,0.027178153093163293,0.00873823602864214,1631.0
2026-03-26,Czechia,Ireland,1.0,0.6299991222722702,0.8136122105055869,True,1844.0,1688.0,1.6902648584895241,1.108851314245085,2030,0.034740408072613665,0.13690064951929048,1688.0
2026-03-26,Cyprus,Belarus,0.0,0.5158138322959062,0.3679299878999264,True,1302.0,1496.0,1.4212370481003898,1.3517070506710138,2031,0.13537247599604,0.2660639095877892,1302.0
2026-03-26,Denmark,North Macedonia,1.0,0.6985202547572261,0.9291127058412668,True,1865.0,1518.0,1.8944924155846536,0.9782001655947243,2032,0.0050250084731467675,0.09089003679164784,1518.0
2026-03-26,Brazil,France,0.0,0.4818085715160202,0.5215733330511455,True,1978.0,2063.0,1.3107820660772729,1.389708817080795,2033,0.27203874175008114,0.23213949958630795,1978.0
2026-03-26,Afghanistan,Myanmar,0.0,0.5380733664354426,0.3679299878999264,True,1034.0,1228.0,1.2897088818579097,1.1319221109007103,2034,0.13537247599604,0.28952294766717007,1034.0
2026-03-26,Vietnam,Bangladesh,1.0,0.7688765972291547,0.9434762493459331,True,1329.0,940.0,2.1189726288323536,0.8230825467132964,2035,0.003194934388003128,0.05341802730837439,940.0
2026-03-26,Aruba,Macau,1.0,0.7698779086811476,0.8841193563384137,True,949.0,596.0,2.52797914974667,1.0885004729076782,2036,0.013428323575423552,0.05295617691296225,596.0
2026-03-26,Djibouti,South Sudan,0.0,0.4425494383372449,0.3351420214452352,True,915.0,1134.0,1.1826643505740466,1.4289768683563522,2037,0.11232017453839849,0.19585000537261094,915.0
2026-03-26,Puerto Rico,Guam,1.0,0.6739354281789001,0.9203048806723595,True,1136.0,711.0,1.74396732827197,0.9682287893966046,2038,0.00635131204464686,0.10631810499687724,711.0
2026-03-26,Tanzania,Liechtenstein,0.0,0.8210543290170437,0.9264124438824264,True,1340.0,900.0,2.1680723499209873,0.6103027979439879,2039,0.8582400161802098,0.6741302111976278,900.0
2026-03-26,Bahamas,Anguilla,0.0,0.5969821498075066,0.7313778578393882,True,719.0,645.0,1.810639902267511,1.354792525657914,2040,0.5349135709377324,0.35638768718879227,645.0
2026-03-26,Poland,Albania,1.0,0.5986298697381066,0.7279715135441962,True,1735.0,1664.0,1.5148925052000322,1.0901791077072667,2041,0.07399949744343542,0.16109798146644927,1664.0
2026-03-26,Bolivia,Suriname,1.0,0.6063030105728248,0.8638714763418578,True,1661.0,1440.0,1.6350465283224191,1.1619775299839328,2042,0.018530974953345384,0.15499731948402132,1440.0
2026-03-26,Seychelles,Lesotho,0.5,0.3588191883554678,0.17118235224572423,True,842.0,1216.0,1.02652523071365,1.646330698394131,2043,0.108121045474655,0.019932021576608887,842.0
2026-03-27,Azerbaijan,Saint Lucia,1.0,0.6141646712554855,0.8705002577432696,True,1339.0,1008.0,1.7284184310501922,1.2083185325977241,2044,0.016770183244559617,0.1488689009073876,1008.0
2026-03-27,Cayman Islands,British Virgin Islands,0.5,0.652578838441299,0.7565805942950526,True,798.0,701.0,1.404714409450988,0.7884184336144536,2045,0.0658336013688024,0.023280301940096036,701.0
2026-03-27,Guyana,Dominica,1.0,0.7747191673862845,0.9252264436735518,True,1275.0,938.0,2.506834805584058,1.0494776846243143,2046,0.005591084725704525,0.05075145354312888,938.0
2026-03-27,Dominican Republic,El Salvador,0.5,0.5836784307429105,0.5910755963149433,True,1290.0,1326.0,1.5023831158369025,1.1405370722547257,2047,0.008294764244122519,0.007002079771596066,1290.0
2026-03-27,New Caledonia,Jamaica,0.0,0.47198074987504746,0.2800809940528481,True,1286.0,1550.0,1.2415285175507194,1.3612252768337716,2048,0.07844536322963153,0.2227658282526121,1286.0
2026-03-27,Russia,Nicaragua,1.0,0.800631081393082,0.9819249995331694,True,1922.0,1328.0,2.165608681353726,0.7052004932075434,2049,0.0003267056418759278,0.03974796570649188,1328.0
2026-03-27,Venezuela,Trinidad and Tobago,1.0,0.6854889382753515,0.8604511617577122,True,1715.0,1399.0,1.8703484183822205,1.0161985295466958,2050,0.019473878254772207,0.09891720794716564,1399.0
2026-03-27,Solomon Islands,Bulgaria,0.0,0.35888840692111046,0.11011215781886716,True,1090.0,1453.0,1.0266487514411222,1.6461326209453058,2051,0.012124687299527108,0.12880088862237257,1090.0
2026-03-27,Greece,Paraguay,0.0,0.576892499193295,0.5402082283237456,True,1761.0,1833.0,1.5358717372329218,1.1986004443854892,2052,0.29182492994868003,0.33280495562548584,1761.0
2026-03-27,England,Uruguay,0.5,0.6500487018196238,0.8100951586047567,True,2042.0,1890.0,1.5840117963403575,0.9401511564827594,2053,0.0961590073901092,0.02251461291775438,1890.0
2026-03-27,New Zealand,Finland,0.0,0.49771231312182507,0.6076610641268197,True,1585.0,1509.0,1.2824782850405765,1.2921663756126527,2054,0.36925196885573897,0.24771754663307763,1509.0
2026-03-27,South Africa,Panama,0.5,0.5932127446831753,0.35333115767438533,True,1528.0,1733.0,1.4864800037745063,1.0875392415236806,2055,0.021511749309136016,0.008688615771370827,1528.0
2026-03-27,Montenegro,Andorra,1.0,0.743108400094763,0.9338859386628043,True,1443.0,1083.0,1.935370494270853,0.8149785391063304,2056,0.004371069106498471,0.06599329410187238,1083.0
2026-03-27,Switzerland,Germany,0.0,0.48615678174599297,0.6226501957872621,True,1897.0,1910.0,1.3772293200875947,1.438370358229719,2057,0.3876932663139158,0.23634841643762106,1897.0
2026-03-27,Netherlands,Norway,1.0,0.5138149359310389,0.6875382482123418,True,1959.0,1922.0,1.48275306602527,1.4207204139548624,2058,0.09763234633021214,0.23637591652373982,1922.0
2026-03-27,Spain,Serbia,1.0,0.8046584010046716,0.9335296284754416,True,2172.0,1813.0,2.393838085337469,0.8246769493501506,2059,0.00441831029061282,0.0381583402980517,1813.0
2026-03-27,Colombia,Croatia,0.0,0.5685611193123165,0.6936879164219654,True,1986.0,1944.0,1.4804306614730627,1.1834576664230056,2060,0.4812029253898476,0.32326174639367417,1944.0
2026-03-27,Rwanda,Grenada,1.0,0.625280059935018,0.7479995411960544,True,1308.0,1119.0,1.5496510280548481,1.0116158318925748,2061,0.0635042312373991,0.1404150334823037,1119.0
2026-03-27,Libya,Niger,0.5,0.5064216745834635,0.667418421873223,True,1425.0,1404.0,1.1512808948095776,1.1253806813080798,2062,0.028028927982520466,4.123790445590168e-05,1404.0
2026-03-27,Somalia,Mauritius,0.5,0.4885682339414089,0.4569335079777882,True,961.0,1091.0,1.2758438349896677,1.3246135253016185,2063,0.0018547227350992326,0.00013068527521835517,961.0
2026-03-27,Australia,Cameroon,1.0,0.5455800069641557,0.7245382428425361,True,1774.0,1606.0,1.2940810879327795,1.1058318824094209,2064,0.07587917965627762,0.20649753007069682,1606.0
2026-03-27,Indonesia,Saint Kitts and Nevis,1.0,0.5183552805817898,0.8737104209450813,True,1341.0,1005.0,1.233777425865114,1.15816669353717,2066,0.01594905777786855,0.2319816357434464,1005.0
2026-03-27,Iran,Nigeria,0.0,0.5676029881507676,0.6609990912463583,True,1755.0,1739.0,1.4234220124068175,1.1357551608676604,2067,0.43691979862851144,0.32217315215768044,1739.0
2026-03-27,Morocco,Ecuador,0.5,0.6419203853842284,0.46122190794282847,True,1806.0,1933.0,1.535295384636749,0.9334118175622688,2068,0.0015037404235944698,0.0201413957876079,1806.0
2026-03-27,Saudi Arabia,Egypt,0.0,0.5238220078642463,0.5473485180458647,True,1592.0,1659.0,1.290961705693522,1.1912312171199735,2069,0.2995904002070043,0.2743894959229305,1592.0
2026-03-27,Uzbekistan,Gabon,1.0,0.6281335675139443,0.8652197052285583,True,1728.0,1405.0,1.7562423550415673,1.1716363093573239,2070,0.018165727858676716,0.1382846436099062,1405.0
2026-03-27,Jordan,Costa Rica,0.5,0.6112969176070759,0.7117225243427553,True,1689.0,1632.0,1.5505455840937097,1.0690758440684773,2071,0.044826427314068606,0.01238700386883625,1632.0
2026-03-27,Benin,Liberia,1.0,0.6382895666967523,0.7711142606875975,True,1410.0,1299.0,1.523907067495683,0.9385568472025373,2072,0.052388681660585086,0.1308344375604232,1299.0
2026-03-27,Chad,Burundi,0.0,0.4726542260652469,0.4726840269935071,True,1120.0,1239.0,1.2323274575476304,1.348718224056742,2073,0.22343018937479853,0.2234020174173375,1120.0
2026-03-27,Chile,Cabo Verde,1.0,0.5785489685405756,0.726830072276731,True,1731.0,1561.0,1.3752150665559795,1.0484022510306628,2074,0.074621809412336,0.17762097191821274,1561.0
2026-03-27,São Tomé and Príncipe,Ethiopia,0.0,0.4522214255694724,0.3493953720661275,True,1056.0,1264.0,1.2017407878471027,1.4062932847836553,2075,0.12207712602122765,0.2045042177440859,1056.0
2026-03-27,Austria,Ghana,1.0,0.7456120986141377,0.9132827941566174,True,1818.0,1509.0,2.0452451150512134,0.8791569804024323,2076,0.007519873789283591,0.06471320437150321,1509.0
2026-03-27,Guinea,Togo,0.5,0.6033859166345283,0.8019966441144332,True,1485.0,1342.0,1.6447410394614967,1.1826498707751822,2077,0.0912019730563796,0.010688647758361643,1342.0
2026-03-27,Kenya,Estonia,0.0,0.5866805887071725,0.47842666694885455,True,1344.0,1359.0,1.428991226982581,1.063539163900095,2078,0.22889207564779018,0.34419411316579457,1344.0
2026-03-27,Algeria,Guatemala,1.0,0.7224178291829206,0.8504903015468027,True,1728.0,1526.0,2.02289290434647,0.9671730814674971,2079,0.022353149931565983,0.07705186155552222,1526.0
2026-03-28,Senegal,Peru,1.0,0.6637872656875257,0.8179376310581157,True,1869.0,1708.0,1.6082261051795992,0.9043236767270536,2080,0.033146706184730805,0.11303900271387046,1708.0
2026-03-28,Hungary,Slovenia,1.0,0.5704145228767683,0.6440338538222926,True,1698.0,1695.0,1.5130591946857739,1.2052482895736023,2081,0.12671189722460893,0.18454368215519462,1695.0
2026-03-28,San Marino,Faroe Islands,0.0,0.19053501200304662,0.07050909562522961,True,833.0,1381.0,0.8213844949126553,2.4210219082901383,2082,0.004971532565887774,0.03630359079900112,833.0
2026-03-28,USA,Belgium,0.0,0.4718299296402674,0.4971218004251891,True,1747.0,1849.0,1.3121060762191166,1.435326411785712,2083,0.24713008445798154,0.22262348250433966,1747.0
2026-03-28,Canada,Iceland,0.5,0.6940241996852277,0.8780900739425958,True,1805.0,1562.0,1.8745313723495767,0.9826473106011677,2084,0.14295210401391753,0.0376453900634931,1562.0
2026-03-28,Argentina,Mauritania,1.0,0.8863332972414302,0.9944716895404954,True,2113.0,1311.0,2.7070020820912184,0.5423708556439718,2085,3.0562216536668373e-05,0.012920119316005065,1311.0
2026-03-28,Burkina Faso,Guinea-Bissau,1.0,0.704098378159896,0.904220144369614,True,1534.0,1244.0,1.8060764157551066,0.8891846450446215,2087,0.009173780744577593,0.08755776980760394,1244.0
2026-03-28,Botswana,Zimbabwe,0.0,0.47203582086151524,0.5615679389736461,True,1285.0,1342.0,1.0896871504351768,1.2027982609507506,2088,0.3153585500831087,0.2228178161764045,1285.0
2026-03-28,South Korea,Côte d'Ivoire,0.0,0.5339253230686969,0.8056276940436502,True,1784.0,1637.0,1.4286340438223555,1.2809674614735367,2089,0.6490359814100892,0.28507625061401237,1637.0
2026-03-28,Kyrgyzstan,Madagascar,0.0,0.45084736475481524,0.5530468951694625,True,1305.0,1368.0,1.1282251679716002,1.3334688568460211,2090,0.30586086825658243,0.20326334630636142,1305.0
2026-03-28,Scotland,Japan,0.0,0.4665797804558144,0.5172625244323762,True,1790.0,1878.0,1.2290617949842795,1.3718307412485995,2091,0.26756051918215457,0.21769669153019594,1790.0
2026-03-28,Namibia,Comoros,1.0,0.47342956011463905,0.3950870979920432,True,1300.0,1374.0,1.1354518064722803,1.2446518464669876,2092,0.3659196190156879,0.27727642816106257,1300.0
2026-03-29,Lithuania,Georgia,0.0,0.34998530977630715,0.19168232745054142,True,1297.0,1647.0,1.003889208725039,1.6632655352407673,2093,0.03674211465685659,0.12248971705921768,1297.0
2026-03-29,Armenia,Belarus,0.0,0.5185979907652698,0.47986327796418354,True,1389.0,1503.0,1.3608467539945706,1.280832317548896,2094,0.2302687655385313,0.26894387602577485,1389.0
2026-03-29,Colombia,France,0.0,0.5033175677671868,0.5215733330511455,True,1986.0,2071.0,1.3019094612266933,1.2877341056727627,2095,0.27203874175008114,0.25332857402307674,1986.0
2026-03-29,US Virgin Islands,Puerto Rico,0.0,0.22685896156411994,0.050412142212975915,True,627.0,1137.0,0.9704767007129276,2.3686148726562415,2096,0.002541384082501308,0.05146498844195085,627.0
2026-03-29,Mexico,Portugal,0.5,0.4118376221781133,0.47555453887933863,True,1858.0,1975.0,1.1815141071761703,1.5696523483717566,2097,0.0005975805694017667,0.007772604863209097,1858.0
2026-03-29,Barbados,Saint Vincent and the Grenadines,0.0,0.5480713152210339,0.31992932426277854,True,904.0,1135.0,1.6396908176436105,1.418541059675284,2098,0.10235477252323809,0.30038216656811395,904.0
2026-03-29,Aruba,Liechtenstein,1.0,0.5684062149344264,0.5387780920571715,True,955.0,928.0,1.5604482746105284,1.2566800634105173,2099,0.21272564836642294,0.1862731953072285,928.0
2026-03-29,British Virgin Islands,Anguilla,1.0,0.5598156653014069,0.6775605800851006,True,701.0,672.0,1.3384691419431463,1.089883176449027,2100,0.10396717951505685,0.19376224851404303,672.0
2026-03-29,Haiti,Tunisia,0.0,0.5828515354585252,0.5057562084111449,True,1530.0,1626.0,1.5171684725935628,1.157064786616788,2101,0.2557893423464174,0.33971591238636045,1530.0
2026-03-29,Lesotho,Seychelles,1.0,0.709365088828439,0.9271934651024006,True,1200.0,858.0,1.8618518945839762,0.9076984076532167,2102,0.0053007915237953535,0.08446865159170118,858.0
2026-03-29,South Sudan,Djibouti,0.0,0.6718692793999982,0.8756036686409934,True,1144.0,905.0,1.738132969806789,0.9723076596308167,2103,0.7666817845375665,0.45140832860147284,905.0
2026-03-29,Macau,Tanzania,0.0,0.07057730828703337,0.015425826400872792,True,590.0,1312.0,0.5711809009800334,3.4020417115941477,2104,0.000237956120149864,0.00498115644504295,590.0
2026-03-30,Cyprus,Moldova,1.0,0.6432408422078001,0.6750402010402987,True,1295.0,1268.0,1.8211899608567483,1.1599433618620913,2105,0.10559887093992948,0.1272770966685998,1268.0
2026-03-30,New Zealand,Chile,1.0,0.37122893129057943,0.24983651817135802,True,1552.0,1743.0,0.9941542845006415,1.5453446764975336,2106,0.5627452494692713,0.39535305684598687,1552.0
2026-03-30,Dominican Republic,Cuba,0.5,0.6774153130521701,0.6973450785898532,True,1284.0,1239.0,1.8373271200271375,1.0255541369201657,2107,0.038945080043635324,0.031476193305399504,1239.0
2026-03-30,Guyana,Belize,1.0,0.6197991314347335,0.8467934030726807,True,1281.0,1084.0,1.780622387748576,1.2281821535749913,2108,0.023472261342050084,0.14455270045778304,1084.0
2026-03-30,Cayman Islands,Bahamas,1.0,0.654626002573186,0.7801296039931584,True,805.0,685.0,1.8101939819613881,1.1019019341997494,2109,0.04834299104020533,0.1192831980985769,685.0
2026-03-30,Azerbaijan,Sierra Leone,1.0,0.47218520570840605,0.5,True,1344.0,1344.0,1.2973730934156262,1.4184208773009241,2110,0.25,0.2785884570730776,1344.0
2026-03-30,Saint Kitts and Nevis,Solomon Islands,1.0,0.4533476608839259,0.3854986389914422,True,1001.0,1082.0,1.203978619980673,1.4036794108745292,2111,0.3776119226813699,0.2988287798610752,1001.0
2026-03-30,Grenada,Kenya,0.0,0.3618669955731678,0.2054180849637705,True,1110.0,1345.0,0.9281000294577613,1.5101100111506016,2112,0.042196589630182836,0.13094772248515105,1110.0
2026-03-30,Germany,Ghana,1.0,0.7986901968631808,0.9512158141101019,True,1922.0,1506.0,2.3017637945483274,0.7979225960110602,2113,0.002379896792940131,0.04052563683898491,1506.0
2026-03-30,Trinidad and Tobago,Gabon,0.0,0.37995225472419164,0.48705085510713625,True,1392.0,1401.0,1.2169450756941467,1.7680814270798564,2114,0.23721853546059263,0.14436371586999702,1392.0
2026-03-30,Cabo Verde,Finland,1.0,0.4952395574547487,0.5100724469274385,True,1549.0,1542.0,1.244660643718149,1.2646412897361332,2115,0.24002900725966758,0.25478310435847795,1542.0
2026-03-30,Rwanda,Estonia,1.0,0.5662178158691942,0.44126863067523897,True,1317.0,1358.0,1.4508810657769513,1.166357110896252,2116,0.3121807430675226,0.18816698326929232,1317.0
2026-03-30,Uzbekistan,Venezuela,1.0,0.5605735128721603,0.5143871841659987,True,1732.0,1722.0,1.4615108208413525,1.1994734040804569,2117,0.23581980690222765,0.19309563758951348,1722.0
2026-03-30,Indonesia,Bulgaria,0.0,0.4486500565210437,0.33900090875364175,True,1345.0,1461.0,1.137031680986496,1.3525351354122699,2118,0.11492161613579494,0.20128687321633573,1345.0
2026-03-31,Peru,Honduras,0.5,0.5808435220513103,0.7917488375081845,True,1699.0,1567.0,1.4075689401458196,1.06799915144315,2119,0.08511738418737703,0.006535675057660693,1567.0
2026-03-31,Haiti,Iceland,0.5,0.6144858387571454,0.581301478368915,True,1530.0,1573.0,1.72068911335975,1.2003596240830998,2120,0.006609930384971152,0.013107007275927085,1530.0
2026-03-31,South Africa,Panama,0.0,0.5956570918398101,0.3612622508882752,True,1531.0,1730.0,1.470437919650903,1.063685676815665,2121,0.13051041391686308,0.35480737105905996,1531.0
2026-03-31,Niger,Togo,0.0,0.5381228670465509,0.7140789025853503,True,1405.0,1346.0,1.3973834937789875,1.2335635080822382,2122,0.5099086791174983,0.2895762200383999,1346.0
2026-03-31,Russia,Mali,0.5,0.6164431174409699,0.9236177787081539,True,1922.0,1589.0,1.472840107662133,0.982759596557675,2123,0.17945202243763042,0.013558999599371511,1589.0
2026-03-31,Mauritius,Somalia,0.0,0.6001803342246121,0.7761545753418307,True,1084.0,968.0,1.534839962373144,1.101091997492006,2124,0.6024159248240576,0.36021643358996713,968.0
2026-03-31,Netherlands,Ecuador,0.5,0.6065216451967026,0.6863002576833125,True,1965.0,1929.0,1.569966236204703,1.1052367563833112,2125,0.034707786012868634,0.011346860895412193,1929.0
2026-03-31,Liberia,Libya,0.5,0.4803062368605933,0.4540780772195163,True,1292.0,1424.0,1.1790323993361373,1.260810678083057,2126,0.002108822991856706,0.0003878443065910534,1292.0
2026-03-31,Scotland,Côte d'Ivoire,0.0,0.46757536498840546,0.777153105314726,True,1780.0,1663.0,1.245048232712729,1.384212460607076,2127,0.6039669491003217,0.2186267219440406,1663.0
2026-03-31,Senegal,Gambia,1.0,0.6851018247293057,0.9604212774283489,True,1878.0,1424.0,1.7466724599083927,0.9239818337398091,2128,0.0015664752804037218,0.09916086078881291,1424.0
2026-03-31,Morocco,Paraguay,1.0,0.6991684183216916,0.5938553852361779,True,1810.0,1844.0,1.7459578534353426,0.8654593537767286,2129,0.1649534481016535,0.09049964053507271,1810.0
2026-03-31,Ukraine,Albania,1.0,0.5986745506202242,0.7670249181450214,True,1760.0,1653.0,1.4667599020102535,1.0483638970314388,2130,0.054277388765333986,0.16106211631987896,1653.0
2026-03-31,Czechia,Denmark,1.0,0.4963633449071957,0.6007782458900109,True,1844.0,1873.0,1.386253183281442,1.4021942820592153,2131,0.15937800895465656,0.25364988035306835,1844.0
2026-03-31,Slovakia,Romania,1.0,0.5199563174137611,0.6737761878883222,True,1663.0,1637.0,1.4264679652543293,1.338839652567658,2132,0.10642197558867528,0.23044193719095765,1637.0
2026-03-31,Bosnia & Herzegovina,Italy,1.0,0.3617676967583539,0.25967158048516964,True,1584.0,1866.0,1.1353052143748856,1.764183091629122,2133,0.5480861687413265,0.40734047290113656,1584.0
2026-03-31,Latvia,Gibraltar,1.0,0.7667481997414102,0.9047175302821824,True,1297.0,1006.0,2.1549336495036946,0.8565334815067748,2134,0.009078749035526832,0.05440640232387309,1006.0
2026-03-31,Hungary,Greece,0.5,0.48733178403313393,0.5784967523447427,True,1705.0,1750.0,1.3777710905016676,1.4336790256857601,2135,0.006161740128671874,0.00016048369578316045,1705.0
2026-03-31,Ireland,North Macedonia,0.5,0.5779765360656343,0.8320598405303332,True,1696.0,1518.0,1.529471958879599,1.1883295739381066,2136,0.11026373769303033,0.006080340176795161,1518.0
2026-03-31,Kosovo,Türkiye,0.0,0.47221286307685795,0.4327711556570478,True,1738.0,1885.0,1.2355838370786796,1.3540263964051704,2137,0.18729087316873672,0.2229849880552434,1738.0
2026-03-31,Luxembourg,Malta,1.0,0.649460776391426,0.8296328234313434,True,1424.0,1249.0,1.6319145843802214,0.9807970275885903,2138,0.029024974851975825,0.12287774728810187,1249.0
2026-03-31,Montenegro,Slovenia,0.0,0.45032969039000836,0.30509028727049736,True,1445.0,1688.0,1.2466210909505993,1.4628917940425543,2139,0.0930800833867946,0.2027968300467608,1445.0
2026-03-31,Wales,Northern Ireland,0.5,0.6080035794532668,0.7670249181450214,True,1703.0,1596.0,1.5920628373823136,1.1180218169565466,2140,0.07130230691035537,0.01166477317471811,1596.0
2026-03-31,Norway,Switzerland,0.5,0.6334644369340663,0.6800706757372215,True,1916.0,1885.0,1.7430382008577148,1.1378479575326896,2141,0.03242544826045956,0.01781275592612736,1885.0
2026-03-31,Sweden,Poland,1.0,0.5676315554052892,0.5798997603578815,True,1702.0,1746.0,1.642662095651596,1.334770540058181,2142,0.1764842113473654,0.1869424718812495,1702.0
2026-03-31,Ethiopia,São Tomé and Príncipe,1.0,0.6632139022490459,0.8762293189310646,True,1280.0,1040.0,1.7114966155097744,0.9874398726150145,2143,0.015319181492268125,0.11342487563831524,1040.0
2026-03-31,San Marino,Andorra,0.5,0.34420703103912265,0.29781739790947936,True,832.0,1081.0,1.0334355095532564,1.7301713301812065,2144,0.0408778045880938,0.024271449177644896,832.0
2026-03-31,Eswatini,Eritrea,0.0,0.552015585149914,0.7711142606875975,True,1286.0,1175.0,1.4162304062841424,1.1933086540869893,2145,0.59461720303578,0.30472120624840193,1175.0
2026-03-31,Vietnam,Malaysia,1.0,0.5947176443303356,0.6635740980412955,True,1331.0,1313.0,1.5935001874377166,1.174733953762632,2146,0.11318238750872783,0.16425378781715236,1313.0
2026-03-31,Spain,Egypt,0.5,0.8102023178862299,0.9683034863911132,True,2174.0,1680.0,2.357434841469461,0.7746603621870064,2147,0.21930815536607154,0.09622547802198961,1680.0
2026-03-31,Syria,Afghanistan,1.0,0.8229636963139225,0.963978055919827,True,1486.0,1015.0,2.2638196934972816,0.6561808353921511,2148,0.0012975804553151111,0.03134185282282905,1015.0
2026-03-31,Singapore,Bangladesh,1.0,0.671512288810562,0.8437822479242926,True,1131.0,938.0,1.7291854572543972,0.9668612709906831,2150,0.024403986063587194,0.10790417640247561,938.0
2026-03-31,Bhutan,Brunei Darussalam,1.0,0.6287260232046742,0.5854986786718095,True,615.0,655.0,1.8353495069730907,1.2350683194877905,2151,0.17181134538281584,0.13784436584541612,615.0
2026-03-31,Cameroon,China,1.0,0.5993147104261339,0.7210782431975601,True,1601.0,1436.0,1.3477831861053329,0.9433143077999078,2152,0.07779734641775944,0.1605487012808929,1436.0
2026-03-31,Chinese Taipei,Sri Lanka,0.0,0.4783314255170545,0.7425355589430698,True,866.0,782.0,1.20190322173737,1.2927549283028412,2153,0.551359056294897,0.22880095263717745,782.0
2026-03-31,India,Hong Kong,1.0,0.5391651093918717,0.6240017586176672,True,1123.0,1135.0,1.4461112574973838,1.275264576800484,2154,0.14137467752260705,0.2123687964018056,1123.0
2026-03-31,Iran,Costa Rica,1.0,0.688453012865752,0.7649612635526892,True,1739.0,1634.0,1.8534794489261996,0.9906753644531728,2155,0.055243207630748414,0.09706152519242729,1634.0
2026-03-31,England,Japan,0.0,0.66235843617366,0.8065275228171078,True,2036.0,1888.0,1.721291261955288,0.9986838244631653,2156,0.6504866450615003,0.4387186979704164,1888.0
2026-03-31,Jordan,Nigeria,0.5,0.4684848039335455,0.5459219227804837,True,1687.0,1755.0,1.1291350405822198,1.2588728973170997,2157,0.002108822991856706,0.0009932075831070677,1687.0
2026-03-31,Nepal,Laos,0.0,0.6962363366059522,0.8569591392644484,True,919.0,708.0,1.8369221108621279,0.9450941256738993,2158,0.7343789663688643,0.4847450364104768,708.0
2026-03-31,Equatorial Guinea,Madagascar,0.5,0.546579865471908,0.6506046279338725,True,1390.0,1382.0,1.3335013415447436,1.138622672364342,2159,0.022681753955100175,0.002169683867381043,1382.0
2026-03-31,Maldives,East Timor,1.0,0.5848606167917026,0.8179376310581157,True,841.0,680.0,1.5533739707281142,1.1807878287449685,2160,0.033146706184730805,0.17234070749056557,680.0
2026-03-31,Tajikistan,Philippines,0.5,0.5624806349952785,0.8010809398289457,True,1297.0,1155.0,1.396319129091596,1.1319939499288825,2161,0.0906497323282812,0.003903829749413214,1155.0
2026-03-31,Serbia,Saudi Arabia,1.0,0.5922589530798268,0.8774725143294195,True,1813.0,1571.0,1.4707221654163483,1.0776520293089207,2162,0.015012984744754303,0.1662527613435589,1571.0
2026-03-31,Austria,South Korea,1.0,0.6189190036121263,0.718756829898782,True,1821.0,1758.0,1.701797700995385,1.1653878110535925,2163,0.07909772072858265,0.14522272580797463,1758.0
2026-03-31,Thailand,Turkmenistan,1.0,0.6283736713403831,0.809207997485838,True,1368.0,1217.0,1.5760093981300451,1.02095106409391,2164,0.03640158822336398,0.13810612815302556,1217.0
2026-03-31,Algeria,Uruguay,0.5,0.47167878112548955,0.41869852163108506,True,1739.0,1896.0,1.2876829892199153,1.4105897273634054,2165,0.0066099303849711435,0.0008020914385379267,1739.0
2026-03-31,Guinea,Benin,0.0,0.6019234962749341,0.7199190059471519,True,1481.0,1417.0,1.4349619553948174,1.0080254526366095,2166,0.5182833751239353,0.36231189536784064,1417.0
2026-03-31,Malawi,Botswana,0.0,0.5413036983144502,0.6347433350523167,True,1252.0,1256.0,1.3298244586069712,1.1566438888818245,2167,0.4028991013933376,0.29300969380890135,1252.0
2026-03-31,Burkina Faso,Guinea-Bissau,0.5,0.7076158301268898,0.908134935731807,True,1538.0,1240.0,1.8181604984688073,0.8832748363079775,2168,0.16657412576480626,0.04310433291927755,1240.0
2026-03-31,Burundi,Chad,1.0,0.6526948069914754,0.840723042661615,True,1274.0,1085.0,1.6680247532858858,0.9964255606674057,2169,0.02536914913897371,0.12062089709068852,1085.0
2026-03-31,Kazakhstan,Comoros,1.0,0.4971614787822353,0.5714631174083814,True,1421.0,1371.0,1.3156432425592952,1.3278041011006245,2170,0.1836438597413427,0.2528465784204683,1371.0
2026-03-31,DR Congo,Jamaica,1.0,0.6097116394411523,0.7490830628775357,True,1640.0,1550.0,1.4128501418082693,0.9585918945950515,2171,0.06295930933491871,0.15232500438771315,1550.0
2026-03-31,Pakistan,Myanmar,0.0,0.362021640134162,0.15246127600415,True,830.0,1228.0,1.0447590097286905,1.6525016235751515,2172,0.0232444406808136,0.1310596679254287,830.0
2026-04-01,Mexico,Belgium,0.5,0.4795870073768804,0.6293885472175023,True,1858.0,1866.0,1.2599179121269484,1.3471485580946616,2173,0.016741396151055812,0.0004166902678315342,1858.0
2026-04-01,Argentina,Zambia,1.0,0.8735988309594072,0.9922531970921242,True,2113.0,1370.0,2.587371258591845,0.5608966433972432,2174,6.001295529347251e-05,0.015977255534828528,1370.0
2026-04-01,USA,Portugal,0.0,0.38170366316225823,0.2812431701012181,True,1721.0,1984.0,1.1877876164844714,1.7247310953551227,2175,0.07909772072858269,0.1456976864714867,1721.0
2026-04-01,Iraq,Bolivia,1.0,0.6001841058563269,0.5882899718631628,True,1607.0,1645.0,1.549522231888741,1.1137689325816265,2176,0.1695051472684353,0.15985274920990483,1607.0
2026-04-01,Canada,Tunisia,0.5,0.6486842082633307,0.8065275228171078,True,1784.0,1636.0,1.6000738361119933,0.9584585200857699,2177,0.09395912224439255,0.022106993786893507,1636.0
2026-04-01,Croatia,Brazil,0.0,0.5659505671556628,0.5658152030692333,True,1930.0,1984.0,1.5261482203239936,1.235932227907257,2178,0.3201468440242777,0.32030004446381644,1930.0
